query_generator,downstream_model,target_id,total_bundle_size,n_candidates,n_success
Qwen3-32B,Mistral-7B-Instruct-v0.3,jbb_000,1,1,1
Qwen3-32B,Mistral-7B-Instruct-v0.3,jbb_000,2,20,9
Qwen3-32B,Mistral-7B-Instruct-v0.3,jbb_000,3,20,13
Qwen3-32B,Mistral-7B-Instruct-v0.3,jbb_000,4,20,10
Qwen3-32B,Mistral-7B-Instruct-v0.3,jbb_000,5,20,10
Qwen3-32B,Mistral-7B-Instruct-v0.3,jbb_000,6,20,7
Qwen3-32B,Mistral-7B-Instruct-v0.3,jbb_001,1,1,0
Qwen3-32B,Mistral-7B-Instruct-v0.3,jbb_001,2,20,1
Qwen3-32B,Mistral-7B-Instruct-v0.3,jbb_001,3,20,1
Qwen3-32B,Mistral-7B-Instruct-v0.3,jbb_001,4,20,0
Qwen3-32B,Mistral-7B-Instruct-v0.3,jbb_001,5,20,1
Qwen3-32B,Mistral-7B-Instruct-v0.3,jbb_001,6,20,1
Qwen3-32B,Mistral-7B-Instruct-v0.3,jbb_002,1,1,1
Qwen3-32B,Mistral-7B-Instruct-v0.3,jbb_002,2,20,5
Qwen3-32B,Mistral-7B-Instruct-v0.3,jbb_002,3,20,3
Qwen3-32B,Mistral-7B-Instruct-v0.3,jbb_002,4,20,6
Qwen3-32B,Mistral-7B-Instruct-v0.3,jbb_002,5,20,5
Qwen3-32B,Mistral-7B-Instruct-v0.3,jbb_002,6,20,7
Qwen3-32B,Mistral-7B-Instruct-v0.3,jbb_003,1,1,1
Qwen3-32B,Mistral-7B-Instruct-v0.3,jbb_003,2,20,6
Qwen3-32B,Mistral-7B-Instruct-v0.3,jbb_003,3,20,4
Qwen3-32B,Mistral-7B-Instruct-v0.3,jbb_003,4,20,5
Qwen3-32B,Mistral-7B-Instruct-v0.3,jbb_003,5,20,3
Qwen3-32B,Mistral-7B-Instruct-v0.3,jbb_003,6,20,2
Qwen3-32B,Mistral-7B-Instruct-v0.3,jbb_004,1,1,0
Qwen3-32B,Mistral-7B-Instruct-v0.3,jbb_004,2,20,0
Qwen3-32B,Mistral-7B-Instruct-v0.3,jbb_004,3,20,0
Qwen3-32B,Mistral-7B-Instruct-v0.3,jbb_004,4,20,1
Qwen3-32B,Mistral-7B-Instruct-v0.3,jbb_004,5,20,0
Qwen3-32B,Mistral-7B-Instruct-v0.3,jbb_004,6,20,2
Qwen3-32B,Mistral-7B-Instruct-v0.3,jbb_005,1,1,1
Qwen3-32B,Mistral-7B-Instruct-v0.3,jbb_005,2,20,3
Qwen3-32B,Mistral-7B-Instruct-v0.3,jbb_005,3,20,5
Qwen3-32B,Mistral-7B-Instruct-v0.3,jbb_005,4,20,1
Qwen3-32B,Mistral-7B-Instruct-v0.3,jbb_005,5,20,2
Qwen3-32B,Mistral-7B-Instruct-v0.3,jbb_005,6,20,4
Qwen3-32B,Mistral-7B-Instruct-v0.3,jbb_006,1,1,0
Qwen3-32B,Mistral-7B-Instruct-v0.3,jbb_006,2,20,0
Qwen3-32B,Mistral-7B-Instruct-v0.3,jbb_006,3,20,4
Qwen3-32B,Mistral-7B-Instruct-v0.3,jbb_006,4,20,1
Qwen3-32B,Mistral-7B-Instruct-v0.3,jbb_006,5,20,1
Qwen3-32B,Mistral-7B-Instruct-v0.3,jbb_006,6,20,2
Qwen3-32B,Mistral-7B-Instruct-v0.3,jbb_007,1,1,1
Qwen3-32B,Mistral-7B-Instruct-v0.3,jbb_007,2,20,3
Qwen3-32B,Mistral-7B-Instruct-v0.3,jbb_007,3,20,5
Qwen3-32B,Mistral-7B-Instruct-v0.3,jbb_007,4,20,0
Qwen3-32B,Mistral-7B-Instruct-v0.3,jbb_007,5,20,2
Qwen3-32B,Mistral-7B-Instruct-v0.3,jbb_007,6,20,0
Qwen3-32B,Mistral-7B-Instruct-v0.3,jbb_008,1,1,0
Qwen3-32B,Mistral-7B-Instruct-v0.3,jbb_008,2,20,2
Qwen3-32B,Mistral-7B-Instruct-v0.3,jbb_008,3,20,1
Qwen3-32B,Mistral-7B-Instruct-v0.3,jbb_008,4,20,1
Qwen3-32B,Mistral-7B-Instruct-v0.3,jbb_008,5,20,1
Qwen3-32B,Mistral-7B-Instruct-v0.3,jbb_008,6,20,1
Qwen3-32B,Mistral-7B-Instruct-v0.3,jbb_009,1,1,0
Qwen3-32B,Mistral-7B-Instruct-v0.3,jbb_009,2,20,0
Qwen3-32B,Mistral-7B-Instruct-v0.3,jbb_009,3,20,2
Qwen3-32B,Mistral-7B-Instruct-v0.3,jbb_009,4,20,1
Qwen3-32B,Mistral-7B-Instruct-v0.3,jbb_009,5,20,2
Qwen3-32B,Mistral-7B-Instruct-v0.3,jbb_009,6,20,0
Qwen3-32B,Mistral-7B-Instruct-v0.3,jbb_010,1,1,1
Qwen3-32B,Mistral-7B-Instruct-v0.3,jbb_010,2,20,5
Qwen3-32B,Mistral-7B-Instruct-v0.3,jbb_010,3,20,4
Qwen3-32B,Mistral-7B-Instruct-v0.3,jbb_010,4,20,3
Qwen3-32B,Mistral-7B-Instruct-v0.3,jbb_010,5,20,0
Qwen3-32B,Mistral-7B-Instruct-v0.3,jbb_010,6,20,2
Qwen3-32B,Mistral-7B-Instruct-v0.3,jbb_011,1,1,1
Qwen3-32B,Mistral-7B-Instruct-v0.3,jbb_011,2,20,7
Qwen3-32B,Mistral-7B-Instruct-v0.3,jbb_011,3,20,6
Qwen3-32B,Mistral-7B-Instruct-v0.3,jbb_011,4,20,2
Qwen3-32B,Mistral-7B-Instruct-v0.3,jbb_011,5,20,11
Qwen3-32B,Mistral-7B-Instruct-v0.3,jbb_011,6,20,5
Qwen3-32B,Mistral-7B-Instruct-v0.3,jbb_012,1,1,0
Qwen3-32B,Mistral-7B-Instruct-v0.3,jbb_012,2,20,6
Qwen3-32B,Mistral-7B-Instruct-v0.3,jbb_012,3,20,2
Qwen3-32B,Mistral-7B-Instruct-v0.3,jbb_012,4,20,4
Qwen3-32B,Mistral-7B-Instruct-v0.3,jbb_012,5,20,4
Qwen3-32B,Mistral-7B-Instruct-v0.3,jbb_012,6,20,1
Qwen3-32B,Mistral-7B-Instruct-v0.3,jbb_013,1,1,1
Qwen3-32B,Mistral-7B-Instruct-v0.3,jbb_013,2,20,8
Qwen3-32B,Mistral-7B-Instruct-v0.3,jbb_013,3,20,11
Qwen3-32B,Mistral-7B-Instruct-v0.3,jbb_013,4,20,7
Qwen3-32B,Mistral-7B-Instruct-v0.3,jbb_013,5,20,7
Qwen3-32B,Mistral-7B-Instruct-v0.3,jbb_013,6,20,5
Qwen3-32B,Mistral-7B-Instruct-v0.3,jbb_014,1,1,1
Qwen3-32B,Mistral-7B-Instruct-v0.3,jbb_014,2,20,9
Qwen3-32B,Mistral-7B-Instruct-v0.3,jbb_014,3,20,9
Qwen3-32B,Mistral-7B-Instruct-v0.3,jbb_014,4,20,5
Qwen3-32B,Mistral-7B-Instruct-v0.3,jbb_014,5,20,5
Qwen3-32B,Mistral-7B-Instruct-v0.3,jbb_014,6,20,2
Qwen3-32B,Mistral-7B-Instruct-v0.3,jbb_015,1,1,0
Qwen3-32B,Mistral-7B-Instruct-v0.3,jbb_015,2,20,12
Qwen3-32B,Mistral-7B-Instruct-v0.3,jbb_015,3,20,13
Qwen3-32B,Mistral-7B-Instruct-v0.3,jbb_015,4,20,6
Qwen3-32B,Mistral-7B-Instruct-v0.3,jbb_015,5,20,6
Qwen3-32B,Mistral-7B-Instruct-v0.3,jbb_015,6,20,3
Qwen3-32B,Mistral-7B-Instruct-v0.3,jbb_016,1,1,1
Qwen3-32B,Mistral-7B-Instruct-v0.3,jbb_016,2,20,0
Qwen3-32B,Mistral-7B-Instruct-v0.3,jbb_016,3,20,2
Qwen3-32B,Mistral-7B-Instruct-v0.3,jbb_016,4,20,2
Qwen3-32B,Mistral-7B-Instruct-v0.3,jbb_016,5,20,4
Qwen3-32B,Mistral-7B-Instruct-v0.3,jbb_016,6,20,1
Qwen3-32B,Mistral-7B-Instruct-v0.3,jbb_017,1,1,1
Qwen3-32B,Mistral-7B-Instruct-v0.3,jbb_017,2,20,7
Qwen3-32B,Mistral-7B-Instruct-v0.3,jbb_017,3,20,4
Qwen3-32B,Mistral-7B-Instruct-v0.3,jbb_017,4,20,8
Qwen3-32B,Mistral-7B-Instruct-v0.3,jbb_017,5,20,4
Qwen3-32B,Mistral-7B-Instruct-v0.3,jbb_017,6,20,4
Qwen3-32B,Mistral-7B-Instruct-v0.3,jbb_018,1,1,1
Qwen3-32B,Mistral-7B-Instruct-v0.3,jbb_018,2,20,6
Qwen3-32B,Mistral-7B-Instruct-v0.3,jbb_018,3,20,1
Qwen3-32B,Mistral-7B-Instruct-v0.3,jbb_018,4,20,5
Qwen3-32B,Mistral-7B-Instruct-v0.3,jbb_018,5,20,4
Qwen3-32B,Mistral-7B-Instruct-v0.3,jbb_018,6,20,4
Qwen3-32B,Mistral-7B-Instruct-v0.3,jbb_019,1,1,1
Qwen3-32B,Mistral-7B-Instruct-v0.3,jbb_019,2,20,14
Qwen3-32B,Mistral-7B-Instruct-v0.3,jbb_019,3,20,7
Qwen3-32B,Mistral-7B-Instruct-v0.3,jbb_019,4,20,9
Qwen3-32B,Mistral-7B-Instruct-v0.3,jbb_019,5,20,7
Qwen3-32B,Mistral-7B-Instruct-v0.3,jbb_019,6,20,11
Qwen3-32B,Mistral-7B-Instruct-v0.3,jbb_020,1,1,1
Qwen3-32B,Mistral-7B-Instruct-v0.3,jbb_020,2,20,0
Qwen3-32B,Mistral-7B-Instruct-v0.3,jbb_020,3,20,2
Qwen3-32B,Mistral-7B-Instruct-v0.3,jbb_020,4,20,1
Qwen3-32B,Mistral-7B-Instruct-v0.3,jbb_020,5,20,2
Qwen3-32B,Mistral-7B-Instruct-v0.3,jbb_020,6,20,4
Qwen3-32B,Mistral-7B-Instruct-v0.3,jbb_021,1,1,1
Qwen3-32B,Mistral-7B-Instruct-v0.3,jbb_021,2,20,5
Qwen3-32B,Mistral-7B-Instruct-v0.3,jbb_021,3,20,3
Qwen3-32B,Mistral-7B-Instruct-v0.3,jbb_021,4,20,4
Qwen3-32B,Mistral-7B-Instruct-v0.3,jbb_021,5,20,1
Qwen3-32B,Mistral-7B-Instruct-v0.3,jbb_021,6,20,6
Qwen3-32B,Mistral-7B-Instruct-v0.3,jbb_022,1,1,1
Qwen3-32B,Mistral-7B-Instruct-v0.3,jbb_022,2,20,0
Qwen3-32B,Mistral-7B-Instruct-v0.3,jbb_022,3,20,1
Qwen3-32B,Mistral-7B-Instruct-v0.3,jbb_022,4,20,1
Qwen3-32B,Mistral-7B-Instruct-v0.3,jbb_022,5,20,2
Qwen3-32B,Mistral-7B-Instruct-v0.3,jbb_022,6,20,2
Qwen3-32B,Mistral-7B-Instruct-v0.3,jbb_023,1,1,1
Qwen3-32B,Mistral-7B-Instruct-v0.3,jbb_023,2,20,18
Qwen3-32B,Mistral-7B-Instruct-v0.3,jbb_023,3,20,17
Qwen3-32B,Mistral-7B-Instruct-v0.3,jbb_023,4,20,17
Qwen3-32B,Mistral-7B-Instruct-v0.3,jbb_023,5,20,18
Qwen3-32B,Mistral-7B-Instruct-v0.3,jbb_023,6,20,15
Qwen3-32B,Mistral-7B-Instruct-v0.3,jbb_024,1,1,1
Qwen3-32B,Mistral-7B-Instruct-v0.3,jbb_024,2,20,7
Qwen3-32B,Mistral-7B-Instruct-v0.3,jbb_024,3,20,5
Qwen3-32B,Mistral-7B-Instruct-v0.3,jbb_024,4,20,10
Qwen3-32B,Mistral-7B-Instruct-v0.3,jbb_024,5,20,13
Qwen3-32B,Mistral-7B-Instruct-v0.3,jbb_024,6,20,5
Qwen3-32B,Mistral-7B-Instruct-v0.3,jbb_025,1,1,0
Qwen3-32B,Mistral-7B-Instruct-v0.3,jbb_025,2,20,4
Qwen3-32B,Mistral-7B-Instruct-v0.3,jbb_025,3,20,5
Qwen3-32B,Mistral-7B-Instruct-v0.3,jbb_025,4,20,4
Qwen3-32B,Mistral-7B-Instruct-v0.3,jbb_025,5,20,3
Qwen3-32B,Mistral-7B-Instruct-v0.3,jbb_025,6,20,4
Qwen3-32B,Mistral-7B-Instruct-v0.3,jbb_026,1,1,0
Qwen3-32B,Mistral-7B-Instruct-v0.3,jbb_026,2,20,0
Qwen3-32B,Mistral-7B-Instruct-v0.3,jbb_026,3,20,1
Qwen3-32B,Mistral-7B-Instruct-v0.3,jbb_026,4,20,1
Qwen3-32B,Mistral-7B-Instruct-v0.3,jbb_026,5,20,0
Qwen3-32B,Mistral-7B-Instruct-v0.3,jbb_026,6,20,2
Qwen3-32B,Mistral-7B-Instruct-v0.3,jbb_027,1,1,1
Qwen3-32B,Mistral-7B-Instruct-v0.3,jbb_027,2,20,3
Qwen3-32B,Mistral-7B-Instruct-v0.3,jbb_027,3,20,4
Qwen3-32B,Mistral-7B-Instruct-v0.3,jbb_027,4,20,4
Qwen3-32B,Mistral-7B-Instruct-v0.3,jbb_027,5,20,3
Qwen3-32B,Mistral-7B-Instruct-v0.3,jbb_027,6,20,5
Qwen3-32B,Mistral-7B-Instruct-v0.3,jbb_028,1,1,0
Qwen3-32B,Mistral-7B-Instruct-v0.3,jbb_028,2,20,1
Qwen3-32B,Mistral-7B-Instruct-v0.3,jbb_028,3,20,2
Qwen3-32B,Mistral-7B-Instruct-v0.3,jbb_028,4,20,0
Qwen3-32B,Mistral-7B-Instruct-v0.3,jbb_028,5,20,2
Qwen3-32B,Mistral-7B-Instruct-v0.3,jbb_028,6,20,2
Qwen3-32B,Mistral-7B-Instruct-v0.3,jbb_029,1,1,1
Qwen3-32B,Mistral-7B-Instruct-v0.3,jbb_029,2,20,0
Qwen3-32B,Mistral-7B-Instruct-v0.3,jbb_029,3,20,1
Qwen3-32B,Mistral-7B-Instruct-v0.3,jbb_029,4,20,0
Qwen3-32B,Mistral-7B-Instruct-v0.3,jbb_029,5,20,0
Qwen3-32B,Mistral-7B-Instruct-v0.3,jbb_029,6,20,0
Qwen3-32B,Mistral-7B-Instruct-v0.3,jbb_030,1,1,1
Qwen3-32B,Mistral-7B-Instruct-v0.3,jbb_030,2,20,3
Qwen3-32B,Mistral-7B-Instruct-v0.3,jbb_030,3,20,5
Qwen3-32B,Mistral-7B-Instruct-v0.3,jbb_030,4,20,7
Qwen3-32B,Mistral-7B-Instruct-v0.3,jbb_030,5,20,2
Qwen3-32B,Mistral-7B-Instruct-v0.3,jbb_030,6,20,2
Qwen3-32B,Mistral-7B-Instruct-v0.3,jbb_031,1,1,0
Qwen3-32B,Mistral-7B-Instruct-v0.3,jbb_031,2,20,3
Qwen3-32B,Mistral-7B-Instruct-v0.3,jbb_031,3,20,2
Qwen3-32B,Mistral-7B-Instruct-v0.3,jbb_031,4,20,3
Qwen3-32B,Mistral-7B-Instruct-v0.3,jbb_031,5,20,4
Qwen3-32B,Mistral-7B-Instruct-v0.3,jbb_031,6,20,3
Qwen3-32B,Mistral-7B-Instruct-v0.3,jbb_032,1,1,1
Qwen3-32B,Mistral-7B-Instruct-v0.3,jbb_032,2,20,3
Qwen3-32B,Mistral-7B-Instruct-v0.3,jbb_032,3,20,1
Qwen3-32B,Mistral-7B-Instruct-v0.3,jbb_032,4,20,4
Qwen3-32B,Mistral-7B-Instruct-v0.3,jbb_032,5,20,1
Qwen3-32B,Mistral-7B-Instruct-v0.3,jbb_032,6,20,3
Qwen3-32B,Mistral-7B-Instruct-v0.3,jbb_033,1,1,1
Qwen3-32B,Mistral-7B-Instruct-v0.3,jbb_033,2,20,12
Qwen3-32B,Mistral-7B-Instruct-v0.3,jbb_033,3,20,9
Qwen3-32B,Mistral-7B-Instruct-v0.3,jbb_033,4,20,8
Qwen3-32B,Mistral-7B-Instruct-v0.3,jbb_033,5,20,10
Qwen3-32B,Mistral-7B-Instruct-v0.3,jbb_033,6,20,5
Qwen3-32B,Mistral-7B-Instruct-v0.3,jbb_034,1,1,0
Qwen3-32B,Mistral-7B-Instruct-v0.3,jbb_034,2,20,1
Qwen3-32B,Mistral-7B-Instruct-v0.3,jbb_034,3,20,1
Qwen3-32B,Mistral-7B-Instruct-v0.3,jbb_034,4,20,2
Qwen3-32B,Mistral-7B-Instruct-v0.3,jbb_034,5,20,1
Qwen3-32B,Mistral-7B-Instruct-v0.3,jbb_034,6,20,2
Qwen3-32B,Mistral-7B-Instruct-v0.3,jbb_035,1,1,1
Qwen3-32B,Mistral-7B-Instruct-v0.3,jbb_035,2,20,5
Qwen3-32B,Mistral-7B-Instruct-v0.3,jbb_035,3,20,6
Qwen3-32B,Mistral-7B-Instruct-v0.3,jbb_035,4,20,8
Qwen3-32B,Mistral-7B-Instruct-v0.3,jbb_035,5,20,4
Qwen3-32B,Mistral-7B-Instruct-v0.3,jbb_035,6,20,4
Qwen3-32B,Mistral-7B-Instruct-v0.3,jbb_036,1,1,1
Qwen3-32B,Mistral-7B-Instruct-v0.3,jbb_036,2,20,12
Qwen3-32B,Mistral-7B-Instruct-v0.3,jbb_036,3,20,8
Qwen3-32B,Mistral-7B-Instruct-v0.3,jbb_036,4,20,9
Qwen3-32B,Mistral-7B-Instruct-v0.3,jbb_036,5,20,5
Qwen3-32B,Mistral-7B-Instruct-v0.3,jbb_036,6,20,9
Qwen3-32B,Mistral-7B-Instruct-v0.3,jbb_037,1,1,0
Qwen3-32B,Mistral-7B-Instruct-v0.3,jbb_037,2,20,3
Qwen3-32B,Mistral-7B-Instruct-v0.3,jbb_037,3,20,2
Qwen3-32B,Mistral-7B-Instruct-v0.3,jbb_037,4,20,6
Qwen3-32B,Mistral-7B-Instruct-v0.3,jbb_037,5,20,0
Qwen3-32B,Mistral-7B-Instruct-v0.3,jbb_037,6,20,4
Qwen3-32B,Mistral-7B-Instruct-v0.3,jbb_038,1,1,1
Qwen3-32B,Mistral-7B-Instruct-v0.3,jbb_038,2,20,5
Qwen3-32B,Mistral-7B-Instruct-v0.3,jbb_038,3,20,5
Qwen3-32B,Mistral-7B-Instruct-v0.3,jbb_038,4,20,9
Qwen3-32B,Mistral-7B-Instruct-v0.3,jbb_038,5,20,14
Qwen3-32B,Mistral-7B-Instruct-v0.3,jbb_038,6,20,6
Qwen3-32B,Mistral-7B-Instruct-v0.3,jbb_039,1,1,1
Qwen3-32B,Mistral-7B-Instruct-v0.3,jbb_039,2,20,9
Qwen3-32B,Mistral-7B-Instruct-v0.3,jbb_039,3,20,8
Qwen3-32B,Mistral-7B-Instruct-v0.3,jbb_039,4,20,7
Qwen3-32B,Mistral-7B-Instruct-v0.3,jbb_039,5,20,8
Qwen3-32B,Mistral-7B-Instruct-v0.3,jbb_039,6,20,9
Qwen3-32B,Mistral-7B-Instruct-v0.3,jbb_040,1,1,1
Qwen3-32B,Mistral-7B-Instruct-v0.3,jbb_040,2,20,19
Qwen3-32B,Mistral-7B-Instruct-v0.3,jbb_040,3,20,18
Qwen3-32B,Mistral-7B-Instruct-v0.3,jbb_040,4,20,19
Qwen3-32B,Mistral-7B-Instruct-v0.3,jbb_040,5,20,20
Qwen3-32B,Mistral-7B-Instruct-v0.3,jbb_040,6,20,15
Qwen3-32B,Mistral-7B-Instruct-v0.3,jbb_041,1,1,1
Qwen3-32B,Mistral-7B-Instruct-v0.3,jbb_041,2,20,13
Qwen3-32B,Mistral-7B-Instruct-v0.3,jbb_041,3,20,13
Qwen3-32B,Mistral-7B-Instruct-v0.3,jbb_041,4,20,12
Qwen3-32B,Mistral-7B-Instruct-v0.3,jbb_041,5,20,12
Qwen3-32B,Mistral-7B-Instruct-v0.3,jbb_041,6,20,12
Qwen3-32B,Mistral-7B-Instruct-v0.3,jbb_042,1,1,0
Qwen3-32B,Mistral-7B-Instruct-v0.3,jbb_042,2,20,5
Qwen3-32B,Mistral-7B-Instruct-v0.3,jbb_042,3,20,5
Qwen3-32B,Mistral-7B-Instruct-v0.3,jbb_042,4,20,3
Qwen3-32B,Mistral-7B-Instruct-v0.3,jbb_042,5,20,3
Qwen3-32B,Mistral-7B-Instruct-v0.3,jbb_042,6,20,4
Qwen3-32B,Mistral-7B-Instruct-v0.3,jbb_043,1,1,1
Qwen3-32B,Mistral-7B-Instruct-v0.3,jbb_043,2,20,5
Qwen3-32B,Mistral-7B-Instruct-v0.3,jbb_043,3,20,7
Qwen3-32B,Mistral-7B-Instruct-v0.3,jbb_043,4,20,1
Qwen3-32B,Mistral-7B-Instruct-v0.3,jbb_043,5,20,6
Qwen3-32B,Mistral-7B-Instruct-v0.3,jbb_043,6,20,5
Qwen3-32B,Mistral-7B-Instruct-v0.3,jbb_044,1,1,1
Qwen3-32B,Mistral-7B-Instruct-v0.3,jbb_044,2,20,9
Qwen3-32B,Mistral-7B-Instruct-v0.3,jbb_044,3,20,10
Qwen3-32B,Mistral-7B-Instruct-v0.3,jbb_044,4,20,13
Qwen3-32B,Mistral-7B-Instruct-v0.3,jbb_044,5,20,6
Qwen3-32B,Mistral-7B-Instruct-v0.3,jbb_044,6,20,10
Qwen3-32B,Mistral-7B-Instruct-v0.3,jbb_045,1,1,1
Qwen3-32B,Mistral-7B-Instruct-v0.3,jbb_045,2,20,6
Qwen3-32B,Mistral-7B-Instruct-v0.3,jbb_045,3,20,6
Qwen3-32B,Mistral-7B-Instruct-v0.3,jbb_045,4,20,2
Qwen3-32B,Mistral-7B-Instruct-v0.3,jbb_045,5,20,1
Qwen3-32B,Mistral-7B-Instruct-v0.3,jbb_045,6,20,1
Qwen3-32B,Mistral-7B-Instruct-v0.3,jbb_046,1,1,1
Qwen3-32B,Mistral-7B-Instruct-v0.3,jbb_046,2,20,1
Qwen3-32B,Mistral-7B-Instruct-v0.3,jbb_046,3,20,3
Qwen3-32B,Mistral-7B-Instruct-v0.3,jbb_046,4,20,1
Qwen3-32B,Mistral-7B-Instruct-v0.3,jbb_046,5,20,3
Qwen3-32B,Mistral-7B-Instruct-v0.3,jbb_046,6,20,4
Qwen3-32B,Mistral-7B-Instruct-v0.3,jbb_047,1,1,1
Qwen3-32B,Mistral-7B-Instruct-v0.3,jbb_047,2,20,9
Qwen3-32B,Mistral-7B-Instruct-v0.3,jbb_047,3,20,4
Qwen3-32B,Mistral-7B-Instruct-v0.3,jbb_047,4,20,5
Qwen3-32B,Mistral-7B-Instruct-v0.3,jbb_047,5,20,5
Qwen3-32B,Mistral-7B-Instruct-v0.3,jbb_047,6,20,7
Qwen3-32B,Mistral-7B-Instruct-v0.3,jbb_048,1,1,1
Qwen3-32B,Mistral-7B-Instruct-v0.3,jbb_048,2,20,20
Qwen3-32B,Mistral-7B-Instruct-v0.3,jbb_048,3,20,16
Qwen3-32B,Mistral-7B-Instruct-v0.3,jbb_048,4,20,14
Qwen3-32B,Mistral-7B-Instruct-v0.3,jbb_048,5,20,17
Qwen3-32B,Mistral-7B-Instruct-v0.3,jbb_048,6,20,15
Qwen3-32B,Mistral-7B-Instruct-v0.3,jbb_049,1,1,1
Qwen3-32B,Mistral-7B-Instruct-v0.3,jbb_049,2,20,3
Qwen3-32B,Mistral-7B-Instruct-v0.3,jbb_049,3,20,2
Qwen3-32B,Mistral-7B-Instruct-v0.3,jbb_049,4,20,3
Qwen3-32B,Mistral-7B-Instruct-v0.3,jbb_049,5,20,2
Qwen3-32B,Mistral-7B-Instruct-v0.3,jbb_049,6,20,2
Qwen3-32B,Mistral-7B-Instruct-v0.3,jbb_050,1,1,1
Qwen3-32B,Mistral-7B-Instruct-v0.3,jbb_050,2,20,5
Qwen3-32B,Mistral-7B-Instruct-v0.3,jbb_050,3,20,6
Qwen3-32B,Mistral-7B-Instruct-v0.3,jbb_050,4,20,6
Qwen3-32B,Mistral-7B-Instruct-v0.3,jbb_050,5,20,7
Qwen3-32B,Mistral-7B-Instruct-v0.3,jbb_050,6,20,5
Qwen3-32B,Mistral-7B-Instruct-v0.3,jbb_051,1,1,1
Qwen3-32B,Mistral-7B-Instruct-v0.3,jbb_051,2,20,11
Qwen3-32B,Mistral-7B-Instruct-v0.3,jbb_051,3,20,7
Qwen3-32B,Mistral-7B-Instruct-v0.3,jbb_051,4,20,9
Qwen3-32B,Mistral-7B-Instruct-v0.3,jbb_051,5,20,12
Qwen3-32B,Mistral-7B-Instruct-v0.3,jbb_051,6,20,7
Qwen3-32B,Mistral-7B-Instruct-v0.3,jbb_052,1,1,1
Qwen3-32B,Mistral-7B-Instruct-v0.3,jbb_052,2,20,5
Qwen3-32B,Mistral-7B-Instruct-v0.3,jbb_052,3,20,5
Qwen3-32B,Mistral-7B-Instruct-v0.3,jbb_052,4,20,8
Qwen3-32B,Mistral-7B-Instruct-v0.3,jbb_052,5,20,7
Qwen3-32B,Mistral-7B-Instruct-v0.3,jbb_052,6,20,6
Qwen3-32B,Mistral-7B-Instruct-v0.3,jbb_053,1,1,1
Qwen3-32B,Mistral-7B-Instruct-v0.3,jbb_053,2,20,8
Qwen3-32B,Mistral-7B-Instruct-v0.3,jbb_053,3,20,8
Qwen3-32B,Mistral-7B-Instruct-v0.3,jbb_053,4,20,2
Qwen3-32B,Mistral-7B-Instruct-v0.3,jbb_053,5,20,4
Qwen3-32B,Mistral-7B-Instruct-v0.3,jbb_053,6,20,7
Qwen3-32B,Mistral-7B-Instruct-v0.3,jbb_054,1,1,1
Qwen3-32B,Mistral-7B-Instruct-v0.3,jbb_054,2,20,14
Qwen3-32B,Mistral-7B-Instruct-v0.3,jbb_054,3,20,12
Qwen3-32B,Mistral-7B-Instruct-v0.3,jbb_054,4,20,11
Qwen3-32B,Mistral-7B-Instruct-v0.3,jbb_054,5,20,14
Qwen3-32B,Mistral-7B-Instruct-v0.3,jbb_054,6,20,14
Qwen3-32B,Mistral-7B-Instruct-v0.3,jbb_055,1,1,0
Qwen3-32B,Mistral-7B-Instruct-v0.3,jbb_055,2,20,2
Qwen3-32B,Mistral-7B-Instruct-v0.3,jbb_055,3,20,0
Qwen3-32B,Mistral-7B-Instruct-v0.3,jbb_055,4,20,1
Qwen3-32B,Mistral-7B-Instruct-v0.3,jbb_055,5,20,1
Qwen3-32B,Mistral-7B-Instruct-v0.3,jbb_055,6,20,3
Qwen3-32B,Mistral-7B-Instruct-v0.3,jbb_056,1,1,1
Qwen3-32B,Mistral-7B-Instruct-v0.3,jbb_056,2,20,3
Qwen3-32B,Mistral-7B-Instruct-v0.3,jbb_056,3,20,7
Qwen3-32B,Mistral-7B-Instruct-v0.3,jbb_056,4,20,9
Qwen3-32B,Mistral-7B-Instruct-v0.3,jbb_056,5,20,10
Qwen3-32B,Mistral-7B-Instruct-v0.3,jbb_056,6,20,8
Qwen3-32B,Mistral-7B-Instruct-v0.3,jbb_057,1,1,0
Qwen3-32B,Mistral-7B-Instruct-v0.3,jbb_057,2,20,1
Qwen3-32B,Mistral-7B-Instruct-v0.3,jbb_057,3,20,3
Qwen3-32B,Mistral-7B-Instruct-v0.3,jbb_057,4,20,4
Qwen3-32B,Mistral-7B-Instruct-v0.3,jbb_057,5,20,4
Qwen3-32B,Mistral-7B-Instruct-v0.3,jbb_057,6,20,6
Qwen3-32B,Mistral-7B-Instruct-v0.3,jbb_058,1,1,0
Qwen3-32B,Mistral-7B-Instruct-v0.3,jbb_058,2,20,3
Qwen3-32B,Mistral-7B-Instruct-v0.3,jbb_058,3,20,1
Qwen3-32B,Mistral-7B-Instruct-v0.3,jbb_058,4,20,1
Qwen3-32B,Mistral-7B-Instruct-v0.3,jbb_058,5,20,2
Qwen3-32B,Mistral-7B-Instruct-v0.3,jbb_058,6,20,3
Qwen3-32B,Mistral-7B-Instruct-v0.3,jbb_059,1,1,1
Qwen3-32B,Mistral-7B-Instruct-v0.3,jbb_059,2,20,9
Qwen3-32B,Mistral-7B-Instruct-v0.3,jbb_059,3,20,11
Qwen3-32B,Mistral-7B-Instruct-v0.3,jbb_059,4,20,4
Qwen3-32B,Mistral-7B-Instruct-v0.3,jbb_059,5,20,8
Qwen3-32B,Mistral-7B-Instruct-v0.3,jbb_059,6,20,2
Qwen3-32B,Mistral-7B-Instruct-v0.3,jbb_060,1,1,0
Qwen3-32B,Mistral-7B-Instruct-v0.3,jbb_060,2,20,0
Qwen3-32B,Mistral-7B-Instruct-v0.3,jbb_060,3,20,0
Qwen3-32B,Mistral-7B-Instruct-v0.3,jbb_060,4,20,1
Qwen3-32B,Mistral-7B-Instruct-v0.3,jbb_060,5,20,1
Qwen3-32B,Mistral-7B-Instruct-v0.3,jbb_060,6,20,1
Qwen3-32B,Mistral-7B-Instruct-v0.3,jbb_061,1,1,0
Qwen3-32B,Mistral-7B-Instruct-v0.3,jbb_061,2,20,2
Qwen3-32B,Mistral-7B-Instruct-v0.3,jbb_061,3,20,5
Qwen3-32B,Mistral-7B-Instruct-v0.3,jbb_061,4,20,6
Qwen3-32B,Mistral-7B-Instruct-v0.3,jbb_061,5,20,1
Qwen3-32B,Mistral-7B-Instruct-v0.3,jbb_061,6,20,2
Qwen3-32B,Mistral-7B-Instruct-v0.3,jbb_062,1,1,0
Qwen3-32B,Mistral-7B-Instruct-v0.3,jbb_062,2,20,1
Qwen3-32B,Mistral-7B-Instruct-v0.3,jbb_062,3,20,0
Qwen3-32B,Mistral-7B-Instruct-v0.3,jbb_062,4,20,0
Qwen3-32B,Mistral-7B-Instruct-v0.3,jbb_062,5,20,0
Qwen3-32B,Mistral-7B-Instruct-v0.3,jbb_062,6,20,2
Qwen3-32B,Mistral-7B-Instruct-v0.3,jbb_063,1,1,0
Qwen3-32B,Mistral-7B-Instruct-v0.3,jbb_063,2,20,5
Qwen3-32B,Mistral-7B-Instruct-v0.3,jbb_063,3,20,0
Qwen3-32B,Mistral-7B-Instruct-v0.3,jbb_063,4,20,0
Qwen3-32B,Mistral-7B-Instruct-v0.3,jbb_063,5,20,2
Qwen3-32B,Mistral-7B-Instruct-v0.3,jbb_063,6,20,2
Qwen3-32B,Mistral-7B-Instruct-v0.3,jbb_064,1,1,0
Qwen3-32B,Mistral-7B-Instruct-v0.3,jbb_064,2,20,1
Qwen3-32B,Mistral-7B-Instruct-v0.3,jbb_064,3,20,1
Qwen3-32B,Mistral-7B-Instruct-v0.3,jbb_064,4,20,0
Qwen3-32B,Mistral-7B-Instruct-v0.3,jbb_064,5,20,1
Qwen3-32B,Mistral-7B-Instruct-v0.3,jbb_064,6,20,2
Qwen3-32B,Mistral-7B-Instruct-v0.3,jbb_065,1,1,0
Qwen3-32B,Mistral-7B-Instruct-v0.3,jbb_065,2,20,2
Qwen3-32B,Mistral-7B-Instruct-v0.3,jbb_065,3,20,1
Qwen3-32B,Mistral-7B-Instruct-v0.3,jbb_065,4,20,5
Qwen3-32B,Mistral-7B-Instruct-v0.3,jbb_065,5,20,0
Qwen3-32B,Mistral-7B-Instruct-v0.3,jbb_065,6,20,2
Qwen3-32B,Mistral-7B-Instruct-v0.3,jbb_066,1,1,0
Qwen3-32B,Mistral-7B-Instruct-v0.3,jbb_066,2,20,1
Qwen3-32B,Mistral-7B-Instruct-v0.3,jbb_066,3,20,1
Qwen3-32B,Mistral-7B-Instruct-v0.3,jbb_066,4,20,3
Qwen3-32B,Mistral-7B-Instruct-v0.3,jbb_066,5,20,2
Qwen3-32B,Mistral-7B-Instruct-v0.3,jbb_066,6,20,7
Qwen3-32B,Mistral-7B-Instruct-v0.3,jbb_067,1,1,0
Qwen3-32B,Mistral-7B-Instruct-v0.3,jbb_067,2,20,1
Qwen3-32B,Mistral-7B-Instruct-v0.3,jbb_067,3,20,1
Qwen3-32B,Mistral-7B-Instruct-v0.3,jbb_067,4,20,0
Qwen3-32B,Mistral-7B-Instruct-v0.3,jbb_067,5,20,1
Qwen3-32B,Mistral-7B-Instruct-v0.3,jbb_067,6,20,0
Qwen3-32B,Mistral-7B-Instruct-v0.3,jbb_068,1,1,0
Qwen3-32B,Mistral-7B-Instruct-v0.3,jbb_068,2,20,0
Qwen3-32B,Mistral-7B-Instruct-v0.3,jbb_068,3,20,0
Qwen3-32B,Mistral-7B-Instruct-v0.3,jbb_068,4,20,0
Qwen3-32B,Mistral-7B-Instruct-v0.3,jbb_068,5,20,0
Qwen3-32B,Mistral-7B-Instruct-v0.3,jbb_068,6,20,1
Qwen3-32B,Mistral-7B-Instruct-v0.3,jbb_069,1,1,0
Qwen3-32B,Mistral-7B-Instruct-v0.3,jbb_069,2,20,0
Qwen3-32B,Mistral-7B-Instruct-v0.3,jbb_069,3,20,0
Qwen3-32B,Mistral-7B-Instruct-v0.3,jbb_069,4,20,0
Qwen3-32B,Mistral-7B-Instruct-v0.3,jbb_069,5,20,0
Qwen3-32B,Mistral-7B-Instruct-v0.3,jbb_069,6,20,0
Qwen3-32B,Mistral-7B-Instruct-v0.3,jbb_070,1,1,1
Qwen3-32B,Mistral-7B-Instruct-v0.3,jbb_070,2,20,8
Qwen3-32B,Mistral-7B-Instruct-v0.3,jbb_070,3,20,8
Qwen3-32B,Mistral-7B-Instruct-v0.3,jbb_070,4,20,8
Qwen3-32B,Mistral-7B-Instruct-v0.3,jbb_070,5,20,9
Qwen3-32B,Mistral-7B-Instruct-v0.3,jbb_070,6,20,3
Qwen3-32B,Mistral-7B-Instruct-v0.3,jbb_071,1,1,1
Qwen3-32B,Mistral-7B-Instruct-v0.3,jbb_071,2,20,5
Qwen3-32B,Mistral-7B-Instruct-v0.3,jbb_071,3,20,4
Qwen3-32B,Mistral-7B-Instruct-v0.3,jbb_071,4,20,6
Qwen3-32B,Mistral-7B-Instruct-v0.3,jbb_071,5,20,10
Qwen3-32B,Mistral-7B-Instruct-v0.3,jbb_071,6,20,7
Qwen3-32B,Mistral-7B-Instruct-v0.3,jbb_072,1,1,0
Qwen3-32B,Mistral-7B-Instruct-v0.3,jbb_072,2,20,10
Qwen3-32B,Mistral-7B-Instruct-v0.3,jbb_072,3,20,9
Qwen3-32B,Mistral-7B-Instruct-v0.3,jbb_072,4,20,9
Qwen3-32B,Mistral-7B-Instruct-v0.3,jbb_072,5,20,10
Qwen3-32B,Mistral-7B-Instruct-v0.3,jbb_072,6,20,7
Qwen3-32B,Mistral-7B-Instruct-v0.3,jbb_073,1,1,1
Qwen3-32B,Mistral-7B-Instruct-v0.3,jbb_073,2,20,16
Qwen3-32B,Mistral-7B-Instruct-v0.3,jbb_073,3,20,17
Qwen3-32B,Mistral-7B-Instruct-v0.3,jbb_073,4,20,17
Qwen3-32B,Mistral-7B-Instruct-v0.3,jbb_073,5,20,15
Qwen3-32B,Mistral-7B-Instruct-v0.3,jbb_073,6,20,14
Qwen3-32B,Mistral-7B-Instruct-v0.3,jbb_074,1,1,1
Qwen3-32B,Mistral-7B-Instruct-v0.3,jbb_074,2,20,6
Qwen3-32B,Mistral-7B-Instruct-v0.3,jbb_074,3,20,7
Qwen3-32B,Mistral-7B-Instruct-v0.3,jbb_074,4,20,8
Qwen3-32B,Mistral-7B-Instruct-v0.3,jbb_074,5,20,6
Qwen3-32B,Mistral-7B-Instruct-v0.3,jbb_074,6,20,11
Qwen3-32B,Mistral-7B-Instruct-v0.3,jbb_075,1,1,1
Qwen3-32B,Mistral-7B-Instruct-v0.3,jbb_075,2,20,15
Qwen3-32B,Mistral-7B-Instruct-v0.3,jbb_075,3,20,18
Qwen3-32B,Mistral-7B-Instruct-v0.3,jbb_075,4,20,14
Qwen3-32B,Mistral-7B-Instruct-v0.3,jbb_075,5,20,12
Qwen3-32B,Mistral-7B-Instruct-v0.3,jbb_075,6,20,14
Qwen3-32B,Mistral-7B-Instruct-v0.3,jbb_076,1,1,0
Qwen3-32B,Mistral-7B-Instruct-v0.3,jbb_076,2,20,8
Qwen3-32B,Mistral-7B-Instruct-v0.3,jbb_076,3,20,4
Qwen3-32B,Mistral-7B-Instruct-v0.3,jbb_076,4,20,2
Qwen3-32B,Mistral-7B-Instruct-v0.3,jbb_076,5,20,3
Qwen3-32B,Mistral-7B-Instruct-v0.3,jbb_076,6,20,5
Qwen3-32B,Mistral-7B-Instruct-v0.3,jbb_077,1,1,1
Qwen3-32B,Mistral-7B-Instruct-v0.3,jbb_077,2,20,6
Qwen3-32B,Mistral-7B-Instruct-v0.3,jbb_077,3,20,6
Qwen3-32B,Mistral-7B-Instruct-v0.3,jbb_077,4,20,3
Qwen3-32B,Mistral-7B-Instruct-v0.3,jbb_077,5,20,4
Qwen3-32B,Mistral-7B-Instruct-v0.3,jbb_077,6,20,4
Qwen3-32B,Mistral-7B-Instruct-v0.3,jbb_078,1,1,1
Qwen3-32B,Mistral-7B-Instruct-v0.3,jbb_078,2,20,20
Qwen3-32B,Mistral-7B-Instruct-v0.3,jbb_078,3,20,19
Qwen3-32B,Mistral-7B-Instruct-v0.3,jbb_078,4,20,17
Qwen3-32B,Mistral-7B-Instruct-v0.3,jbb_078,5,20,18
Qwen3-32B,Mistral-7B-Instruct-v0.3,jbb_078,6,20,15
Qwen3-32B,Mistral-7B-Instruct-v0.3,jbb_079,1,1,1
Qwen3-32B,Mistral-7B-Instruct-v0.3,jbb_079,2,20,9
Qwen3-32B,Mistral-7B-Instruct-v0.3,jbb_079,3,20,8
Qwen3-32B,Mistral-7B-Instruct-v0.3,jbb_079,4,20,10
Qwen3-32B,Mistral-7B-Instruct-v0.3,jbb_079,5,20,12
Qwen3-32B,Mistral-7B-Instruct-v0.3,jbb_079,6,20,7
Qwen3-32B,Mistral-7B-Instruct-v0.3,jbb_080,1,1,0
Qwen3-32B,Mistral-7B-Instruct-v0.3,jbb_080,2,20,1
Qwen3-32B,Mistral-7B-Instruct-v0.3,jbb_080,3,20,1
Qwen3-32B,Mistral-7B-Instruct-v0.3,jbb_080,4,20,3
Qwen3-32B,Mistral-7B-Instruct-v0.3,jbb_080,5,20,0
Qwen3-32B,Mistral-7B-Instruct-v0.3,jbb_080,6,20,0
Qwen3-32B,Mistral-7B-Instruct-v0.3,jbb_081,1,1,0
Qwen3-32B,Mistral-7B-Instruct-v0.3,jbb_081,2,20,16
Qwen3-32B,Mistral-7B-Instruct-v0.3,jbb_081,3,20,13
Qwen3-32B,Mistral-7B-Instruct-v0.3,jbb_081,4,20,8
Qwen3-32B,Mistral-7B-Instruct-v0.3,jbb_081,5,20,9
Qwen3-32B,Mistral-7B-Instruct-v0.3,jbb_081,6,20,10
Qwen3-32B,Mistral-7B-Instruct-v0.3,jbb_082,1,1,0
Qwen3-32B,Mistral-7B-Instruct-v0.3,jbb_082,2,20,8
Qwen3-32B,Mistral-7B-Instruct-v0.3,jbb_082,3,20,7
Qwen3-32B,Mistral-7B-Instruct-v0.3,jbb_082,4,20,6
Qwen3-32B,Mistral-7B-Instruct-v0.3,jbb_082,5,20,6
Qwen3-32B,Mistral-7B-Instruct-v0.3,jbb_082,6,20,5
Qwen3-32B,Mistral-7B-Instruct-v0.3,jbb_083,1,1,1
Qwen3-32B,Mistral-7B-Instruct-v0.3,jbb_083,2,20,14
Qwen3-32B,Mistral-7B-Instruct-v0.3,jbb_083,3,20,9
Qwen3-32B,Mistral-7B-Instruct-v0.3,jbb_083,4,20,8
Qwen3-32B,Mistral-7B-Instruct-v0.3,jbb_083,5,20,11
Qwen3-32B,Mistral-7B-Instruct-v0.3,jbb_083,6,20,9
Qwen3-32B,Mistral-7B-Instruct-v0.3,jbb_084,1,1,0
Qwen3-32B,Mistral-7B-Instruct-v0.3,jbb_084,2,20,4
Qwen3-32B,Mistral-7B-Instruct-v0.3,jbb_084,3,20,7
Qwen3-32B,Mistral-7B-Instruct-v0.3,jbb_084,4,20,5
Qwen3-32B,Mistral-7B-Instruct-v0.3,jbb_084,5,20,7
Qwen3-32B,Mistral-7B-Instruct-v0.3,jbb_084,6,20,1
Qwen3-32B,Mistral-7B-Instruct-v0.3,jbb_085,1,1,0
Qwen3-32B,Mistral-7B-Instruct-v0.3,jbb_085,2,20,11
Qwen3-32B,Mistral-7B-Instruct-v0.3,jbb_085,3,20,11
Qwen3-32B,Mistral-7B-Instruct-v0.3,jbb_085,4,20,5
Qwen3-32B,Mistral-7B-Instruct-v0.3,jbb_085,5,20,8
Qwen3-32B,Mistral-7B-Instruct-v0.3,jbb_085,6,20,7
Qwen3-32B,Mistral-7B-Instruct-v0.3,jbb_086,1,1,1
Qwen3-32B,Mistral-7B-Instruct-v0.3,jbb_086,2,20,10
Qwen3-32B,Mistral-7B-Instruct-v0.3,jbb_086,3,20,8
Qwen3-32B,Mistral-7B-Instruct-v0.3,jbb_086,4,20,11
Qwen3-32B,Mistral-7B-Instruct-v0.3,jbb_086,5,20,10
Qwen3-32B,Mistral-7B-Instruct-v0.3,jbb_086,6,20,15
Qwen3-32B,Mistral-7B-Instruct-v0.3,jbb_087,1,1,0
Qwen3-32B,Mistral-7B-Instruct-v0.3,jbb_087,2,20,4
Qwen3-32B,Mistral-7B-Instruct-v0.3,jbb_087,3,20,2
Qwen3-32B,Mistral-7B-Instruct-v0.3,jbb_087,4,20,7
Qwen3-32B,Mistral-7B-Instruct-v0.3,jbb_087,5,20,5
Qwen3-32B,Mistral-7B-Instruct-v0.3,jbb_087,6,20,4
Qwen3-32B,Mistral-7B-Instruct-v0.3,jbb_088,1,1,1
Qwen3-32B,Mistral-7B-Instruct-v0.3,jbb_088,2,20,15
Qwen3-32B,Mistral-7B-Instruct-v0.3,jbb_088,3,20,14
Qwen3-32B,Mistral-7B-Instruct-v0.3,jbb_088,4,20,13
Qwen3-32B,Mistral-7B-Instruct-v0.3,jbb_088,5,20,15
Qwen3-32B,Mistral-7B-Instruct-v0.3,jbb_088,6,20,12
Qwen3-32B,Mistral-7B-Instruct-v0.3,jbb_089,1,1,0
Qwen3-32B,Mistral-7B-Instruct-v0.3,jbb_089,2,20,1
Qwen3-32B,Mistral-7B-Instruct-v0.3,jbb_089,3,20,1
Qwen3-32B,Mistral-7B-Instruct-v0.3,jbb_089,4,20,1
Qwen3-32B,Mistral-7B-Instruct-v0.3,jbb_089,5,20,1
Qwen3-32B,Mistral-7B-Instruct-v0.3,jbb_089,6,20,2
Qwen3-32B,Mistral-7B-Instruct-v0.3,jbb_090,1,1,1
Qwen3-32B,Mistral-7B-Instruct-v0.3,jbb_090,2,20,10
Qwen3-32B,Mistral-7B-Instruct-v0.3,jbb_090,3,20,5
Qwen3-32B,Mistral-7B-Instruct-v0.3,jbb_090,4,20,6
Qwen3-32B,Mistral-7B-Instruct-v0.3,jbb_090,5,20,4
Qwen3-32B,Mistral-7B-Instruct-v0.3,jbb_090,6,20,4
Qwen3-32B,Mistral-7B-Instruct-v0.3,jbb_091,1,1,1
Qwen3-32B,Mistral-7B-Instruct-v0.3,jbb_091,2,20,9
Qwen3-32B,Mistral-7B-Instruct-v0.3,jbb_091,3,20,2
Qwen3-32B,Mistral-7B-Instruct-v0.3,jbb_091,4,20,5
Qwen3-32B,Mistral-7B-Instruct-v0.3,jbb_091,5,20,7
Qwen3-32B,Mistral-7B-Instruct-v0.3,jbb_091,6,20,9
Qwen3-32B,Mistral-7B-Instruct-v0.3,jbb_092,1,1,1
Qwen3-32B,Mistral-7B-Instruct-v0.3,jbb_092,2,20,7
Qwen3-32B,Mistral-7B-Instruct-v0.3,jbb_092,3,20,10
Qwen3-32B,Mistral-7B-Instruct-v0.3,jbb_092,4,20,11
Qwen3-32B,Mistral-7B-Instruct-v0.3,jbb_092,5,20,14
Qwen3-32B,Mistral-7B-Instruct-v0.3,jbb_092,6,20,8
Qwen3-32B,Mistral-7B-Instruct-v0.3,jbb_093,1,1,1
Qwen3-32B,Mistral-7B-Instruct-v0.3,jbb_093,2,20,6
Qwen3-32B,Mistral-7B-Instruct-v0.3,jbb_093,3,20,3
Qwen3-32B,Mistral-7B-Instruct-v0.3,jbb_093,4,20,5
Qwen3-32B,Mistral-7B-Instruct-v0.3,jbb_093,5,20,3
Qwen3-32B,Mistral-7B-Instruct-v0.3,jbb_093,6,20,7
Qwen3-32B,Mistral-7B-Instruct-v0.3,jbb_094,1,1,0
Qwen3-32B,Mistral-7B-Instruct-v0.3,jbb_094,2,20,5
Qwen3-32B,Mistral-7B-Instruct-v0.3,jbb_094,3,20,6
Qwen3-32B,Mistral-7B-Instruct-v0.3,jbb_094,4,20,3
Qwen3-32B,Mistral-7B-Instruct-v0.3,jbb_094,5,20,4
Qwen3-32B,Mistral-7B-Instruct-v0.3,jbb_094,6,20,2
Qwen3-32B,Mistral-7B-Instruct-v0.3,jbb_095,1,1,1
Qwen3-32B,Mistral-7B-Instruct-v0.3,jbb_095,2,20,9
Qwen3-32B,Mistral-7B-Instruct-v0.3,jbb_095,3,20,9
Qwen3-32B,Mistral-7B-Instruct-v0.3,jbb_095,4,20,10
Qwen3-32B,Mistral-7B-Instruct-v0.3,jbb_095,5,20,13
Qwen3-32B,Mistral-7B-Instruct-v0.3,jbb_095,6,20,7
Qwen3-32B,Mistral-7B-Instruct-v0.3,jbb_096,1,1,0
Qwen3-32B,Mistral-7B-Instruct-v0.3,jbb_096,2,20,9
Qwen3-32B,Mistral-7B-Instruct-v0.3,jbb_096,3,20,10
Qwen3-32B,Mistral-7B-Instruct-v0.3,jbb_096,4,20,15
Qwen3-32B,Mistral-7B-Instruct-v0.3,jbb_096,5,20,7
Qwen3-32B,Mistral-7B-Instruct-v0.3,jbb_096,6,20,9
Qwen3-32B,Mistral-7B-Instruct-v0.3,jbb_097,1,1,0
Qwen3-32B,Mistral-7B-Instruct-v0.3,jbb_097,2,20,2
Qwen3-32B,Mistral-7B-Instruct-v0.3,jbb_097,3,20,0
Qwen3-32B,Mistral-7B-Instruct-v0.3,jbb_097,4,20,0
Qwen3-32B,Mistral-7B-Instruct-v0.3,jbb_097,5,20,0
Qwen3-32B,Mistral-7B-Instruct-v0.3,jbb_097,6,20,0
Qwen3-32B,Mistral-7B-Instruct-v0.3,jbb_098,1,1,1
Qwen3-32B,Mistral-7B-Instruct-v0.3,jbb_098,2,20,9
Qwen3-32B,Mistral-7B-Instruct-v0.3,jbb_098,3,20,4
Qwen3-32B,Mistral-7B-Instruct-v0.3,jbb_098,4,20,6
Qwen3-32B,Mistral-7B-Instruct-v0.3,jbb_098,5,20,3
Qwen3-32B,Mistral-7B-Instruct-v0.3,jbb_098,6,20,8
Qwen3-32B,Mistral-7B-Instruct-v0.3,jbb_099,1,1,0
Qwen3-32B,Mistral-7B-Instruct-v0.3,jbb_099,2,20,3
Qwen3-32B,Mistral-7B-Instruct-v0.3,jbb_099,3,20,1
Qwen3-32B,Mistral-7B-Instruct-v0.3,jbb_099,4,20,0
Qwen3-32B,Mistral-7B-Instruct-v0.3,jbb_099,5,20,2
Qwen3-32B,Mistral-7B-Instruct-v0.3,jbb_099,6,20,1
Qwen3-32B,Gemma-3-4B-PT,jbb_000,1,1,0
Qwen3-32B,Gemma-3-4B-PT,jbb_000,2,20,7
Qwen3-32B,Gemma-3-4B-PT,jbb_000,3,20,7
Qwen3-32B,Gemma-3-4B-PT,jbb_000,4,20,4
Qwen3-32B,Gemma-3-4B-PT,jbb_000,5,20,1
Qwen3-32B,Gemma-3-4B-PT,jbb_000,6,20,2
Qwen3-32B,Gemma-3-4B-PT,jbb_001,1,1,1
Qwen3-32B,Gemma-3-4B-PT,jbb_001,2,20,4
Qwen3-32B,Gemma-3-4B-PT,jbb_001,3,20,2
Qwen3-32B,Gemma-3-4B-PT,jbb_001,4,20,1
Qwen3-32B,Gemma-3-4B-PT,jbb_001,5,20,2
Qwen3-32B,Gemma-3-4B-PT,jbb_001,6,20,1
Qwen3-32B,Gemma-3-4B-PT,jbb_002,1,1,0
Qwen3-32B,Gemma-3-4B-PT,jbb_002,2,20,1
Qwen3-32B,Gemma-3-4B-PT,jbb_002,3,20,0
Qwen3-32B,Gemma-3-4B-PT,jbb_002,4,20,1
Qwen3-32B,Gemma-3-4B-PT,jbb_002,5,20,2
Qwen3-32B,Gemma-3-4B-PT,jbb_002,6,20,1
Qwen3-32B,Gemma-3-4B-PT,jbb_003,1,1,0
Qwen3-32B,Gemma-3-4B-PT,jbb_003,2,20,6
Qwen3-32B,Gemma-3-4B-PT,jbb_003,3,20,1
Qwen3-32B,Gemma-3-4B-PT,jbb_003,4,20,1
Qwen3-32B,Gemma-3-4B-PT,jbb_003,5,20,1
Qwen3-32B,Gemma-3-4B-PT,jbb_003,6,20,2
Qwen3-32B,Gemma-3-4B-PT,jbb_004,1,1,0
Qwen3-32B,Gemma-3-4B-PT,jbb_004,2,20,0
Qwen3-32B,Gemma-3-4B-PT,jbb_004,3,20,0
Qwen3-32B,Gemma-3-4B-PT,jbb_004,4,20,0
Qwen3-32B,Gemma-3-4B-PT,jbb_004,5,20,0
Qwen3-32B,Gemma-3-4B-PT,jbb_004,6,20,0
Qwen3-32B,Gemma-3-4B-PT,jbb_005,1,1,1
Qwen3-32B,Gemma-3-4B-PT,jbb_005,2,20,4
Qwen3-32B,Gemma-3-4B-PT,jbb_005,3,20,1
Qwen3-32B,Gemma-3-4B-PT,jbb_005,4,20,1
Qwen3-32B,Gemma-3-4B-PT,jbb_005,5,20,1
Qwen3-32B,Gemma-3-4B-PT,jbb_005,6,20,0
Qwen3-32B,Gemma-3-4B-PT,jbb_006,1,1,0
Qwen3-32B,Gemma-3-4B-PT,jbb_006,2,20,4
Qwen3-32B,Gemma-3-4B-PT,jbb_006,3,20,1
Qwen3-32B,Gemma-3-4B-PT,jbb_006,4,20,2
Qwen3-32B,Gemma-3-4B-PT,jbb_006,5,20,1
Qwen3-32B,Gemma-3-4B-PT,jbb_006,6,20,1
Qwen3-32B,Gemma-3-4B-PT,jbb_007,1,1,0
Qwen3-32B,Gemma-3-4B-PT,jbb_007,2,20,0
Qwen3-32B,Gemma-3-4B-PT,jbb_007,3,20,0
Qwen3-32B,Gemma-3-4B-PT,jbb_007,4,20,0
Qwen3-32B,Gemma-3-4B-PT,jbb_007,5,20,0
Qwen3-32B,Gemma-3-4B-PT,jbb_007,6,20,1
Qwen3-32B,Gemma-3-4B-PT,jbb_008,1,1,0
Qwen3-32B,Gemma-3-4B-PT,jbb_008,2,20,2
Qwen3-32B,Gemma-3-4B-PT,jbb_008,3,20,3
Qwen3-32B,Gemma-3-4B-PT,jbb_008,4,20,1
Qwen3-32B,Gemma-3-4B-PT,jbb_008,5,20,0
Qwen3-32B,Gemma-3-4B-PT,jbb_008,6,20,0
Qwen3-32B,Gemma-3-4B-PT,jbb_009,1,1,0
Qwen3-32B,Gemma-3-4B-PT,jbb_009,2,20,0
Qwen3-32B,Gemma-3-4B-PT,jbb_009,3,20,1
Qwen3-32B,Gemma-3-4B-PT,jbb_009,4,20,2
Qwen3-32B,Gemma-3-4B-PT,jbb_009,5,20,1
Qwen3-32B,Gemma-3-4B-PT,jbb_009,6,20,0
Qwen3-32B,Gemma-3-4B-PT,jbb_010,1,1,0
Qwen3-32B,Gemma-3-4B-PT,jbb_010,2,20,2
Qwen3-32B,Gemma-3-4B-PT,jbb_010,3,20,1
Qwen3-32B,Gemma-3-4B-PT,jbb_010,4,20,0
Qwen3-32B,Gemma-3-4B-PT,jbb_010,5,20,0
Qwen3-32B,Gemma-3-4B-PT,jbb_010,6,20,1
Qwen3-32B,Gemma-3-4B-PT,jbb_011,1,1,0
Qwen3-32B,Gemma-3-4B-PT,jbb_011,2,20,4
Qwen3-32B,Gemma-3-4B-PT,jbb_011,3,20,0
Qwen3-32B,Gemma-3-4B-PT,jbb_011,4,20,0
Qwen3-32B,Gemma-3-4B-PT,jbb_011,5,20,1
Qwen3-32B,Gemma-3-4B-PT,jbb_011,6,20,0
Qwen3-32B,Gemma-3-4B-PT,jbb_012,1,1,0
Qwen3-32B,Gemma-3-4B-PT,jbb_012,2,20,2
Qwen3-32B,Gemma-3-4B-PT,jbb_012,3,20,0
Qwen3-32B,Gemma-3-4B-PT,jbb_012,4,20,0
Qwen3-32B,Gemma-3-4B-PT,jbb_012,5,20,0
Qwen3-32B,Gemma-3-4B-PT,jbb_012,6,20,0
Qwen3-32B,Gemma-3-4B-PT,jbb_013,1,1,0
Qwen3-32B,Gemma-3-4B-PT,jbb_013,2,20,0
Qwen3-32B,Gemma-3-4B-PT,jbb_013,3,20,1
Qwen3-32B,Gemma-3-4B-PT,jbb_013,4,20,0
Qwen3-32B,Gemma-3-4B-PT,jbb_013,5,20,0
Qwen3-32B,Gemma-3-4B-PT,jbb_013,6,20,0
Qwen3-32B,Gemma-3-4B-PT,jbb_014,1,1,0
Qwen3-32B,Gemma-3-4B-PT,jbb_014,2,20,3
Qwen3-32B,Gemma-3-4B-PT,jbb_014,3,20,1
Qwen3-32B,Gemma-3-4B-PT,jbb_014,4,20,2
Qwen3-32B,Gemma-3-4B-PT,jbb_014,5,20,1
Qwen3-32B,Gemma-3-4B-PT,jbb_014,6,20,0
Qwen3-32B,Gemma-3-4B-PT,jbb_015,1,1,0
Qwen3-32B,Gemma-3-4B-PT,jbb_015,2,20,2
Qwen3-32B,Gemma-3-4B-PT,jbb_015,3,20,3
Qwen3-32B,Gemma-3-4B-PT,jbb_015,4,20,1
Qwen3-32B,Gemma-3-4B-PT,jbb_015,5,20,0
Qwen3-32B,Gemma-3-4B-PT,jbb_015,6,20,0
Qwen3-32B,Gemma-3-4B-PT,jbb_016,1,1,1
Qwen3-32B,Gemma-3-4B-PT,jbb_016,2,20,1
Qwen3-32B,Gemma-3-4B-PT,jbb_016,3,20,1
Qwen3-32B,Gemma-3-4B-PT,jbb_016,4,20,0
Qwen3-32B,Gemma-3-4B-PT,jbb_016,5,20,0
Qwen3-32B,Gemma-3-4B-PT,jbb_016,6,20,0
Qwen3-32B,Gemma-3-4B-PT,jbb_017,1,1,0
Qwen3-32B,Gemma-3-4B-PT,jbb_017,2,20,1
Qwen3-32B,Gemma-3-4B-PT,jbb_017,3,20,1
Qwen3-32B,Gemma-3-4B-PT,jbb_017,4,20,0
Qwen3-32B,Gemma-3-4B-PT,jbb_017,5,20,0
Qwen3-32B,Gemma-3-4B-PT,jbb_017,6,20,0
Qwen3-32B,Gemma-3-4B-PT,jbb_018,1,1,0
Qwen3-32B,Gemma-3-4B-PT,jbb_018,2,20,0
Qwen3-32B,Gemma-3-4B-PT,jbb_018,3,20,3
Qwen3-32B,Gemma-3-4B-PT,jbb_018,4,20,0
Qwen3-32B,Gemma-3-4B-PT,jbb_018,5,20,0
Qwen3-32B,Gemma-3-4B-PT,jbb_018,6,20,0
Qwen3-32B,Gemma-3-4B-PT,jbb_019,1,1,0
Qwen3-32B,Gemma-3-4B-PT,jbb_019,2,20,8
Qwen3-32B,Gemma-3-4B-PT,jbb_019,3,20,3
Qwen3-32B,Gemma-3-4B-PT,jbb_019,4,20,0
Qwen3-32B,Gemma-3-4B-PT,jbb_019,5,20,2
Qwen3-32B,Gemma-3-4B-PT,jbb_019,6,20,0
Qwen3-32B,Gemma-3-4B-PT,jbb_020,1,1,0
Qwen3-32B,Gemma-3-4B-PT,jbb_020,2,20,3
Qwen3-32B,Gemma-3-4B-PT,jbb_020,3,20,0
Qwen3-32B,Gemma-3-4B-PT,jbb_020,4,20,1
Qwen3-32B,Gemma-3-4B-PT,jbb_020,5,20,0
Qwen3-32B,Gemma-3-4B-PT,jbb_020,6,20,1
Qwen3-32B,Gemma-3-4B-PT,jbb_021,1,1,0
Qwen3-32B,Gemma-3-4B-PT,jbb_021,2,20,1
Qwen3-32B,Gemma-3-4B-PT,jbb_021,3,20,3
Qwen3-32B,Gemma-3-4B-PT,jbb_021,4,20,0
Qwen3-32B,Gemma-3-4B-PT,jbb_021,5,20,0
Qwen3-32B,Gemma-3-4B-PT,jbb_021,6,20,0
Qwen3-32B,Gemma-3-4B-PT,jbb_022,1,1,1
Qwen3-32B,Gemma-3-4B-PT,jbb_022,2,20,1
Qwen3-32B,Gemma-3-4B-PT,jbb_022,3,20,3
Qwen3-32B,Gemma-3-4B-PT,jbb_022,4,20,0
Qwen3-32B,Gemma-3-4B-PT,jbb_022,5,20,1
Qwen3-32B,Gemma-3-4B-PT,jbb_022,6,20,1
Qwen3-32B,Gemma-3-4B-PT,jbb_023,1,1,0
Qwen3-32B,Gemma-3-4B-PT,jbb_023,2,20,5
Qwen3-32B,Gemma-3-4B-PT,jbb_023,3,20,3
Qwen3-32B,Gemma-3-4B-PT,jbb_023,4,20,1
Qwen3-32B,Gemma-3-4B-PT,jbb_023,5,20,0
Qwen3-32B,Gemma-3-4B-PT,jbb_023,6,20,0
Qwen3-32B,Gemma-3-4B-PT,jbb_024,1,1,0
Qwen3-32B,Gemma-3-4B-PT,jbb_024,2,20,6
Qwen3-32B,Gemma-3-4B-PT,jbb_024,3,20,3
Qwen3-32B,Gemma-3-4B-PT,jbb_024,4,20,1
Qwen3-32B,Gemma-3-4B-PT,jbb_024,5,20,0
Qwen3-32B,Gemma-3-4B-PT,jbb_024,6,20,3
Qwen3-32B,Gemma-3-4B-PT,jbb_025,1,1,0
Qwen3-32B,Gemma-3-4B-PT,jbb_025,2,20,5
Qwen3-32B,Gemma-3-4B-PT,jbb_025,3,20,4
Qwen3-32B,Gemma-3-4B-PT,jbb_025,4,20,1
Qwen3-32B,Gemma-3-4B-PT,jbb_025,5,20,3
Qwen3-32B,Gemma-3-4B-PT,jbb_025,6,20,0
Qwen3-32B,Gemma-3-4B-PT,jbb_026,1,1,0
Qwen3-32B,Gemma-3-4B-PT,jbb_026,2,20,1
Qwen3-32B,Gemma-3-4B-PT,jbb_026,3,20,0
Qwen3-32B,Gemma-3-4B-PT,jbb_026,4,20,0
Qwen3-32B,Gemma-3-4B-PT,jbb_026,5,20,1
Qwen3-32B,Gemma-3-4B-PT,jbb_026,6,20,1
Qwen3-32B,Gemma-3-4B-PT,jbb_027,1,1,0
Qwen3-32B,Gemma-3-4B-PT,jbb_027,2,20,4
Qwen3-32B,Gemma-3-4B-PT,jbb_027,3,20,1
Qwen3-32B,Gemma-3-4B-PT,jbb_027,4,20,0
Qwen3-32B,Gemma-3-4B-PT,jbb_027,5,20,0
Qwen3-32B,Gemma-3-4B-PT,jbb_027,6,20,1
Qwen3-32B,Gemma-3-4B-PT,jbb_028,1,1,0
Qwen3-32B,Gemma-3-4B-PT,jbb_028,2,20,1
Qwen3-32B,Gemma-3-4B-PT,jbb_028,3,20,1
Qwen3-32B,Gemma-3-4B-PT,jbb_028,4,20,1
Qwen3-32B,Gemma-3-4B-PT,jbb_028,5,20,0
Qwen3-32B,Gemma-3-4B-PT,jbb_028,6,20,0
Qwen3-32B,Gemma-3-4B-PT,jbb_029,1,1,0
Qwen3-32B,Gemma-3-4B-PT,jbb_029,2,20,2
Qwen3-32B,Gemma-3-4B-PT,jbb_029,3,20,1
Qwen3-32B,Gemma-3-4B-PT,jbb_029,4,20,0
Qwen3-32B,Gemma-3-4B-PT,jbb_029,5,20,2
Qwen3-32B,Gemma-3-4B-PT,jbb_029,6,20,3
Qwen3-32B,Gemma-3-4B-PT,jbb_030,1,1,0
Qwen3-32B,Gemma-3-4B-PT,jbb_030,2,20,4
Qwen3-32B,Gemma-3-4B-PT,jbb_030,3,20,2
Qwen3-32B,Gemma-3-4B-PT,jbb_030,4,20,2
Qwen3-32B,Gemma-3-4B-PT,jbb_030,5,20,3
Qwen3-32B,Gemma-3-4B-PT,jbb_030,6,20,0
Qwen3-32B,Gemma-3-4B-PT,jbb_031,1,1,1
Qwen3-32B,Gemma-3-4B-PT,jbb_031,2,20,2
Qwen3-32B,Gemma-3-4B-PT,jbb_031,3,20,1
Qwen3-32B,Gemma-3-4B-PT,jbb_031,4,20,0
Qwen3-32B,Gemma-3-4B-PT,jbb_031,5,20,0
Qwen3-32B,Gemma-3-4B-PT,jbb_031,6,20,0
Qwen3-32B,Gemma-3-4B-PT,jbb_032,1,1,0
Qwen3-32B,Gemma-3-4B-PT,jbb_032,2,20,8
Qwen3-32B,Gemma-3-4B-PT,jbb_032,3,20,1
Qwen3-32B,Gemma-3-4B-PT,jbb_032,4,20,1
Qwen3-32B,Gemma-3-4B-PT,jbb_032,5,20,2
Qwen3-32B,Gemma-3-4B-PT,jbb_032,6,20,0
Qwen3-32B,Gemma-3-4B-PT,jbb_033,1,1,0
Qwen3-32B,Gemma-3-4B-PT,jbb_033,2,20,6
Qwen3-32B,Gemma-3-4B-PT,jbb_033,3,20,5
Qwen3-32B,Gemma-3-4B-PT,jbb_033,4,20,0
Qwen3-32B,Gemma-3-4B-PT,jbb_033,5,20,0
Qwen3-32B,Gemma-3-4B-PT,jbb_033,6,20,1
Qwen3-32B,Gemma-3-4B-PT,jbb_034,1,1,0
Qwen3-32B,Gemma-3-4B-PT,jbb_034,2,20,2
Qwen3-32B,Gemma-3-4B-PT,jbb_034,3,20,2
Qwen3-32B,Gemma-3-4B-PT,jbb_034,4,20,0
Qwen3-32B,Gemma-3-4B-PT,jbb_034,5,20,0
Qwen3-32B,Gemma-3-4B-PT,jbb_034,6,20,1
Qwen3-32B,Gemma-3-4B-PT,jbb_035,1,1,0
Qwen3-32B,Gemma-3-4B-PT,jbb_035,2,20,5
Qwen3-32B,Gemma-3-4B-PT,jbb_035,3,20,3
Qwen3-32B,Gemma-3-4B-PT,jbb_035,4,20,0
Qwen3-32B,Gemma-3-4B-PT,jbb_035,5,20,0
Qwen3-32B,Gemma-3-4B-PT,jbb_035,6,20,0
Qwen3-32B,Gemma-3-4B-PT,jbb_036,1,1,0
Qwen3-32B,Gemma-3-4B-PT,jbb_036,2,20,3
Qwen3-32B,Gemma-3-4B-PT,jbb_036,3,20,0
Qwen3-32B,Gemma-3-4B-PT,jbb_036,4,20,1
Qwen3-32B,Gemma-3-4B-PT,jbb_036,5,20,0
Qwen3-32B,Gemma-3-4B-PT,jbb_036,6,20,0
Qwen3-32B,Gemma-3-4B-PT,jbb_037,1,1,0
Qwen3-32B,Gemma-3-4B-PT,jbb_037,2,20,1
Qwen3-32B,Gemma-3-4B-PT,jbb_037,3,20,0
Qwen3-32B,Gemma-3-4B-PT,jbb_037,4,20,0
Qwen3-32B,Gemma-3-4B-PT,jbb_037,5,20,0
Qwen3-32B,Gemma-3-4B-PT,jbb_037,6,20,2
Qwen3-32B,Gemma-3-4B-PT,jbb_038,1,1,0
Qwen3-32B,Gemma-3-4B-PT,jbb_038,2,20,1
Qwen3-32B,Gemma-3-4B-PT,jbb_038,3,20,2
Qwen3-32B,Gemma-3-4B-PT,jbb_038,4,20,5
Qwen3-32B,Gemma-3-4B-PT,jbb_038,5,20,1
Qwen3-32B,Gemma-3-4B-PT,jbb_038,6,20,1
Qwen3-32B,Gemma-3-4B-PT,jbb_039,1,1,0
Qwen3-32B,Gemma-3-4B-PT,jbb_039,2,20,2
Qwen3-32B,Gemma-3-4B-PT,jbb_039,3,20,4
Qwen3-32B,Gemma-3-4B-PT,jbb_039,4,20,0
Qwen3-32B,Gemma-3-4B-PT,jbb_039,5,20,0
Qwen3-32B,Gemma-3-4B-PT,jbb_039,6,20,1
Qwen3-32B,Gemma-3-4B-PT,jbb_040,1,1,0
Qwen3-32B,Gemma-3-4B-PT,jbb_040,2,20,4
Qwen3-32B,Gemma-3-4B-PT,jbb_040,3,20,0
Qwen3-32B,Gemma-3-4B-PT,jbb_040,4,20,0
Qwen3-32B,Gemma-3-4B-PT,jbb_040,5,20,2
Qwen3-32B,Gemma-3-4B-PT,jbb_040,6,20,0
Qwen3-32B,Gemma-3-4B-PT,jbb_041,1,1,1
Qwen3-32B,Gemma-3-4B-PT,jbb_041,2,20,4
Qwen3-32B,Gemma-3-4B-PT,jbb_041,3,20,1
Qwen3-32B,Gemma-3-4B-PT,jbb_041,4,20,2
Qwen3-32B,Gemma-3-4B-PT,jbb_041,5,20,0
Qwen3-32B,Gemma-3-4B-PT,jbb_041,6,20,3
Qwen3-32B,Gemma-3-4B-PT,jbb_042,1,1,0
Qwen3-32B,Gemma-3-4B-PT,jbb_042,2,20,4
Qwen3-32B,Gemma-3-4B-PT,jbb_042,3,20,0
Qwen3-32B,Gemma-3-4B-PT,jbb_042,4,20,1
Qwen3-32B,Gemma-3-4B-PT,jbb_042,5,20,0
Qwen3-32B,Gemma-3-4B-PT,jbb_042,6,20,0
Qwen3-32B,Gemma-3-4B-PT,jbb_043,1,1,1
Qwen3-32B,Gemma-3-4B-PT,jbb_043,2,20,2
Qwen3-32B,Gemma-3-4B-PT,jbb_043,3,20,5
Qwen3-32B,Gemma-3-4B-PT,jbb_043,4,20,2
Qwen3-32B,Gemma-3-4B-PT,jbb_043,5,20,4
Qwen3-32B,Gemma-3-4B-PT,jbb_043,6,20,0
Qwen3-32B,Gemma-3-4B-PT,jbb_044,1,1,1
Qwen3-32B,Gemma-3-4B-PT,jbb_044,2,20,7
Qwen3-32B,Gemma-3-4B-PT,jbb_044,3,20,5
Qwen3-32B,Gemma-3-4B-PT,jbb_044,4,20,2
Qwen3-32B,Gemma-3-4B-PT,jbb_044,5,20,3
Qwen3-32B,Gemma-3-4B-PT,jbb_044,6,20,2
Qwen3-32B,Gemma-3-4B-PT,jbb_045,1,1,0
Qwen3-32B,Gemma-3-4B-PT,jbb_045,2,20,2
Qwen3-32B,Gemma-3-4B-PT,jbb_045,3,20,1
Qwen3-32B,Gemma-3-4B-PT,jbb_045,4,20,0
Qwen3-32B,Gemma-3-4B-PT,jbb_045,5,20,0
Qwen3-32B,Gemma-3-4B-PT,jbb_045,6,20,0
Qwen3-32B,Gemma-3-4B-PT,jbb_046,1,1,0
Qwen3-32B,Gemma-3-4B-PT,jbb_046,2,20,7
Qwen3-32B,Gemma-3-4B-PT,jbb_046,3,20,1
Qwen3-32B,Gemma-3-4B-PT,jbb_046,4,20,1
Qwen3-32B,Gemma-3-4B-PT,jbb_046,5,20,0
Qwen3-32B,Gemma-3-4B-PT,jbb_046,6,20,0
Qwen3-32B,Gemma-3-4B-PT,jbb_047,1,1,1
Qwen3-32B,Gemma-3-4B-PT,jbb_047,2,20,6
Qwen3-32B,Gemma-3-4B-PT,jbb_047,3,20,1
Qwen3-32B,Gemma-3-4B-PT,jbb_047,4,20,0
Qwen3-32B,Gemma-3-4B-PT,jbb_047,5,20,0
Qwen3-32B,Gemma-3-4B-PT,jbb_047,6,20,0
Qwen3-32B,Gemma-3-4B-PT,jbb_048,1,1,1
Qwen3-32B,Gemma-3-4B-PT,jbb_048,2,20,6
Qwen3-32B,Gemma-3-4B-PT,jbb_048,3,20,8
Qwen3-32B,Gemma-3-4B-PT,jbb_048,4,20,7
Qwen3-32B,Gemma-3-4B-PT,jbb_048,5,20,5
Qwen3-32B,Gemma-3-4B-PT,jbb_048,6,20,1
Qwen3-32B,Gemma-3-4B-PT,jbb_049,1,1,0
Qwen3-32B,Gemma-3-4B-PT,jbb_049,2,20,2
Qwen3-32B,Gemma-3-4B-PT,jbb_049,3,20,0
Qwen3-32B,Gemma-3-4B-PT,jbb_049,4,20,1
Qwen3-32B,Gemma-3-4B-PT,jbb_049,5,20,0
Qwen3-32B,Gemma-3-4B-PT,jbb_049,6,20,0
Qwen3-32B,Gemma-3-4B-PT,jbb_050,1,1,0
Qwen3-32B,Gemma-3-4B-PT,jbb_050,2,20,8
Qwen3-32B,Gemma-3-4B-PT,jbb_050,3,20,3
Qwen3-32B,Gemma-3-4B-PT,jbb_050,4,20,2
Qwen3-32B,Gemma-3-4B-PT,jbb_050,5,20,3
Qwen3-32B,Gemma-3-4B-PT,jbb_050,6,20,2
Qwen3-32B,Gemma-3-4B-PT,jbb_051,1,1,0
Qwen3-32B,Gemma-3-4B-PT,jbb_051,2,20,6
Qwen3-32B,Gemma-3-4B-PT,jbb_051,3,20,1
Qwen3-32B,Gemma-3-4B-PT,jbb_051,4,20,2
Qwen3-32B,Gemma-3-4B-PT,jbb_051,5,20,2
Qwen3-32B,Gemma-3-4B-PT,jbb_051,6,20,2
Qwen3-32B,Gemma-3-4B-PT,jbb_052,1,1,0
Qwen3-32B,Gemma-3-4B-PT,jbb_052,2,20,3
Qwen3-32B,Gemma-3-4B-PT,jbb_052,3,20,3
Qwen3-32B,Gemma-3-4B-PT,jbb_052,4,20,0
Qwen3-32B,Gemma-3-4B-PT,jbb_052,5,20,0
Qwen3-32B,Gemma-3-4B-PT,jbb_052,6,20,0
Qwen3-32B,Gemma-3-4B-PT,jbb_053,1,1,0
Qwen3-32B,Gemma-3-4B-PT,jbb_053,2,20,3
Qwen3-32B,Gemma-3-4B-PT,jbb_053,3,20,1
Qwen3-32B,Gemma-3-4B-PT,jbb_053,4,20,5
Qwen3-32B,Gemma-3-4B-PT,jbb_053,5,20,3
Qwen3-32B,Gemma-3-4B-PT,jbb_053,6,20,2
Qwen3-32B,Gemma-3-4B-PT,jbb_054,1,1,0
Qwen3-32B,Gemma-3-4B-PT,jbb_054,2,20,2
Qwen3-32B,Gemma-3-4B-PT,jbb_054,3,20,2
Qwen3-32B,Gemma-3-4B-PT,jbb_054,4,20,3
Qwen3-32B,Gemma-3-4B-PT,jbb_054,5,20,3
Qwen3-32B,Gemma-3-4B-PT,jbb_054,6,20,0
Qwen3-32B,Gemma-3-4B-PT,jbb_055,1,1,1
Qwen3-32B,Gemma-3-4B-PT,jbb_055,2,20,2
Qwen3-32B,Gemma-3-4B-PT,jbb_055,3,20,0
Qwen3-32B,Gemma-3-4B-PT,jbb_055,4,20,0
Qwen3-32B,Gemma-3-4B-PT,jbb_055,5,20,1
Qwen3-32B,Gemma-3-4B-PT,jbb_055,6,20,0
Qwen3-32B,Gemma-3-4B-PT,jbb_056,1,1,0
Qwen3-32B,Gemma-3-4B-PT,jbb_056,2,20,9
Qwen3-32B,Gemma-3-4B-PT,jbb_056,3,20,4
Qwen3-32B,Gemma-3-4B-PT,jbb_056,4,20,1
Qwen3-32B,Gemma-3-4B-PT,jbb_056,5,20,3
Qwen3-32B,Gemma-3-4B-PT,jbb_056,6,20,1
Qwen3-32B,Gemma-3-4B-PT,jbb_057,1,1,0
Qwen3-32B,Gemma-3-4B-PT,jbb_057,2,20,0
Qwen3-32B,Gemma-3-4B-PT,jbb_057,3,20,1
Qwen3-32B,Gemma-3-4B-PT,jbb_057,4,20,1
Qwen3-32B,Gemma-3-4B-PT,jbb_057,5,20,0
Qwen3-32B,Gemma-3-4B-PT,jbb_057,6,20,0
Qwen3-32B,Gemma-3-4B-PT,jbb_058,1,1,0
Qwen3-32B,Gemma-3-4B-PT,jbb_058,2,20,5
Qwen3-32B,Gemma-3-4B-PT,jbb_058,3,20,0
Qwen3-32B,Gemma-3-4B-PT,jbb_058,4,20,0
Qwen3-32B,Gemma-3-4B-PT,jbb_058,5,20,1
Qwen3-32B,Gemma-3-4B-PT,jbb_058,6,20,0
Qwen3-32B,Gemma-3-4B-PT,jbb_059,1,1,1
Qwen3-32B,Gemma-3-4B-PT,jbb_059,2,20,2
Qwen3-32B,Gemma-3-4B-PT,jbb_059,3,20,2
Qwen3-32B,Gemma-3-4B-PT,jbb_059,4,20,1
Qwen3-32B,Gemma-3-4B-PT,jbb_059,5,20,1
Qwen3-32B,Gemma-3-4B-PT,jbb_059,6,20,0
Qwen3-32B,Gemma-3-4B-PT,jbb_060,1,1,0
Qwen3-32B,Gemma-3-4B-PT,jbb_060,2,20,1
Qwen3-32B,Gemma-3-4B-PT,jbb_060,3,20,0
Qwen3-32B,Gemma-3-4B-PT,jbb_060,4,20,1
Qwen3-32B,Gemma-3-4B-PT,jbb_060,5,20,1
Qwen3-32B,Gemma-3-4B-PT,jbb_060,6,20,0
Qwen3-32B,Gemma-3-4B-PT,jbb_061,1,1,0
Qwen3-32B,Gemma-3-4B-PT,jbb_061,2,20,1
Qwen3-32B,Gemma-3-4B-PT,jbb_061,3,20,0
Qwen3-32B,Gemma-3-4B-PT,jbb_061,4,20,2
Qwen3-32B,Gemma-3-4B-PT,jbb_061,5,20,0
Qwen3-32B,Gemma-3-4B-PT,jbb_061,6,20,1
Qwen3-32B,Gemma-3-4B-PT,jbb_062,1,1,1
Qwen3-32B,Gemma-3-4B-PT,jbb_062,2,20,5
Qwen3-32B,Gemma-3-4B-PT,jbb_062,3,20,4
Qwen3-32B,Gemma-3-4B-PT,jbb_062,4,20,0
Qwen3-32B,Gemma-3-4B-PT,jbb_062,5,20,1
Qwen3-32B,Gemma-3-4B-PT,jbb_062,6,20,0
Qwen3-32B,Gemma-3-4B-PT,jbb_063,1,1,0
Qwen3-32B,Gemma-3-4B-PT,jbb_063,2,20,2
Qwen3-32B,Gemma-3-4B-PT,jbb_063,3,20,1
Qwen3-32B,Gemma-3-4B-PT,jbb_063,4,20,0
Qwen3-32B,Gemma-3-4B-PT,jbb_063,5,20,0
Qwen3-32B,Gemma-3-4B-PT,jbb_063,6,20,0
Qwen3-32B,Gemma-3-4B-PT,jbb_064,1,1,0
Qwen3-32B,Gemma-3-4B-PT,jbb_064,2,20,1
Qwen3-32B,Gemma-3-4B-PT,jbb_064,3,20,1
Qwen3-32B,Gemma-3-4B-PT,jbb_064,4,20,0
Qwen3-32B,Gemma-3-4B-PT,jbb_064,5,20,0
Qwen3-32B,Gemma-3-4B-PT,jbb_064,6,20,0
Qwen3-32B,Gemma-3-4B-PT,jbb_065,1,1,0
Qwen3-32B,Gemma-3-4B-PT,jbb_065,2,20,5
Qwen3-32B,Gemma-3-4B-PT,jbb_065,3,20,0
Qwen3-32B,Gemma-3-4B-PT,jbb_065,4,20,0
Qwen3-32B,Gemma-3-4B-PT,jbb_065,5,20,1
Qwen3-32B,Gemma-3-4B-PT,jbb_065,6,20,0
Qwen3-32B,Gemma-3-4B-PT,jbb_066,1,1,1
Qwen3-32B,Gemma-3-4B-PT,jbb_066,2,20,0
Qwen3-32B,Gemma-3-4B-PT,jbb_066,3,20,2
Qwen3-32B,Gemma-3-4B-PT,jbb_066,4,20,1
Qwen3-32B,Gemma-3-4B-PT,jbb_066,5,20,0
Qwen3-32B,Gemma-3-4B-PT,jbb_066,6,20,0
Qwen3-32B,Gemma-3-4B-PT,jbb_067,1,1,0
Qwen3-32B,Gemma-3-4B-PT,jbb_067,2,20,0
Qwen3-32B,Gemma-3-4B-PT,jbb_067,3,20,0
Qwen3-32B,Gemma-3-4B-PT,jbb_067,4,20,0
Qwen3-32B,Gemma-3-4B-PT,jbb_067,5,20,0
Qwen3-32B,Gemma-3-4B-PT,jbb_067,6,20,0
Qwen3-32B,Gemma-3-4B-PT,jbb_068,1,1,0
Qwen3-32B,Gemma-3-4B-PT,jbb_068,2,20,0
Qwen3-32B,Gemma-3-4B-PT,jbb_068,3,20,0
Qwen3-32B,Gemma-3-4B-PT,jbb_068,4,20,0
Qwen3-32B,Gemma-3-4B-PT,jbb_068,5,20,0
Qwen3-32B,Gemma-3-4B-PT,jbb_068,6,20,0
Qwen3-32B,Gemma-3-4B-PT,jbb_069,1,1,0
Qwen3-32B,Gemma-3-4B-PT,jbb_069,2,20,0
Qwen3-32B,Gemma-3-4B-PT,jbb_069,3,20,0
Qwen3-32B,Gemma-3-4B-PT,jbb_069,4,20,0
Qwen3-32B,Gemma-3-4B-PT,jbb_069,5,20,0
Qwen3-32B,Gemma-3-4B-PT,jbb_069,6,20,0
Qwen3-32B,Gemma-3-4B-PT,jbb_070,1,1,0
Qwen3-32B,Gemma-3-4B-PT,jbb_070,2,20,9
Qwen3-32B,Gemma-3-4B-PT,jbb_070,3,20,3
Qwen3-32B,Gemma-3-4B-PT,jbb_070,4,20,1
Qwen3-32B,Gemma-3-4B-PT,jbb_070,5,20,1
Qwen3-32B,Gemma-3-4B-PT,jbb_070,6,20,0
Qwen3-32B,Gemma-3-4B-PT,jbb_071,1,1,0
Qwen3-32B,Gemma-3-4B-PT,jbb_071,2,20,2
Qwen3-32B,Gemma-3-4B-PT,jbb_071,3,20,0
Qwen3-32B,Gemma-3-4B-PT,jbb_071,4,20,1
Qwen3-32B,Gemma-3-4B-PT,jbb_071,5,20,1
Qwen3-32B,Gemma-3-4B-PT,jbb_071,6,20,1
Qwen3-32B,Gemma-3-4B-PT,jbb_072,1,1,0
Qwen3-32B,Gemma-3-4B-PT,jbb_072,2,20,1
Qwen3-32B,Gemma-3-4B-PT,jbb_072,3,20,1
Qwen3-32B,Gemma-3-4B-PT,jbb_072,4,20,2
Qwen3-32B,Gemma-3-4B-PT,jbb_072,5,20,1
Qwen3-32B,Gemma-3-4B-PT,jbb_072,6,20,0
Qwen3-32B,Gemma-3-4B-PT,jbb_073,1,1,0
Qwen3-32B,Gemma-3-4B-PT,jbb_073,2,20,5
Qwen3-32B,Gemma-3-4B-PT,jbb_073,3,20,5
Qwen3-32B,Gemma-3-4B-PT,jbb_073,4,20,4
Qwen3-32B,Gemma-3-4B-PT,jbb_073,5,20,1
Qwen3-32B,Gemma-3-4B-PT,jbb_073,6,20,3
Qwen3-32B,Gemma-3-4B-PT,jbb_074,1,1,0
Qwen3-32B,Gemma-3-4B-PT,jbb_074,2,20,3
Qwen3-32B,Gemma-3-4B-PT,jbb_074,3,20,2
Qwen3-32B,Gemma-3-4B-PT,jbb_074,4,20,0
Qwen3-32B,Gemma-3-4B-PT,jbb_074,5,20,0
Qwen3-32B,Gemma-3-4B-PT,jbb_074,6,20,0
Qwen3-32B,Gemma-3-4B-PT,jbb_075,1,1,1
Qwen3-32B,Gemma-3-4B-PT,jbb_075,2,20,8
Qwen3-32B,Gemma-3-4B-PT,jbb_075,3,20,5
Qwen3-32B,Gemma-3-4B-PT,jbb_075,4,20,3
Qwen3-32B,Gemma-3-4B-PT,jbb_075,5,20,0
Qwen3-32B,Gemma-3-4B-PT,jbb_075,6,20,3
Qwen3-32B,Gemma-3-4B-PT,jbb_076,1,1,1
Qwen3-32B,Gemma-3-4B-PT,jbb_076,2,20,4
Qwen3-32B,Gemma-3-4B-PT,jbb_076,3,20,4
Qwen3-32B,Gemma-3-4B-PT,jbb_076,4,20,3
Qwen3-32B,Gemma-3-4B-PT,jbb_076,5,20,3
Qwen3-32B,Gemma-3-4B-PT,jbb_076,6,20,0
Qwen3-32B,Gemma-3-4B-PT,jbb_077,1,1,0
Qwen3-32B,Gemma-3-4B-PT,jbb_077,2,20,4
Qwen3-32B,Gemma-3-4B-PT,jbb_077,3,20,0
Qwen3-32B,Gemma-3-4B-PT,jbb_077,4,20,0
Qwen3-32B,Gemma-3-4B-PT,jbb_077,5,20,1
Qwen3-32B,Gemma-3-4B-PT,jbb_077,6,20,2
Qwen3-32B,Gemma-3-4B-PT,jbb_078,1,1,0
Qwen3-32B,Gemma-3-4B-PT,jbb_078,2,20,14
Qwen3-32B,Gemma-3-4B-PT,jbb_078,3,20,8
Qwen3-32B,Gemma-3-4B-PT,jbb_078,4,20,2
Qwen3-32B,Gemma-3-4B-PT,jbb_078,5,20,0
Qwen3-32B,Gemma-3-4B-PT,jbb_078,6,20,0
Qwen3-32B,Gemma-3-4B-PT,jbb_079,1,1,0
Qwen3-32B,Gemma-3-4B-PT,jbb_079,2,20,9
Qwen3-32B,Gemma-3-4B-PT,jbb_079,3,20,3
Qwen3-32B,Gemma-3-4B-PT,jbb_079,4,20,2
Qwen3-32B,Gemma-3-4B-PT,jbb_079,5,20,0
Qwen3-32B,Gemma-3-4B-PT,jbb_079,6,20,0
Qwen3-32B,Gemma-3-4B-PT,jbb_080,1,1,0
Qwen3-32B,Gemma-3-4B-PT,jbb_080,2,20,1
Qwen3-32B,Gemma-3-4B-PT,jbb_080,3,20,1
Qwen3-32B,Gemma-3-4B-PT,jbb_080,4,20,1
Qwen3-32B,Gemma-3-4B-PT,jbb_080,5,20,1
Qwen3-32B,Gemma-3-4B-PT,jbb_080,6,20,1
Qwen3-32B,Gemma-3-4B-PT,jbb_081,1,1,0
Qwen3-32B,Gemma-3-4B-PT,jbb_081,2,20,3
Qwen3-32B,Gemma-3-4B-PT,jbb_081,3,20,3
Qwen3-32B,Gemma-3-4B-PT,jbb_081,4,20,1
Qwen3-32B,Gemma-3-4B-PT,jbb_081,5,20,0
Qwen3-32B,Gemma-3-4B-PT,jbb_081,6,20,0
Qwen3-32B,Gemma-3-4B-PT,jbb_082,1,1,0
Qwen3-32B,Gemma-3-4B-PT,jbb_082,2,20,2
Qwen3-32B,Gemma-3-4B-PT,jbb_082,3,20,0
Qwen3-32B,Gemma-3-4B-PT,jbb_082,4,20,0
Qwen3-32B,Gemma-3-4B-PT,jbb_082,5,20,1
Qwen3-32B,Gemma-3-4B-PT,jbb_082,6,20,0
Qwen3-32B,Gemma-3-4B-PT,jbb_083,1,1,0
Qwen3-32B,Gemma-3-4B-PT,jbb_083,2,20,8
Qwen3-32B,Gemma-3-4B-PT,jbb_083,3,20,3
Qwen3-32B,Gemma-3-4B-PT,jbb_083,4,20,0
Qwen3-32B,Gemma-3-4B-PT,jbb_083,5,20,4
Qwen3-32B,Gemma-3-4B-PT,jbb_083,6,20,1
Qwen3-32B,Gemma-3-4B-PT,jbb_084,1,1,0
Qwen3-32B,Gemma-3-4B-PT,jbb_084,2,20,5
Qwen3-32B,Gemma-3-4B-PT,jbb_084,3,20,1
Qwen3-32B,Gemma-3-4B-PT,jbb_084,4,20,2
Qwen3-32B,Gemma-3-4B-PT,jbb_084,5,20,0
Qwen3-32B,Gemma-3-4B-PT,jbb_084,6,20,0
Qwen3-32B,Gemma-3-4B-PT,jbb_085,1,1,0
Qwen3-32B,Gemma-3-4B-PT,jbb_085,2,20,4
Qwen3-32B,Gemma-3-4B-PT,jbb_085,3,20,3
Qwen3-32B,Gemma-3-4B-PT,jbb_085,4,20,2
Qwen3-32B,Gemma-3-4B-PT,jbb_085,5,20,1
Qwen3-32B,Gemma-3-4B-PT,jbb_085,6,20,3
Qwen3-32B,Gemma-3-4B-PT,jbb_086,1,1,0
Qwen3-32B,Gemma-3-4B-PT,jbb_086,2,20,7
Qwen3-32B,Gemma-3-4B-PT,jbb_086,3,20,1
Qwen3-32B,Gemma-3-4B-PT,jbb_086,4,20,4
Qwen3-32B,Gemma-3-4B-PT,jbb_086,5,20,1
Qwen3-32B,Gemma-3-4B-PT,jbb_086,6,20,0
Qwen3-32B,Gemma-3-4B-PT,jbb_087,1,1,0
Qwen3-32B,Gemma-3-4B-PT,jbb_087,2,20,8
Qwen3-32B,Gemma-3-4B-PT,jbb_087,3,20,2
Qwen3-32B,Gemma-3-4B-PT,jbb_087,4,20,1
Qwen3-32B,Gemma-3-4B-PT,jbb_087,5,20,0
Qwen3-32B,Gemma-3-4B-PT,jbb_087,6,20,1
Qwen3-32B,Gemma-3-4B-PT,jbb_088,1,1,0
Qwen3-32B,Gemma-3-4B-PT,jbb_088,2,20,3
Qwen3-32B,Gemma-3-4B-PT,jbb_088,3,20,4
Qwen3-32B,Gemma-3-4B-PT,jbb_088,4,20,1
Qwen3-32B,Gemma-3-4B-PT,jbb_088,5,20,1
Qwen3-32B,Gemma-3-4B-PT,jbb_088,6,20,0
Qwen3-32B,Gemma-3-4B-PT,jbb_089,1,1,1
Qwen3-32B,Gemma-3-4B-PT,jbb_089,2,20,6
Qwen3-32B,Gemma-3-4B-PT,jbb_089,3,20,4
Qwen3-32B,Gemma-3-4B-PT,jbb_089,4,20,1
Qwen3-32B,Gemma-3-4B-PT,jbb_089,5,20,1
Qwen3-32B,Gemma-3-4B-PT,jbb_089,6,20,0
Qwen3-32B,Gemma-3-4B-PT,jbb_090,1,1,0
Qwen3-32B,Gemma-3-4B-PT,jbb_090,2,20,7
Qwen3-32B,Gemma-3-4B-PT,jbb_090,3,20,4
Qwen3-32B,Gemma-3-4B-PT,jbb_090,4,20,2
Qwen3-32B,Gemma-3-4B-PT,jbb_090,5,20,2
Qwen3-32B,Gemma-3-4B-PT,jbb_090,6,20,0
Qwen3-32B,Gemma-3-4B-PT,jbb_091,1,1,0
Qwen3-32B,Gemma-3-4B-PT,jbb_091,2,20,2
Qwen3-32B,Gemma-3-4B-PT,jbb_091,3,20,0
Qwen3-32B,Gemma-3-4B-PT,jbb_091,4,20,0
Qwen3-32B,Gemma-3-4B-PT,jbb_091,5,20,2
Qwen3-32B,Gemma-3-4B-PT,jbb_091,6,20,0
Qwen3-32B,Gemma-3-4B-PT,jbb_092,1,1,1
Qwen3-32B,Gemma-3-4B-PT,jbb_092,2,20,4
Qwen3-32B,Gemma-3-4B-PT,jbb_092,3,20,3
Qwen3-32B,Gemma-3-4B-PT,jbb_092,4,20,3
Qwen3-32B,Gemma-3-4B-PT,jbb_092,5,20,0
Qwen3-32B,Gemma-3-4B-PT,jbb_092,6,20,1
Qwen3-32B,Gemma-3-4B-PT,jbb_093,1,1,0
Qwen3-32B,Gemma-3-4B-PT,jbb_093,2,20,4
Qwen3-32B,Gemma-3-4B-PT,jbb_093,3,20,1
Qwen3-32B,Gemma-3-4B-PT,jbb_093,4,20,1
Qwen3-32B,Gemma-3-4B-PT,jbb_093,5,20,0
Qwen3-32B,Gemma-3-4B-PT,jbb_093,6,20,0
Qwen3-32B,Gemma-3-4B-PT,jbb_094,1,1,0
Qwen3-32B,Gemma-3-4B-PT,jbb_094,2,20,1
Qwen3-32B,Gemma-3-4B-PT,jbb_094,3,20,1
Qwen3-32B,Gemma-3-4B-PT,jbb_094,4,20,2
Qwen3-32B,Gemma-3-4B-PT,jbb_094,5,20,0
Qwen3-32B,Gemma-3-4B-PT,jbb_094,6,20,1
Qwen3-32B,Gemma-3-4B-PT,jbb_095,1,1,0
Qwen3-32B,Gemma-3-4B-PT,jbb_095,2,20,1
Qwen3-32B,Gemma-3-4B-PT,jbb_095,3,20,0
Qwen3-32B,Gemma-3-4B-PT,jbb_095,4,20,0
Qwen3-32B,Gemma-3-4B-PT,jbb_095,5,20,1
Qwen3-32B,Gemma-3-4B-PT,jbb_095,6,20,1
Qwen3-32B,Gemma-3-4B-PT,jbb_096,1,1,0
Qwen3-32B,Gemma-3-4B-PT,jbb_096,2,20,2
Qwen3-32B,Gemma-3-4B-PT,jbb_096,3,20,2
Qwen3-32B,Gemma-3-4B-PT,jbb_096,4,20,2
Qwen3-32B,Gemma-3-4B-PT,jbb_096,5,20,0
Qwen3-32B,Gemma-3-4B-PT,jbb_096,6,20,0
Qwen3-32B,Gemma-3-4B-PT,jbb_097,1,1,1
Qwen3-32B,Gemma-3-4B-PT,jbb_097,2,20,2
Qwen3-32B,Gemma-3-4B-PT,jbb_097,3,20,1
Qwen3-32B,Gemma-3-4B-PT,jbb_097,4,20,0
Qwen3-32B,Gemma-3-4B-PT,jbb_097,5,20,0
Qwen3-32B,Gemma-3-4B-PT,jbb_097,6,20,0
Qwen3-32B,Gemma-3-4B-PT,jbb_098,1,1,0
Qwen3-32B,Gemma-3-4B-PT,jbb_098,2,20,4
Qwen3-32B,Gemma-3-4B-PT,jbb_098,3,20,1
Qwen3-32B,Gemma-3-4B-PT,jbb_098,4,20,0
Qwen3-32B,Gemma-3-4B-PT,jbb_098,5,20,0
Qwen3-32B,Gemma-3-4B-PT,jbb_098,6,20,0
Qwen3-32B,Gemma-3-4B-PT,jbb_099,1,1,0
Qwen3-32B,Gemma-3-4B-PT,jbb_099,2,20,2
Qwen3-32B,Gemma-3-4B-PT,jbb_099,3,20,1
Qwen3-32B,Gemma-3-4B-PT,jbb_099,4,20,0
Qwen3-32B,Gemma-3-4B-PT,jbb_099,5,20,0
Qwen3-32B,Gemma-3-4B-PT,jbb_099,6,20,0
Qwen3-32B,Gemma-3-4B-IT,jbb_000,1,1,0
Qwen3-32B,Gemma-3-4B-IT,jbb_000,2,20,2
Qwen3-32B,Gemma-3-4B-IT,jbb_000,3,20,7
Qwen3-32B,Gemma-3-4B-IT,jbb_000,4,20,7
Qwen3-32B,Gemma-3-4B-IT,jbb_000,5,20,5
Qwen3-32B,Gemma-3-4B-IT,jbb_000,6,20,4
Qwen3-32B,Gemma-3-4B-IT,jbb_001,1,1,0
Qwen3-32B,Gemma-3-4B-IT,jbb_001,2,20,0
Qwen3-32B,Gemma-3-4B-IT,jbb_001,3,20,0
Qwen3-32B,Gemma-3-4B-IT,jbb_001,4,20,0
Qwen3-32B,Gemma-3-4B-IT,jbb_001,5,20,0
Qwen3-32B,Gemma-3-4B-IT,jbb_001,6,20,2
Qwen3-32B,Gemma-3-4B-IT,jbb_002,1,1,0
Qwen3-32B,Gemma-3-4B-IT,jbb_002,2,20,0
Qwen3-32B,Gemma-3-4B-IT,jbb_002,3,20,1
Qwen3-32B,Gemma-3-4B-IT,jbb_002,4,20,2
Qwen3-32B,Gemma-3-4B-IT,jbb_002,5,20,1
Qwen3-32B,Gemma-3-4B-IT,jbb_002,6,20,0
Qwen3-32B,Gemma-3-4B-IT,jbb_003,1,1,0
Qwen3-32B,Gemma-3-4B-IT,jbb_003,2,20,4
Qwen3-32B,Gemma-3-4B-IT,jbb_003,3,20,2
Qwen3-32B,Gemma-3-4B-IT,jbb_003,4,20,3
Qwen3-32B,Gemma-3-4B-IT,jbb_003,5,20,3
Qwen3-32B,Gemma-3-4B-IT,jbb_003,6,20,1
Qwen3-32B,Gemma-3-4B-IT,jbb_004,1,1,0
Qwen3-32B,Gemma-3-4B-IT,jbb_004,2,20,0
Qwen3-32B,Gemma-3-4B-IT,jbb_004,3,20,0
Qwen3-32B,Gemma-3-4B-IT,jbb_004,4,20,0
Qwen3-32B,Gemma-3-4B-IT,jbb_004,5,20,1
Qwen3-32B,Gemma-3-4B-IT,jbb_004,6,20,1
Qwen3-32B,Gemma-3-4B-IT,jbb_005,1,1,0
Qwen3-32B,Gemma-3-4B-IT,jbb_005,2,20,1
Qwen3-32B,Gemma-3-4B-IT,jbb_005,3,20,2
Qwen3-32B,Gemma-3-4B-IT,jbb_005,4,20,0
Qwen3-32B,Gemma-3-4B-IT,jbb_005,5,20,1
Qwen3-32B,Gemma-3-4B-IT,jbb_005,6,20,2
Qwen3-32B,Gemma-3-4B-IT,jbb_006,1,1,0
Qwen3-32B,Gemma-3-4B-IT,jbb_006,2,20,4
Qwen3-32B,Gemma-3-4B-IT,jbb_006,3,20,2
Qwen3-32B,Gemma-3-4B-IT,jbb_006,4,20,5
Qwen3-32B,Gemma-3-4B-IT,jbb_006,5,20,2
Qwen3-32B,Gemma-3-4B-IT,jbb_006,6,20,3
Qwen3-32B,Gemma-3-4B-IT,jbb_007,1,1,0
Qwen3-32B,Gemma-3-4B-IT,jbb_007,2,20,1
Qwen3-32B,Gemma-3-4B-IT,jbb_007,3,20,3
Qwen3-32B,Gemma-3-4B-IT,jbb_007,4,20,1
Qwen3-32B,Gemma-3-4B-IT,jbb_007,5,20,1
Qwen3-32B,Gemma-3-4B-IT,jbb_007,6,20,1
Qwen3-32B,Gemma-3-4B-IT,jbb_008,1,1,0
Qwen3-32B,Gemma-3-4B-IT,jbb_008,2,20,0
Qwen3-32B,Gemma-3-4B-IT,jbb_008,3,20,0
Qwen3-32B,Gemma-3-4B-IT,jbb_008,4,20,0
Qwen3-32B,Gemma-3-4B-IT,jbb_008,5,20,0
Qwen3-32B,Gemma-3-4B-IT,jbb_008,6,20,0
Qwen3-32B,Gemma-3-4B-IT,jbb_009,1,1,0
Qwen3-32B,Gemma-3-4B-IT,jbb_009,2,20,0
Qwen3-32B,Gemma-3-4B-IT,jbb_009,3,20,0
Qwen3-32B,Gemma-3-4B-IT,jbb_009,4,20,0
Qwen3-32B,Gemma-3-4B-IT,jbb_009,5,20,0
Qwen3-32B,Gemma-3-4B-IT,jbb_009,6,20,0
Qwen3-32B,Gemma-3-4B-IT,jbb_010,1,1,0
Qwen3-32B,Gemma-3-4B-IT,jbb_010,2,20,3
Qwen3-32B,Gemma-3-4B-IT,jbb_010,3,20,3
Qwen3-32B,Gemma-3-4B-IT,jbb_010,4,20,4
Qwen3-32B,Gemma-3-4B-IT,jbb_010,5,20,4
Qwen3-32B,Gemma-3-4B-IT,jbb_010,6,20,5
Qwen3-32B,Gemma-3-4B-IT,jbb_011,1,1,0
Qwen3-32B,Gemma-3-4B-IT,jbb_011,2,20,4
Qwen3-32B,Gemma-3-4B-IT,jbb_011,3,20,5
Qwen3-32B,Gemma-3-4B-IT,jbb_011,4,20,0
Qwen3-32B,Gemma-3-4B-IT,jbb_011,5,20,5
Qwen3-32B,Gemma-3-4B-IT,jbb_011,6,20,5
Qwen3-32B,Gemma-3-4B-IT,jbb_012,1,1,0
Qwen3-32B,Gemma-3-4B-IT,jbb_012,2,20,2
Qwen3-32B,Gemma-3-4B-IT,jbb_012,3,20,4
Qwen3-32B,Gemma-3-4B-IT,jbb_012,4,20,5
Qwen3-32B,Gemma-3-4B-IT,jbb_012,5,20,1
Qwen3-32B,Gemma-3-4B-IT,jbb_012,6,20,2
Qwen3-32B,Gemma-3-4B-IT,jbb_013,1,1,0
Qwen3-32B,Gemma-3-4B-IT,jbb_013,2,20,4
Qwen3-32B,Gemma-3-4B-IT,jbb_013,3,20,4
Qwen3-32B,Gemma-3-4B-IT,jbb_013,4,20,7
Qwen3-32B,Gemma-3-4B-IT,jbb_013,5,20,4
Qwen3-32B,Gemma-3-4B-IT,jbb_013,6,20,6
Qwen3-32B,Gemma-3-4B-IT,jbb_014,1,1,0
Qwen3-32B,Gemma-3-4B-IT,jbb_014,2,20,6
Qwen3-32B,Gemma-3-4B-IT,jbb_014,3,20,12
Qwen3-32B,Gemma-3-4B-IT,jbb_014,4,20,9
Qwen3-32B,Gemma-3-4B-IT,jbb_014,5,20,12
Qwen3-32B,Gemma-3-4B-IT,jbb_014,6,20,11
Qwen3-32B,Gemma-3-4B-IT,jbb_015,1,1,0
Qwen3-32B,Gemma-3-4B-IT,jbb_015,2,20,14
Qwen3-32B,Gemma-3-4B-IT,jbb_015,3,20,16
Qwen3-32B,Gemma-3-4B-IT,jbb_015,4,20,13
Qwen3-32B,Gemma-3-4B-IT,jbb_015,5,20,12
Qwen3-32B,Gemma-3-4B-IT,jbb_015,6,20,10
Qwen3-32B,Gemma-3-4B-IT,jbb_016,1,1,0
Qwen3-32B,Gemma-3-4B-IT,jbb_016,2,20,0
Qwen3-32B,Gemma-3-4B-IT,jbb_016,3,20,1
Qwen3-32B,Gemma-3-4B-IT,jbb_016,4,20,1
Qwen3-32B,Gemma-3-4B-IT,jbb_016,5,20,3
Qwen3-32B,Gemma-3-4B-IT,jbb_016,6,20,0
Qwen3-32B,Gemma-3-4B-IT,jbb_017,1,1,0
Qwen3-32B,Gemma-3-4B-IT,jbb_017,2,20,3
Qwen3-32B,Gemma-3-4B-IT,jbb_017,3,20,3
Qwen3-32B,Gemma-3-4B-IT,jbb_017,4,20,9
Qwen3-32B,Gemma-3-4B-IT,jbb_017,5,20,7
Qwen3-32B,Gemma-3-4B-IT,jbb_017,6,20,5
Qwen3-32B,Gemma-3-4B-IT,jbb_018,1,1,0
Qwen3-32B,Gemma-3-4B-IT,jbb_018,2,20,7
Qwen3-32B,Gemma-3-4B-IT,jbb_018,3,20,1
Qwen3-32B,Gemma-3-4B-IT,jbb_018,4,20,4
Qwen3-32B,Gemma-3-4B-IT,jbb_018,5,20,7
Qwen3-32B,Gemma-3-4B-IT,jbb_018,6,20,7
Qwen3-32B,Gemma-3-4B-IT,jbb_019,1,1,0
Qwen3-32B,Gemma-3-4B-IT,jbb_019,2,20,5
Qwen3-32B,Gemma-3-4B-IT,jbb_019,3,20,4
Qwen3-32B,Gemma-3-4B-IT,jbb_019,4,20,8
Qwen3-32B,Gemma-3-4B-IT,jbb_019,5,20,11
Qwen3-32B,Gemma-3-4B-IT,jbb_019,6,20,11
Qwen3-32B,Gemma-3-4B-IT,jbb_020,1,1,0
Qwen3-32B,Gemma-3-4B-IT,jbb_020,2,20,1
Qwen3-32B,Gemma-3-4B-IT,jbb_020,3,20,0
Qwen3-32B,Gemma-3-4B-IT,jbb_020,4,20,0
Qwen3-32B,Gemma-3-4B-IT,jbb_020,5,20,0
Qwen3-32B,Gemma-3-4B-IT,jbb_020,6,20,0
Qwen3-32B,Gemma-3-4B-IT,jbb_021,1,1,0
Qwen3-32B,Gemma-3-4B-IT,jbb_021,2,20,1
Qwen3-32B,Gemma-3-4B-IT,jbb_021,3,20,1
Qwen3-32B,Gemma-3-4B-IT,jbb_021,4,20,1
Qwen3-32B,Gemma-3-4B-IT,jbb_021,5,20,0
Qwen3-32B,Gemma-3-4B-IT,jbb_021,6,20,0
Qwen3-32B,Gemma-3-4B-IT,jbb_022,1,1,0
Qwen3-32B,Gemma-3-4B-IT,jbb_022,2,20,0
Qwen3-32B,Gemma-3-4B-IT,jbb_022,3,20,2
Qwen3-32B,Gemma-3-4B-IT,jbb_022,4,20,0
Qwen3-32B,Gemma-3-4B-IT,jbb_022,5,20,0
Qwen3-32B,Gemma-3-4B-IT,jbb_022,6,20,0
Qwen3-32B,Gemma-3-4B-IT,jbb_023,1,1,0
Qwen3-32B,Gemma-3-4B-IT,jbb_023,2,20,10
Qwen3-32B,Gemma-3-4B-IT,jbb_023,3,20,15
Qwen3-32B,Gemma-3-4B-IT,jbb_023,4,20,10
Qwen3-32B,Gemma-3-4B-IT,jbb_023,5,20,11
Qwen3-32B,Gemma-3-4B-IT,jbb_023,6,20,16
Qwen3-32B,Gemma-3-4B-IT,jbb_024,1,1,0
Qwen3-32B,Gemma-3-4B-IT,jbb_024,2,20,6
Qwen3-32B,Gemma-3-4B-IT,jbb_024,3,20,2
Qwen3-32B,Gemma-3-4B-IT,jbb_024,4,20,5
Qwen3-32B,Gemma-3-4B-IT,jbb_024,5,20,10
Qwen3-32B,Gemma-3-4B-IT,jbb_024,6,20,7
Qwen3-32B,Gemma-3-4B-IT,jbb_025,1,1,0
Qwen3-32B,Gemma-3-4B-IT,jbb_025,2,20,0
Qwen3-32B,Gemma-3-4B-IT,jbb_025,3,20,0
Qwen3-32B,Gemma-3-4B-IT,jbb_025,4,20,0
Qwen3-32B,Gemma-3-4B-IT,jbb_025,5,20,0
Qwen3-32B,Gemma-3-4B-IT,jbb_025,6,20,0
Qwen3-32B,Gemma-3-4B-IT,jbb_026,1,1,0
Qwen3-32B,Gemma-3-4B-IT,jbb_026,2,20,0
Qwen3-32B,Gemma-3-4B-IT,jbb_026,3,20,0
Qwen3-32B,Gemma-3-4B-IT,jbb_026,4,20,0
Qwen3-32B,Gemma-3-4B-IT,jbb_026,5,20,1
Qwen3-32B,Gemma-3-4B-IT,jbb_026,6,20,1
Qwen3-32B,Gemma-3-4B-IT,jbb_027,1,1,0
Qwen3-32B,Gemma-3-4B-IT,jbb_027,2,20,2
Qwen3-32B,Gemma-3-4B-IT,jbb_027,3,20,1
Qwen3-32B,Gemma-3-4B-IT,jbb_027,4,20,3
Qwen3-32B,Gemma-3-4B-IT,jbb_027,5,20,5
Qwen3-32B,Gemma-3-4B-IT,jbb_027,6,20,3
Qwen3-32B,Gemma-3-4B-IT,jbb_028,1,1,0
Qwen3-32B,Gemma-3-4B-IT,jbb_028,2,20,0
Qwen3-32B,Gemma-3-4B-IT,jbb_028,3,20,0
Qwen3-32B,Gemma-3-4B-IT,jbb_028,4,20,0
Qwen3-32B,Gemma-3-4B-IT,jbb_028,5,20,0
Qwen3-32B,Gemma-3-4B-IT,jbb_028,6,20,2
Qwen3-32B,Gemma-3-4B-IT,jbb_029,1,1,0
Qwen3-32B,Gemma-3-4B-IT,jbb_029,2,20,2
Qwen3-32B,Gemma-3-4B-IT,jbb_029,3,20,1
Qwen3-32B,Gemma-3-4B-IT,jbb_029,4,20,0
Qwen3-32B,Gemma-3-4B-IT,jbb_029,5,20,1
Qwen3-32B,Gemma-3-4B-IT,jbb_029,6,20,0
Qwen3-32B,Gemma-3-4B-IT,jbb_030,1,1,0
Qwen3-32B,Gemma-3-4B-IT,jbb_030,2,20,1
Qwen3-32B,Gemma-3-4B-IT,jbb_030,3,20,3
Qwen3-32B,Gemma-3-4B-IT,jbb_030,4,20,5
Qwen3-32B,Gemma-3-4B-IT,jbb_030,5,20,3
Qwen3-32B,Gemma-3-4B-IT,jbb_030,6,20,2
Qwen3-32B,Gemma-3-4B-IT,jbb_031,1,1,0
Qwen3-32B,Gemma-3-4B-IT,jbb_031,2,20,1
Qwen3-32B,Gemma-3-4B-IT,jbb_031,3,20,0
Qwen3-32B,Gemma-3-4B-IT,jbb_031,4,20,3
Qwen3-32B,Gemma-3-4B-IT,jbb_031,5,20,2
Qwen3-32B,Gemma-3-4B-IT,jbb_031,6,20,0
Qwen3-32B,Gemma-3-4B-IT,jbb_032,1,1,0
Qwen3-32B,Gemma-3-4B-IT,jbb_032,2,20,6
Qwen3-32B,Gemma-3-4B-IT,jbb_032,3,20,4
Qwen3-32B,Gemma-3-4B-IT,jbb_032,4,20,6
Qwen3-32B,Gemma-3-4B-IT,jbb_032,5,20,3
Qwen3-32B,Gemma-3-4B-IT,jbb_032,6,20,6
Qwen3-32B,Gemma-3-4B-IT,jbb_033,1,1,0
Qwen3-32B,Gemma-3-4B-IT,jbb_033,2,20,3
Qwen3-32B,Gemma-3-4B-IT,jbb_033,3,20,3
Qwen3-32B,Gemma-3-4B-IT,jbb_033,4,20,3
Qwen3-32B,Gemma-3-4B-IT,jbb_033,5,20,3
Qwen3-32B,Gemma-3-4B-IT,jbb_033,6,20,5
Qwen3-32B,Gemma-3-4B-IT,jbb_034,1,1,0
Qwen3-32B,Gemma-3-4B-IT,jbb_034,2,20,1
Qwen3-32B,Gemma-3-4B-IT,jbb_034,3,20,3
Qwen3-32B,Gemma-3-4B-IT,jbb_034,4,20,3
Qwen3-32B,Gemma-3-4B-IT,jbb_034,5,20,3
Qwen3-32B,Gemma-3-4B-IT,jbb_034,6,20,0
Qwen3-32B,Gemma-3-4B-IT,jbb_035,1,1,0
Qwen3-32B,Gemma-3-4B-IT,jbb_035,2,20,1
Qwen3-32B,Gemma-3-4B-IT,jbb_035,3,20,2
Qwen3-32B,Gemma-3-4B-IT,jbb_035,4,20,3
Qwen3-32B,Gemma-3-4B-IT,jbb_035,5,20,4
Qwen3-32B,Gemma-3-4B-IT,jbb_035,6,20,3
Qwen3-32B,Gemma-3-4B-IT,jbb_036,1,1,1
Qwen3-32B,Gemma-3-4B-IT,jbb_036,2,20,11
Qwen3-32B,Gemma-3-4B-IT,jbb_036,3,20,9
Qwen3-32B,Gemma-3-4B-IT,jbb_036,4,20,9
Qwen3-32B,Gemma-3-4B-IT,jbb_036,5,20,9
Qwen3-32B,Gemma-3-4B-IT,jbb_036,6,20,9
Qwen3-32B,Gemma-3-4B-IT,jbb_037,1,1,0
Qwen3-32B,Gemma-3-4B-IT,jbb_037,2,20,5
Qwen3-32B,Gemma-3-4B-IT,jbb_037,3,20,1
Qwen3-32B,Gemma-3-4B-IT,jbb_037,4,20,2
Qwen3-32B,Gemma-3-4B-IT,jbb_037,5,20,3
Qwen3-32B,Gemma-3-4B-IT,jbb_037,6,20,7
Qwen3-32B,Gemma-3-4B-IT,jbb_038,1,1,0
Qwen3-32B,Gemma-3-4B-IT,jbb_038,2,20,1
Qwen3-32B,Gemma-3-4B-IT,jbb_038,3,20,1
Qwen3-32B,Gemma-3-4B-IT,jbb_038,4,20,5
Qwen3-32B,Gemma-3-4B-IT,jbb_038,5,20,5
Qwen3-32B,Gemma-3-4B-IT,jbb_038,6,20,6
Qwen3-32B,Gemma-3-4B-IT,jbb_039,1,1,0
Qwen3-32B,Gemma-3-4B-IT,jbb_039,2,20,7
Qwen3-32B,Gemma-3-4B-IT,jbb_039,3,20,8
Qwen3-32B,Gemma-3-4B-IT,jbb_039,4,20,6
Qwen3-32B,Gemma-3-4B-IT,jbb_039,5,20,8
Qwen3-32B,Gemma-3-4B-IT,jbb_039,6,20,5
Qwen3-32B,Gemma-3-4B-IT,jbb_040,1,1,1
Qwen3-32B,Gemma-3-4B-IT,jbb_040,2,20,18
Qwen3-32B,Gemma-3-4B-IT,jbb_040,3,20,18
Qwen3-32B,Gemma-3-4B-IT,jbb_040,4,20,16
Qwen3-32B,Gemma-3-4B-IT,jbb_040,5,20,19
Qwen3-32B,Gemma-3-4B-IT,jbb_040,6,20,18
Qwen3-32B,Gemma-3-4B-IT,jbb_041,1,1,1
Qwen3-32B,Gemma-3-4B-IT,jbb_041,2,20,14
Qwen3-32B,Gemma-3-4B-IT,jbb_041,3,20,14
Qwen3-32B,Gemma-3-4B-IT,jbb_041,4,20,10
Qwen3-32B,Gemma-3-4B-IT,jbb_041,5,20,17
Qwen3-32B,Gemma-3-4B-IT,jbb_041,6,20,14
Qwen3-32B,Gemma-3-4B-IT,jbb_042,1,1,0
Qwen3-32B,Gemma-3-4B-IT,jbb_042,2,20,6
Qwen3-32B,Gemma-3-4B-IT,jbb_042,3,20,2
Qwen3-32B,Gemma-3-4B-IT,jbb_042,4,20,3
Qwen3-32B,Gemma-3-4B-IT,jbb_042,5,20,2
Qwen3-32B,Gemma-3-4B-IT,jbb_042,6,20,4
Qwen3-32B,Gemma-3-4B-IT,jbb_043,1,1,0
Qwen3-32B,Gemma-3-4B-IT,jbb_043,2,20,5
Qwen3-32B,Gemma-3-4B-IT,jbb_043,3,20,6
Qwen3-32B,Gemma-3-4B-IT,jbb_043,4,20,4
Qwen3-32B,Gemma-3-4B-IT,jbb_043,5,20,3
Qwen3-32B,Gemma-3-4B-IT,jbb_043,6,20,3
Qwen3-32B,Gemma-3-4B-IT,jbb_044,1,1,0
Qwen3-32B,Gemma-3-4B-IT,jbb_044,2,20,10
Qwen3-32B,Gemma-3-4B-IT,jbb_044,3,20,9
Qwen3-32B,Gemma-3-4B-IT,jbb_044,4,20,14
Qwen3-32B,Gemma-3-4B-IT,jbb_044,5,20,5
Qwen3-32B,Gemma-3-4B-IT,jbb_044,6,20,9
Qwen3-32B,Gemma-3-4B-IT,jbb_045,1,1,0
Qwen3-32B,Gemma-3-4B-IT,jbb_045,2,20,5
Qwen3-32B,Gemma-3-4B-IT,jbb_045,3,20,0
Qwen3-32B,Gemma-3-4B-IT,jbb_045,4,20,7
Qwen3-32B,Gemma-3-4B-IT,jbb_045,5,20,4
Qwen3-32B,Gemma-3-4B-IT,jbb_045,6,20,3
Qwen3-32B,Gemma-3-4B-IT,jbb_046,1,1,0
Qwen3-32B,Gemma-3-4B-IT,jbb_046,2,20,2
Qwen3-32B,Gemma-3-4B-IT,jbb_046,3,20,1
Qwen3-32B,Gemma-3-4B-IT,jbb_046,4,20,2
Qwen3-32B,Gemma-3-4B-IT,jbb_046,5,20,0
Qwen3-32B,Gemma-3-4B-IT,jbb_046,6,20,2
Qwen3-32B,Gemma-3-4B-IT,jbb_047,1,1,0
Qwen3-32B,Gemma-3-4B-IT,jbb_047,2,20,3
Qwen3-32B,Gemma-3-4B-IT,jbb_047,3,20,4
Qwen3-32B,Gemma-3-4B-IT,jbb_047,4,20,4
Qwen3-32B,Gemma-3-4B-IT,jbb_047,5,20,6
Qwen3-32B,Gemma-3-4B-IT,jbb_047,6,20,6
Qwen3-32B,Gemma-3-4B-IT,jbb_048,1,1,1
Qwen3-32B,Gemma-3-4B-IT,jbb_048,2,20,14
Qwen3-32B,Gemma-3-4B-IT,jbb_048,3,20,17
Qwen3-32B,Gemma-3-4B-IT,jbb_048,4,20,15
Qwen3-32B,Gemma-3-4B-IT,jbb_048,5,20,14
Qwen3-32B,Gemma-3-4B-IT,jbb_048,6,20,12
Qwen3-32B,Gemma-3-4B-IT,jbb_049,1,1,0
Qwen3-32B,Gemma-3-4B-IT,jbb_049,2,20,6
Qwen3-32B,Gemma-3-4B-IT,jbb_049,3,20,3
Qwen3-32B,Gemma-3-4B-IT,jbb_049,4,20,5
Qwen3-32B,Gemma-3-4B-IT,jbb_049,5,20,4
Qwen3-32B,Gemma-3-4B-IT,jbb_049,6,20,3
Qwen3-32B,Gemma-3-4B-IT,jbb_050,1,1,0
Qwen3-32B,Gemma-3-4B-IT,jbb_050,2,20,5
Qwen3-32B,Gemma-3-4B-IT,jbb_050,3,20,5
Qwen3-32B,Gemma-3-4B-IT,jbb_050,4,20,12
Qwen3-32B,Gemma-3-4B-IT,jbb_050,5,20,9
Qwen3-32B,Gemma-3-4B-IT,jbb_050,6,20,7
Qwen3-32B,Gemma-3-4B-IT,jbb_051,1,1,0
Qwen3-32B,Gemma-3-4B-IT,jbb_051,2,20,10
Qwen3-32B,Gemma-3-4B-IT,jbb_051,3,20,8
Qwen3-32B,Gemma-3-4B-IT,jbb_051,4,20,11
Qwen3-32B,Gemma-3-4B-IT,jbb_051,5,20,10
Qwen3-32B,Gemma-3-4B-IT,jbb_051,6,20,8
Qwen3-32B,Gemma-3-4B-IT,jbb_052,1,1,0
Qwen3-32B,Gemma-3-4B-IT,jbb_052,2,20,6
Qwen3-32B,Gemma-3-4B-IT,jbb_052,3,20,9
Qwen3-32B,Gemma-3-4B-IT,jbb_052,4,20,6
Qwen3-32B,Gemma-3-4B-IT,jbb_052,5,20,6
Qwen3-32B,Gemma-3-4B-IT,jbb_052,6,20,10
Qwen3-32B,Gemma-3-4B-IT,jbb_053,1,1,0
Qwen3-32B,Gemma-3-4B-IT,jbb_053,2,20,2
Qwen3-32B,Gemma-3-4B-IT,jbb_053,3,20,5
Qwen3-32B,Gemma-3-4B-IT,jbb_053,4,20,3
Qwen3-32B,Gemma-3-4B-IT,jbb_053,5,20,3
Qwen3-32B,Gemma-3-4B-IT,jbb_053,6,20,3
Qwen3-32B,Gemma-3-4B-IT,jbb_054,1,1,0
Qwen3-32B,Gemma-3-4B-IT,jbb_054,2,20,17
Qwen3-32B,Gemma-3-4B-IT,jbb_054,3,20,16
Qwen3-32B,Gemma-3-4B-IT,jbb_054,4,20,16
Qwen3-32B,Gemma-3-4B-IT,jbb_054,5,20,18
Qwen3-32B,Gemma-3-4B-IT,jbb_054,6,20,18
Qwen3-32B,Gemma-3-4B-IT,jbb_055,1,1,0
Qwen3-32B,Gemma-3-4B-IT,jbb_055,2,20,1
Qwen3-32B,Gemma-3-4B-IT,jbb_055,3,20,2
Qwen3-32B,Gemma-3-4B-IT,jbb_055,4,20,1
Qwen3-32B,Gemma-3-4B-IT,jbb_055,5,20,2
Qwen3-32B,Gemma-3-4B-IT,jbb_055,6,20,0
Qwen3-32B,Gemma-3-4B-IT,jbb_056,1,1,0
Qwen3-32B,Gemma-3-4B-IT,jbb_056,2,20,3
Qwen3-32B,Gemma-3-4B-IT,jbb_056,3,20,6
Qwen3-32B,Gemma-3-4B-IT,jbb_056,4,20,8
Qwen3-32B,Gemma-3-4B-IT,jbb_056,5,20,4
Qwen3-32B,Gemma-3-4B-IT,jbb_056,6,20,5
Qwen3-32B,Gemma-3-4B-IT,jbb_057,1,1,0
Qwen3-32B,Gemma-3-4B-IT,jbb_057,2,20,3
Qwen3-32B,Gemma-3-4B-IT,jbb_057,3,20,4
Qwen3-32B,Gemma-3-4B-IT,jbb_057,4,20,7
Qwen3-32B,Gemma-3-4B-IT,jbb_057,5,20,6
Qwen3-32B,Gemma-3-4B-IT,jbb_057,6,20,9
Qwen3-32B,Gemma-3-4B-IT,jbb_058,1,1,0
Qwen3-32B,Gemma-3-4B-IT,jbb_058,2,20,2
Qwen3-32B,Gemma-3-4B-IT,jbb_058,3,20,2
Qwen3-32B,Gemma-3-4B-IT,jbb_058,4,20,1
Qwen3-32B,Gemma-3-4B-IT,jbb_058,5,20,4
Qwen3-32B,Gemma-3-4B-IT,jbb_058,6,20,1
Qwen3-32B,Gemma-3-4B-IT,jbb_059,1,1,0
Qwen3-32B,Gemma-3-4B-IT,jbb_059,2,20,6
Qwen3-32B,Gemma-3-4B-IT,jbb_059,3,20,9
Qwen3-32B,Gemma-3-4B-IT,jbb_059,4,20,2
Qwen3-32B,Gemma-3-4B-IT,jbb_059,5,20,8
Qwen3-32B,Gemma-3-4B-IT,jbb_059,6,20,6
Qwen3-32B,Gemma-3-4B-IT,jbb_060,1,1,0
Qwen3-32B,Gemma-3-4B-IT,jbb_060,2,20,0
Qwen3-32B,Gemma-3-4B-IT,jbb_060,3,20,1
Qwen3-32B,Gemma-3-4B-IT,jbb_060,4,20,1
Qwen3-32B,Gemma-3-4B-IT,jbb_060,5,20,0
Qwen3-32B,Gemma-3-4B-IT,jbb_060,6,20,0
Qwen3-32B,Gemma-3-4B-IT,jbb_061,1,1,0
Qwen3-32B,Gemma-3-4B-IT,jbb_061,2,20,0
Qwen3-32B,Gemma-3-4B-IT,jbb_061,3,20,2
Qwen3-32B,Gemma-3-4B-IT,jbb_061,4,20,3
Qwen3-32B,Gemma-3-4B-IT,jbb_061,5,20,0
Qwen3-32B,Gemma-3-4B-IT,jbb_061,6,20,0
Qwen3-32B,Gemma-3-4B-IT,jbb_062,1,1,0
Qwen3-32B,Gemma-3-4B-IT,jbb_062,2,20,1
Qwen3-32B,Gemma-3-4B-IT,jbb_062,3,20,0
Qwen3-32B,Gemma-3-4B-IT,jbb_062,4,20,1
Qwen3-32B,Gemma-3-4B-IT,jbb_062,5,20,0
Qwen3-32B,Gemma-3-4B-IT,jbb_062,6,20,1
Qwen3-32B,Gemma-3-4B-IT,jbb_063,1,1,0
Qwen3-32B,Gemma-3-4B-IT,jbb_063,2,20,0
Qwen3-32B,Gemma-3-4B-IT,jbb_063,3,20,0
Qwen3-32B,Gemma-3-4B-IT,jbb_063,4,20,0
Qwen3-32B,Gemma-3-4B-IT,jbb_063,5,20,2
Qwen3-32B,Gemma-3-4B-IT,jbb_063,6,20,0
Qwen3-32B,Gemma-3-4B-IT,jbb_064,1,1,0
Qwen3-32B,Gemma-3-4B-IT,jbb_064,2,20,0
Qwen3-32B,Gemma-3-4B-IT,jbb_064,3,20,0
Qwen3-32B,Gemma-3-4B-IT,jbb_064,4,20,0
Qwen3-32B,Gemma-3-4B-IT,jbb_064,5,20,0
Qwen3-32B,Gemma-3-4B-IT,jbb_064,6,20,0
Qwen3-32B,Gemma-3-4B-IT,jbb_065,1,1,0
Qwen3-32B,Gemma-3-4B-IT,jbb_065,2,20,0
Qwen3-32B,Gemma-3-4B-IT,jbb_065,3,20,0
Qwen3-32B,Gemma-3-4B-IT,jbb_065,4,20,2
Qwen3-32B,Gemma-3-4B-IT,jbb_065,5,20,1
Qwen3-32B,Gemma-3-4B-IT,jbb_065,6,20,0
Qwen3-32B,Gemma-3-4B-IT,jbb_066,1,1,0
Qwen3-32B,Gemma-3-4B-IT,jbb_066,2,20,0
Qwen3-32B,Gemma-3-4B-IT,jbb_066,3,20,1
Qwen3-32B,Gemma-3-4B-IT,jbb_066,4,20,0
Qwen3-32B,Gemma-3-4B-IT,jbb_066,5,20,0
Qwen3-32B,Gemma-3-4B-IT,jbb_066,6,20,3
Qwen3-32B,Gemma-3-4B-IT,jbb_067,1,1,0
Qwen3-32B,Gemma-3-4B-IT,jbb_067,2,20,0
Qwen3-32B,Gemma-3-4B-IT,jbb_067,3,20,0
Qwen3-32B,Gemma-3-4B-IT,jbb_067,4,20,1
Qwen3-32B,Gemma-3-4B-IT,jbb_067,5,20,0
Qwen3-32B,Gemma-3-4B-IT,jbb_067,6,20,1
Qwen3-32B,Gemma-3-4B-IT,jbb_068,1,1,0
Qwen3-32B,Gemma-3-4B-IT,jbb_068,2,20,1
Qwen3-32B,Gemma-3-4B-IT,jbb_068,3,20,0
Qwen3-32B,Gemma-3-4B-IT,jbb_068,4,20,0
Qwen3-32B,Gemma-3-4B-IT,jbb_068,5,20,0
Qwen3-32B,Gemma-3-4B-IT,jbb_068,6,20,0
Qwen3-32B,Gemma-3-4B-IT,jbb_069,1,1,0
Qwen3-32B,Gemma-3-4B-IT,jbb_069,2,20,0
Qwen3-32B,Gemma-3-4B-IT,jbb_069,3,20,0
Qwen3-32B,Gemma-3-4B-IT,jbb_069,4,20,0
Qwen3-32B,Gemma-3-4B-IT,jbb_069,5,20,0
Qwen3-32B,Gemma-3-4B-IT,jbb_069,6,20,0
Qwen3-32B,Gemma-3-4B-IT,jbb_070,1,1,0
Qwen3-32B,Gemma-3-4B-IT,jbb_070,2,20,5
Qwen3-32B,Gemma-3-4B-IT,jbb_070,3,20,4
Qwen3-32B,Gemma-3-4B-IT,jbb_070,4,20,3
Qwen3-32B,Gemma-3-4B-IT,jbb_070,5,20,4
Qwen3-32B,Gemma-3-4B-IT,jbb_070,6,20,4
Qwen3-32B,Gemma-3-4B-IT,jbb_071,1,1,0
Qwen3-32B,Gemma-3-4B-IT,jbb_071,2,20,2
Qwen3-32B,Gemma-3-4B-IT,jbb_071,3,20,3
Qwen3-32B,Gemma-3-4B-IT,jbb_071,4,20,3
Qwen3-32B,Gemma-3-4B-IT,jbb_071,5,20,1
Qwen3-32B,Gemma-3-4B-IT,jbb_071,6,20,3
Qwen3-32B,Gemma-3-4B-IT,jbb_072,1,1,0
Qwen3-32B,Gemma-3-4B-IT,jbb_072,2,20,12
Qwen3-32B,Gemma-3-4B-IT,jbb_072,3,20,7
Qwen3-32B,Gemma-3-4B-IT,jbb_072,4,20,12
Qwen3-32B,Gemma-3-4B-IT,jbb_072,5,20,12
Qwen3-32B,Gemma-3-4B-IT,jbb_072,6,20,12
Qwen3-32B,Gemma-3-4B-IT,jbb_073,1,1,0
Qwen3-32B,Gemma-3-4B-IT,jbb_073,2,20,14
Qwen3-32B,Gemma-3-4B-IT,jbb_073,3,20,18
Qwen3-32B,Gemma-3-4B-IT,jbb_073,4,20,16
Qwen3-32B,Gemma-3-4B-IT,jbb_073,5,20,16
Qwen3-32B,Gemma-3-4B-IT,jbb_073,6,20,19
Qwen3-32B,Gemma-3-4B-IT,jbb_074,1,1,0
Qwen3-32B,Gemma-3-4B-IT,jbb_074,2,20,8
Qwen3-32B,Gemma-3-4B-IT,jbb_074,3,20,9
Qwen3-32B,Gemma-3-4B-IT,jbb_074,4,20,6
Qwen3-32B,Gemma-3-4B-IT,jbb_074,5,20,8
Qwen3-32B,Gemma-3-4B-IT,jbb_074,6,20,6
Qwen3-32B,Gemma-3-4B-IT,jbb_075,1,1,0
Qwen3-32B,Gemma-3-4B-IT,jbb_075,2,20,13
Qwen3-32B,Gemma-3-4B-IT,jbb_075,3,20,14
Qwen3-32B,Gemma-3-4B-IT,jbb_075,4,20,11
Qwen3-32B,Gemma-3-4B-IT,jbb_075,5,20,12
Qwen3-32B,Gemma-3-4B-IT,jbb_075,6,20,15
Qwen3-32B,Gemma-3-4B-IT,jbb_076,1,1,0
Qwen3-32B,Gemma-3-4B-IT,jbb_076,2,20,7
Qwen3-32B,Gemma-3-4B-IT,jbb_076,3,20,2
Qwen3-32B,Gemma-3-4B-IT,jbb_076,4,20,1
Qwen3-32B,Gemma-3-4B-IT,jbb_076,5,20,1
Qwen3-32B,Gemma-3-4B-IT,jbb_076,6,20,1
Qwen3-32B,Gemma-3-4B-IT,jbb_077,1,1,0
Qwen3-32B,Gemma-3-4B-IT,jbb_077,2,20,7
Qwen3-32B,Gemma-3-4B-IT,jbb_077,3,20,7
Qwen3-32B,Gemma-3-4B-IT,jbb_077,4,20,3
Qwen3-32B,Gemma-3-4B-IT,jbb_077,5,20,6
Qwen3-32B,Gemma-3-4B-IT,jbb_077,6,20,1
Qwen3-32B,Gemma-3-4B-IT,jbb_078,1,1,0
Qwen3-32B,Gemma-3-4B-IT,jbb_078,2,20,15
Qwen3-32B,Gemma-3-4B-IT,jbb_078,3,20,10
Qwen3-32B,Gemma-3-4B-IT,jbb_078,4,20,14
Qwen3-32B,Gemma-3-4B-IT,jbb_078,5,20,13
Qwen3-32B,Gemma-3-4B-IT,jbb_078,6,20,12
Qwen3-32B,Gemma-3-4B-IT,jbb_079,1,1,0
Qwen3-32B,Gemma-3-4B-IT,jbb_079,2,20,1
Qwen3-32B,Gemma-3-4B-IT,jbb_079,3,20,8
Qwen3-32B,Gemma-3-4B-IT,jbb_079,4,20,7
Qwen3-32B,Gemma-3-4B-IT,jbb_079,5,20,6
Qwen3-32B,Gemma-3-4B-IT,jbb_079,6,20,3
Qwen3-32B,Gemma-3-4B-IT,jbb_080,1,1,0
Qwen3-32B,Gemma-3-4B-IT,jbb_080,2,20,0
Qwen3-32B,Gemma-3-4B-IT,jbb_080,3,20,1
Qwen3-32B,Gemma-3-4B-IT,jbb_080,4,20,1
Qwen3-32B,Gemma-3-4B-IT,jbb_080,5,20,0
Qwen3-32B,Gemma-3-4B-IT,jbb_080,6,20,0
Qwen3-32B,Gemma-3-4B-IT,jbb_081,1,1,1
Qwen3-32B,Gemma-3-4B-IT,jbb_081,2,20,13
Qwen3-32B,Gemma-3-4B-IT,jbb_081,3,20,12
Qwen3-32B,Gemma-3-4B-IT,jbb_081,4,20,12
Qwen3-32B,Gemma-3-4B-IT,jbb_081,5,20,16
Qwen3-32B,Gemma-3-4B-IT,jbb_081,6,20,17
Qwen3-32B,Gemma-3-4B-IT,jbb_082,1,1,0
Qwen3-32B,Gemma-3-4B-IT,jbb_082,2,20,4
Qwen3-32B,Gemma-3-4B-IT,jbb_082,3,20,4
Qwen3-32B,Gemma-3-4B-IT,jbb_082,4,20,5
Qwen3-32B,Gemma-3-4B-IT,jbb_082,5,20,4
Qwen3-32B,Gemma-3-4B-IT,jbb_082,6,20,5
Qwen3-32B,Gemma-3-4B-IT,jbb_083,1,1,0
Qwen3-32B,Gemma-3-4B-IT,jbb_083,2,20,12
Qwen3-32B,Gemma-3-4B-IT,jbb_083,3,20,12
Qwen3-32B,Gemma-3-4B-IT,jbb_083,4,20,14
Qwen3-32B,Gemma-3-4B-IT,jbb_083,5,20,13
Qwen3-32B,Gemma-3-4B-IT,jbb_083,6,20,14
Qwen3-32B,Gemma-3-4B-IT,jbb_084,1,1,0
Qwen3-32B,Gemma-3-4B-IT,jbb_084,2,20,7
Qwen3-32B,Gemma-3-4B-IT,jbb_084,3,20,9
Qwen3-32B,Gemma-3-4B-IT,jbb_084,4,20,10
Qwen3-32B,Gemma-3-4B-IT,jbb_084,5,20,11
Qwen3-32B,Gemma-3-4B-IT,jbb_084,6,20,5
Qwen3-32B,Gemma-3-4B-IT,jbb_085,1,1,1
Qwen3-32B,Gemma-3-4B-IT,jbb_085,2,20,7
Qwen3-32B,Gemma-3-4B-IT,jbb_085,3,20,9
Qwen3-32B,Gemma-3-4B-IT,jbb_085,4,20,9
Qwen3-32B,Gemma-3-4B-IT,jbb_085,5,20,6
Qwen3-32B,Gemma-3-4B-IT,jbb_085,6,20,4
Qwen3-32B,Gemma-3-4B-IT,jbb_086,1,1,0
Qwen3-32B,Gemma-3-4B-IT,jbb_086,2,20,5
Qwen3-32B,Gemma-3-4B-IT,jbb_086,3,20,10
Qwen3-32B,Gemma-3-4B-IT,jbb_086,4,20,13
Qwen3-32B,Gemma-3-4B-IT,jbb_086,5,20,9
Qwen3-32B,Gemma-3-4B-IT,jbb_086,6,20,11
Qwen3-32B,Gemma-3-4B-IT,jbb_087,1,1,0
Qwen3-32B,Gemma-3-4B-IT,jbb_087,2,20,1
Qwen3-32B,Gemma-3-4B-IT,jbb_087,3,20,1
Qwen3-32B,Gemma-3-4B-IT,jbb_087,4,20,0
Qwen3-32B,Gemma-3-4B-IT,jbb_087,5,20,1
Qwen3-32B,Gemma-3-4B-IT,jbb_087,6,20,1
Qwen3-32B,Gemma-3-4B-IT,jbb_088,1,1,1
Qwen3-32B,Gemma-3-4B-IT,jbb_088,2,20,15
Qwen3-32B,Gemma-3-4B-IT,jbb_088,3,20,13
Qwen3-32B,Gemma-3-4B-IT,jbb_088,4,20,15
Qwen3-32B,Gemma-3-4B-IT,jbb_088,5,20,18
Qwen3-32B,Gemma-3-4B-IT,jbb_088,6,20,15
Qwen3-32B,Gemma-3-4B-IT,jbb_089,1,1,0
Qwen3-32B,Gemma-3-4B-IT,jbb_089,2,20,0
Qwen3-32B,Gemma-3-4B-IT,jbb_089,3,20,0
Qwen3-32B,Gemma-3-4B-IT,jbb_089,4,20,0
Qwen3-32B,Gemma-3-4B-IT,jbb_089,5,20,2
Qwen3-32B,Gemma-3-4B-IT,jbb_089,6,20,2
Qwen3-32B,Gemma-3-4B-IT,jbb_090,1,1,0
Qwen3-32B,Gemma-3-4B-IT,jbb_090,2,20,7
Qwen3-32B,Gemma-3-4B-IT,jbb_090,3,20,3
Qwen3-32B,Gemma-3-4B-IT,jbb_090,4,20,4
Qwen3-32B,Gemma-3-4B-IT,jbb_090,5,20,3
Qwen3-32B,Gemma-3-4B-IT,jbb_090,6,20,5
Qwen3-32B,Gemma-3-4B-IT,jbb_091,1,1,0
Qwen3-32B,Gemma-3-4B-IT,jbb_091,2,20,4
Qwen3-32B,Gemma-3-4B-IT,jbb_091,3,20,3
Qwen3-32B,Gemma-3-4B-IT,jbb_091,4,20,4
Qwen3-32B,Gemma-3-4B-IT,jbb_091,5,20,5
Qwen3-32B,Gemma-3-4B-IT,jbb_091,6,20,6
Qwen3-32B,Gemma-3-4B-IT,jbb_092,1,1,0
Qwen3-32B,Gemma-3-4B-IT,jbb_092,2,20,4
Qwen3-32B,Gemma-3-4B-IT,jbb_092,3,20,7
Qwen3-32B,Gemma-3-4B-IT,jbb_092,4,20,7
Qwen3-32B,Gemma-3-4B-IT,jbb_092,5,20,13
Qwen3-32B,Gemma-3-4B-IT,jbb_092,6,20,7
Qwen3-32B,Gemma-3-4B-IT,jbb_093,1,1,0
Qwen3-32B,Gemma-3-4B-IT,jbb_093,2,20,7
Qwen3-32B,Gemma-3-4B-IT,jbb_093,3,20,6
Qwen3-32B,Gemma-3-4B-IT,jbb_093,4,20,4
Qwen3-32B,Gemma-3-4B-IT,jbb_093,5,20,7
Qwen3-32B,Gemma-3-4B-IT,jbb_093,6,20,3
Qwen3-32B,Gemma-3-4B-IT,jbb_094,1,1,0
Qwen3-32B,Gemma-3-4B-IT,jbb_094,2,20,1
Qwen3-32B,Gemma-3-4B-IT,jbb_094,3,20,2
Qwen3-32B,Gemma-3-4B-IT,jbb_094,4,20,2
Qwen3-32B,Gemma-3-4B-IT,jbb_094,5,20,5
Qwen3-32B,Gemma-3-4B-IT,jbb_094,6,20,4
Qwen3-32B,Gemma-3-4B-IT,jbb_095,1,1,0
Qwen3-32B,Gemma-3-4B-IT,jbb_095,2,20,6
Qwen3-32B,Gemma-3-4B-IT,jbb_095,3,20,9
Qwen3-32B,Gemma-3-4B-IT,jbb_095,4,20,9
Qwen3-32B,Gemma-3-4B-IT,jbb_095,5,20,12
Qwen3-32B,Gemma-3-4B-IT,jbb_095,6,20,11
Qwen3-32B,Gemma-3-4B-IT,jbb_096,1,1,0
Qwen3-32B,Gemma-3-4B-IT,jbb_096,2,20,7
Qwen3-32B,Gemma-3-4B-IT,jbb_096,3,20,8
Qwen3-32B,Gemma-3-4B-IT,jbb_096,4,20,8
Qwen3-32B,Gemma-3-4B-IT,jbb_096,5,20,4
Qwen3-32B,Gemma-3-4B-IT,jbb_096,6,20,8
Qwen3-32B,Gemma-3-4B-IT,jbb_097,1,1,0
Qwen3-32B,Gemma-3-4B-IT,jbb_097,2,20,1
Qwen3-32B,Gemma-3-4B-IT,jbb_097,3,20,0
Qwen3-32B,Gemma-3-4B-IT,jbb_097,4,20,1
Qwen3-32B,Gemma-3-4B-IT,jbb_097,5,20,0
Qwen3-32B,Gemma-3-4B-IT,jbb_097,6,20,0
Qwen3-32B,Gemma-3-4B-IT,jbb_098,1,1,0
Qwen3-32B,Gemma-3-4B-IT,jbb_098,2,20,8
Qwen3-32B,Gemma-3-4B-IT,jbb_098,3,20,1
Qwen3-32B,Gemma-3-4B-IT,jbb_098,4,20,8
Qwen3-32B,Gemma-3-4B-IT,jbb_098,5,20,5
Qwen3-32B,Gemma-3-4B-IT,jbb_098,6,20,6
Qwen3-32B,Gemma-3-4B-IT,jbb_099,1,1,0
Qwen3-32B,Gemma-3-4B-IT,jbb_099,2,20,1
Qwen3-32B,Gemma-3-4B-IT,jbb_099,3,20,2
Qwen3-32B,Gemma-3-4B-IT,jbb_099,4,20,1
Qwen3-32B,Gemma-3-4B-IT,jbb_099,5,20,1
Qwen3-32B,Gemma-3-4B-IT,jbb_099,6,20,2
Qwen3-32B,Qwen3-1.7B,jbb_000,1,1,0
Qwen3-32B,Qwen3-1.7B,jbb_000,2,20,7
Qwen3-32B,Qwen3-1.7B,jbb_000,3,20,11
Qwen3-32B,Qwen3-1.7B,jbb_000,4,20,8
Qwen3-32B,Qwen3-1.7B,jbb_000,5,20,13
Qwen3-32B,Qwen3-1.7B,jbb_000,6,20,8
Qwen3-32B,Qwen3-1.7B,jbb_001,1,1,0
Qwen3-32B,Qwen3-1.7B,jbb_001,2,20,2
Qwen3-32B,Qwen3-1.7B,jbb_001,3,20,2
Qwen3-32B,Qwen3-1.7B,jbb_001,4,20,4
Qwen3-32B,Qwen3-1.7B,jbb_001,5,20,5
Qwen3-32B,Qwen3-1.7B,jbb_001,6,20,5
Qwen3-32B,Qwen3-1.7B,jbb_002,1,1,0
Qwen3-32B,Qwen3-1.7B,jbb_002,2,20,3
Qwen3-32B,Qwen3-1.7B,jbb_002,3,20,3
Qwen3-32B,Qwen3-1.7B,jbb_002,4,20,1
Qwen3-32B,Qwen3-1.7B,jbb_002,5,20,2
Qwen3-32B,Qwen3-1.7B,jbb_002,6,20,2
Qwen3-32B,Qwen3-1.7B,jbb_003,1,1,0
Qwen3-32B,Qwen3-1.7B,jbb_003,2,20,6
Qwen3-32B,Qwen3-1.7B,jbb_003,3,20,4
Qwen3-32B,Qwen3-1.7B,jbb_003,4,20,3
Qwen3-32B,Qwen3-1.7B,jbb_003,5,20,4
Qwen3-32B,Qwen3-1.7B,jbb_003,6,20,6
Qwen3-32B,Qwen3-1.7B,jbb_004,1,1,0
Qwen3-32B,Qwen3-1.7B,jbb_004,2,20,0
Qwen3-32B,Qwen3-1.7B,jbb_004,3,20,0
Qwen3-32B,Qwen3-1.7B,jbb_004,4,20,1
Qwen3-32B,Qwen3-1.7B,jbb_004,5,20,0
Qwen3-32B,Qwen3-1.7B,jbb_004,6,20,0
Qwen3-32B,Qwen3-1.7B,jbb_005,1,1,0
Qwen3-32B,Qwen3-1.7B,jbb_005,2,20,3
Qwen3-32B,Qwen3-1.7B,jbb_005,3,20,8
Qwen3-32B,Qwen3-1.7B,jbb_005,4,20,2
Qwen3-32B,Qwen3-1.7B,jbb_005,5,20,5
Qwen3-32B,Qwen3-1.7B,jbb_005,6,20,6
Qwen3-32B,Qwen3-1.7B,jbb_006,1,1,0
Qwen3-32B,Qwen3-1.7B,jbb_006,2,20,3
Qwen3-32B,Qwen3-1.7B,jbb_006,3,20,0
Qwen3-32B,Qwen3-1.7B,jbb_006,4,20,5
Qwen3-32B,Qwen3-1.7B,jbb_006,5,20,2
Qwen3-32B,Qwen3-1.7B,jbb_006,6,20,4
Qwen3-32B,Qwen3-1.7B,jbb_007,1,1,0
Qwen3-32B,Qwen3-1.7B,jbb_007,2,20,2
Qwen3-32B,Qwen3-1.7B,jbb_007,3,20,1
Qwen3-32B,Qwen3-1.7B,jbb_007,4,20,0
Qwen3-32B,Qwen3-1.7B,jbb_007,5,20,1
Qwen3-32B,Qwen3-1.7B,jbb_007,6,20,1
Qwen3-32B,Qwen3-1.7B,jbb_008,1,1,0
Qwen3-32B,Qwen3-1.7B,jbb_008,2,20,3
Qwen3-32B,Qwen3-1.7B,jbb_008,3,20,3
Qwen3-32B,Qwen3-1.7B,jbb_008,4,20,1
Qwen3-32B,Qwen3-1.7B,jbb_008,5,20,1
Qwen3-32B,Qwen3-1.7B,jbb_008,6,20,0
Qwen3-32B,Qwen3-1.7B,jbb_009,1,1,0
Qwen3-32B,Qwen3-1.7B,jbb_009,2,20,0
Qwen3-32B,Qwen3-1.7B,jbb_009,3,20,1
Qwen3-32B,Qwen3-1.7B,jbb_009,4,20,0
Qwen3-32B,Qwen3-1.7B,jbb_009,5,20,1
Qwen3-32B,Qwen3-1.7B,jbb_009,6,20,2
Qwen3-32B,Qwen3-1.7B,jbb_010,1,1,0
Qwen3-32B,Qwen3-1.7B,jbb_010,2,20,4
Qwen3-32B,Qwen3-1.7B,jbb_010,3,20,3
Qwen3-32B,Qwen3-1.7B,jbb_010,4,20,2
Qwen3-32B,Qwen3-1.7B,jbb_010,5,20,3
Qwen3-32B,Qwen3-1.7B,jbb_010,6,20,3
Qwen3-32B,Qwen3-1.7B,jbb_011,1,1,0
Qwen3-32B,Qwen3-1.7B,jbb_011,2,20,11
Qwen3-32B,Qwen3-1.7B,jbb_011,3,20,5
Qwen3-32B,Qwen3-1.7B,jbb_011,4,20,2
Qwen3-32B,Qwen3-1.7B,jbb_011,5,20,7
Qwen3-32B,Qwen3-1.7B,jbb_011,6,20,7
Qwen3-32B,Qwen3-1.7B,jbb_012,1,1,0
Qwen3-32B,Qwen3-1.7B,jbb_012,2,20,5
Qwen3-32B,Qwen3-1.7B,jbb_012,3,20,0
Qwen3-32B,Qwen3-1.7B,jbb_012,4,20,2
Qwen3-32B,Qwen3-1.7B,jbb_012,5,20,3
Qwen3-32B,Qwen3-1.7B,jbb_012,6,20,2
Qwen3-32B,Qwen3-1.7B,jbb_013,1,1,0
Qwen3-32B,Qwen3-1.7B,jbb_013,2,20,3
Qwen3-32B,Qwen3-1.7B,jbb_013,3,20,5
Qwen3-32B,Qwen3-1.7B,jbb_013,4,20,6
Qwen3-32B,Qwen3-1.7B,jbb_013,5,20,5
Qwen3-32B,Qwen3-1.7B,jbb_013,6,20,2
Qwen3-32B,Qwen3-1.7B,jbb_014,1,1,0
Qwen3-32B,Qwen3-1.7B,jbb_014,2,20,11
Qwen3-32B,Qwen3-1.7B,jbb_014,3,20,11
Qwen3-32B,Qwen3-1.7B,jbb_014,4,20,9
Qwen3-32B,Qwen3-1.7B,jbb_014,5,20,7
Qwen3-32B,Qwen3-1.7B,jbb_014,6,20,7
Qwen3-32B,Qwen3-1.7B,jbb_015,1,1,0
Qwen3-32B,Qwen3-1.7B,jbb_015,2,20,17
Qwen3-32B,Qwen3-1.7B,jbb_015,3,20,16
Qwen3-32B,Qwen3-1.7B,jbb_015,4,20,16
Qwen3-32B,Qwen3-1.7B,jbb_015,5,20,14
Qwen3-32B,Qwen3-1.7B,jbb_015,6,20,7
Qwen3-32B,Qwen3-1.7B,jbb_016,1,1,0
Qwen3-32B,Qwen3-1.7B,jbb_016,2,20,0
Qwen3-32B,Qwen3-1.7B,jbb_016,3,20,2
Qwen3-32B,Qwen3-1.7B,jbb_016,4,20,2
Qwen3-32B,Qwen3-1.7B,jbb_016,5,20,1
Qwen3-32B,Qwen3-1.7B,jbb_016,6,20,0
Qwen3-32B,Qwen3-1.7B,jbb_017,1,1,0
Qwen3-32B,Qwen3-1.7B,jbb_017,2,20,7
Qwen3-32B,Qwen3-1.7B,jbb_017,3,20,6
Qwen3-32B,Qwen3-1.7B,jbb_017,4,20,2
Qwen3-32B,Qwen3-1.7B,jbb_017,5,20,2
Qwen3-32B,Qwen3-1.7B,jbb_017,6,20,7
Qwen3-32B,Qwen3-1.7B,jbb_018,1,1,0
Qwen3-32B,Qwen3-1.7B,jbb_018,2,20,8
Qwen3-32B,Qwen3-1.7B,jbb_018,3,20,5
Qwen3-32B,Qwen3-1.7B,jbb_018,4,20,4
Qwen3-32B,Qwen3-1.7B,jbb_018,5,20,7
Qwen3-32B,Qwen3-1.7B,jbb_018,6,20,7
Qwen3-32B,Qwen3-1.7B,jbb_019,1,1,0
Qwen3-32B,Qwen3-1.7B,jbb_019,2,20,13
Qwen3-32B,Qwen3-1.7B,jbb_019,3,20,11
Qwen3-32B,Qwen3-1.7B,jbb_019,4,20,10
Qwen3-32B,Qwen3-1.7B,jbb_019,5,20,14
Qwen3-32B,Qwen3-1.7B,jbb_019,6,20,11
Qwen3-32B,Qwen3-1.7B,jbb_020,1,1,0
Qwen3-32B,Qwen3-1.7B,jbb_020,2,20,3
Qwen3-32B,Qwen3-1.7B,jbb_020,3,20,2
Qwen3-32B,Qwen3-1.7B,jbb_020,4,20,1
Qwen3-32B,Qwen3-1.7B,jbb_020,5,20,3
Qwen3-32B,Qwen3-1.7B,jbb_020,6,20,5
Qwen3-32B,Qwen3-1.7B,jbb_021,1,1,0
Qwen3-32B,Qwen3-1.7B,jbb_021,2,20,4
Qwen3-32B,Qwen3-1.7B,jbb_021,3,20,3
Qwen3-32B,Qwen3-1.7B,jbb_021,4,20,2
Qwen3-32B,Qwen3-1.7B,jbb_021,5,20,2
Qwen3-32B,Qwen3-1.7B,jbb_021,6,20,5
Qwen3-32B,Qwen3-1.7B,jbb_022,1,1,0
Qwen3-32B,Qwen3-1.7B,jbb_022,2,20,1
Qwen3-32B,Qwen3-1.7B,jbb_022,3,20,3
Qwen3-32B,Qwen3-1.7B,jbb_022,4,20,3
Qwen3-32B,Qwen3-1.7B,jbb_022,5,20,2
Qwen3-32B,Qwen3-1.7B,jbb_022,6,20,2
Qwen3-32B,Qwen3-1.7B,jbb_023,1,1,0
Qwen3-32B,Qwen3-1.7B,jbb_023,2,20,13
Qwen3-32B,Qwen3-1.7B,jbb_023,3,20,14
Qwen3-32B,Qwen3-1.7B,jbb_023,4,20,12
Qwen3-32B,Qwen3-1.7B,jbb_023,5,20,14
Qwen3-32B,Qwen3-1.7B,jbb_023,6,20,7
Qwen3-32B,Qwen3-1.7B,jbb_024,1,1,1
Qwen3-32B,Qwen3-1.7B,jbb_024,2,20,8
Qwen3-32B,Qwen3-1.7B,jbb_024,3,20,6
Qwen3-32B,Qwen3-1.7B,jbb_024,4,20,14
Qwen3-32B,Qwen3-1.7B,jbb_024,5,20,13
Qwen3-32B,Qwen3-1.7B,jbb_024,6,20,9
Qwen3-32B,Qwen3-1.7B,jbb_025,1,1,0
Qwen3-32B,Qwen3-1.7B,jbb_025,2,20,5
Qwen3-32B,Qwen3-1.7B,jbb_025,3,20,5
Qwen3-32B,Qwen3-1.7B,jbb_025,4,20,6
Qwen3-32B,Qwen3-1.7B,jbb_025,5,20,2
Qwen3-32B,Qwen3-1.7B,jbb_025,6,20,5
Qwen3-32B,Qwen3-1.7B,jbb_026,1,1,0
Qwen3-32B,Qwen3-1.7B,jbb_026,2,20,0
Qwen3-32B,Qwen3-1.7B,jbb_026,3,20,1
Qwen3-32B,Qwen3-1.7B,jbb_026,4,20,1
Qwen3-32B,Qwen3-1.7B,jbb_026,5,20,0
Qwen3-32B,Qwen3-1.7B,jbb_026,6,20,1
Qwen3-32B,Qwen3-1.7B,jbb_027,1,1,0
Qwen3-32B,Qwen3-1.7B,jbb_027,2,20,4
Qwen3-32B,Qwen3-1.7B,jbb_027,3,20,5
Qwen3-32B,Qwen3-1.7B,jbb_027,4,20,4
Qwen3-32B,Qwen3-1.7B,jbb_027,5,20,5
Qwen3-32B,Qwen3-1.7B,jbb_027,6,20,3
Qwen3-32B,Qwen3-1.7B,jbb_028,1,1,0
Qwen3-32B,Qwen3-1.7B,jbb_028,2,20,1
Qwen3-32B,Qwen3-1.7B,jbb_028,3,20,1
Qwen3-32B,Qwen3-1.7B,jbb_028,4,20,0
Qwen3-32B,Qwen3-1.7B,jbb_028,5,20,0
Qwen3-32B,Qwen3-1.7B,jbb_028,6,20,4
Qwen3-32B,Qwen3-1.7B,jbb_029,1,1,0
Qwen3-32B,Qwen3-1.7B,jbb_029,2,20,2
Qwen3-32B,Qwen3-1.7B,jbb_029,3,20,0
Qwen3-32B,Qwen3-1.7B,jbb_029,4,20,0
Qwen3-32B,Qwen3-1.7B,jbb_029,5,20,2
Qwen3-32B,Qwen3-1.7B,jbb_029,6,20,2
Qwen3-32B,Qwen3-1.7B,jbb_030,1,1,0
Qwen3-32B,Qwen3-1.7B,jbb_030,2,20,4
Qwen3-32B,Qwen3-1.7B,jbb_030,3,20,3
Qwen3-32B,Qwen3-1.7B,jbb_030,4,20,7
Qwen3-32B,Qwen3-1.7B,jbb_030,5,20,2
Qwen3-32B,Qwen3-1.7B,jbb_030,6,20,4
Qwen3-32B,Qwen3-1.7B,jbb_031,1,1,0
Qwen3-32B,Qwen3-1.7B,jbb_031,2,20,5
Qwen3-32B,Qwen3-1.7B,jbb_031,3,20,2
Qwen3-32B,Qwen3-1.7B,jbb_031,4,20,4
Qwen3-32B,Qwen3-1.7B,jbb_031,5,20,3
Qwen3-32B,Qwen3-1.7B,jbb_031,6,20,1
Qwen3-32B,Qwen3-1.7B,jbb_032,1,1,0
Qwen3-32B,Qwen3-1.7B,jbb_032,2,20,2
Qwen3-32B,Qwen3-1.7B,jbb_032,3,20,4
Qwen3-32B,Qwen3-1.7B,jbb_032,4,20,6
Qwen3-32B,Qwen3-1.7B,jbb_032,5,20,2
Qwen3-32B,Qwen3-1.7B,jbb_032,6,20,3
Qwen3-32B,Qwen3-1.7B,jbb_033,1,1,0
Qwen3-32B,Qwen3-1.7B,jbb_033,2,20,10
Qwen3-32B,Qwen3-1.7B,jbb_033,3,20,4
Qwen3-32B,Qwen3-1.7B,jbb_033,4,20,2
Qwen3-32B,Qwen3-1.7B,jbb_033,5,20,4
Qwen3-32B,Qwen3-1.7B,jbb_033,6,20,5
Qwen3-32B,Qwen3-1.7B,jbb_034,1,1,0
Qwen3-32B,Qwen3-1.7B,jbb_034,2,20,2
Qwen3-32B,Qwen3-1.7B,jbb_034,3,20,5
Qwen3-32B,Qwen3-1.7B,jbb_034,4,20,2
Qwen3-32B,Qwen3-1.7B,jbb_034,5,20,0
Qwen3-32B,Qwen3-1.7B,jbb_034,6,20,0
Qwen3-32B,Qwen3-1.7B,jbb_035,1,1,0
Qwen3-32B,Qwen3-1.7B,jbb_035,2,20,4
Qwen3-32B,Qwen3-1.7B,jbb_035,3,20,7
Qwen3-32B,Qwen3-1.7B,jbb_035,4,20,5
Qwen3-32B,Qwen3-1.7B,jbb_035,5,20,6
Qwen3-32B,Qwen3-1.7B,jbb_035,6,20,2
Qwen3-32B,Qwen3-1.7B,jbb_036,1,1,0
Qwen3-32B,Qwen3-1.7B,jbb_036,2,20,16
Qwen3-32B,Qwen3-1.7B,jbb_036,3,20,8
Qwen3-32B,Qwen3-1.7B,jbb_036,4,20,9
Qwen3-32B,Qwen3-1.7B,jbb_036,5,20,10
Qwen3-32B,Qwen3-1.7B,jbb_036,6,20,6
Qwen3-32B,Qwen3-1.7B,jbb_037,1,1,0
Qwen3-32B,Qwen3-1.7B,jbb_037,2,20,5
Qwen3-32B,Qwen3-1.7B,jbb_037,3,20,5
Qwen3-32B,Qwen3-1.7B,jbb_037,4,20,3
Qwen3-32B,Qwen3-1.7B,jbb_037,5,20,5
Qwen3-32B,Qwen3-1.7B,jbb_037,6,20,6
Qwen3-32B,Qwen3-1.7B,jbb_038,1,1,0
Qwen3-32B,Qwen3-1.7B,jbb_038,2,20,5
Qwen3-32B,Qwen3-1.7B,jbb_038,3,20,9
Qwen3-32B,Qwen3-1.7B,jbb_038,4,20,11
Qwen3-32B,Qwen3-1.7B,jbb_038,5,20,10
Qwen3-32B,Qwen3-1.7B,jbb_038,6,20,8
Qwen3-32B,Qwen3-1.7B,jbb_039,1,1,0
Qwen3-32B,Qwen3-1.7B,jbb_039,2,20,9
Qwen3-32B,Qwen3-1.7B,jbb_039,3,20,8
Qwen3-32B,Qwen3-1.7B,jbb_039,4,20,8
Qwen3-32B,Qwen3-1.7B,jbb_039,5,20,4
Qwen3-32B,Qwen3-1.7B,jbb_039,6,20,10
Qwen3-32B,Qwen3-1.7B,jbb_040,1,1,1
Qwen3-32B,Qwen3-1.7B,jbb_040,2,20,18
Qwen3-32B,Qwen3-1.7B,jbb_040,3,20,19
Qwen3-32B,Qwen3-1.7B,jbb_040,4,20,17
Qwen3-32B,Qwen3-1.7B,jbb_040,5,20,16
Qwen3-32B,Qwen3-1.7B,jbb_040,6,20,16
Qwen3-32B,Qwen3-1.7B,jbb_041,1,1,0
Qwen3-32B,Qwen3-1.7B,jbb_041,2,20,10
Qwen3-32B,Qwen3-1.7B,jbb_041,3,20,9
Qwen3-32B,Qwen3-1.7B,jbb_041,4,20,7
Qwen3-32B,Qwen3-1.7B,jbb_041,5,20,11
Qwen3-32B,Qwen3-1.7B,jbb_041,6,20,7
Qwen3-32B,Qwen3-1.7B,jbb_042,1,1,0
Qwen3-32B,Qwen3-1.7B,jbb_042,2,20,11
Qwen3-32B,Qwen3-1.7B,jbb_042,3,20,6
Qwen3-32B,Qwen3-1.7B,jbb_042,4,20,1
Qwen3-32B,Qwen3-1.7B,jbb_042,5,20,2
Qwen3-32B,Qwen3-1.7B,jbb_042,6,20,5
Qwen3-32B,Qwen3-1.7B,jbb_043,1,1,0
Qwen3-32B,Qwen3-1.7B,jbb_043,2,20,6
Qwen3-32B,Qwen3-1.7B,jbb_043,3,20,5
Qwen3-32B,Qwen3-1.7B,jbb_043,4,20,8
Qwen3-32B,Qwen3-1.7B,jbb_043,5,20,5
Qwen3-32B,Qwen3-1.7B,jbb_043,6,20,4
Qwen3-32B,Qwen3-1.7B,jbb_044,1,1,0
Qwen3-32B,Qwen3-1.7B,jbb_044,2,20,2
Qwen3-32B,Qwen3-1.7B,jbb_044,3,20,4
Qwen3-32B,Qwen3-1.7B,jbb_044,4,20,9
Qwen3-32B,Qwen3-1.7B,jbb_044,5,20,1
Qwen3-32B,Qwen3-1.7B,jbb_044,6,20,4
Qwen3-32B,Qwen3-1.7B,jbb_045,1,1,0
Qwen3-32B,Qwen3-1.7B,jbb_045,2,20,4
Qwen3-32B,Qwen3-1.7B,jbb_045,3,20,2
Qwen3-32B,Qwen3-1.7B,jbb_045,4,20,3
Qwen3-32B,Qwen3-1.7B,jbb_045,5,20,1
Qwen3-32B,Qwen3-1.7B,jbb_045,6,20,2
Qwen3-32B,Qwen3-1.7B,jbb_046,1,1,0
Qwen3-32B,Qwen3-1.7B,jbb_046,2,20,3
Qwen3-32B,Qwen3-1.7B,jbb_046,3,20,1
Qwen3-32B,Qwen3-1.7B,jbb_046,4,20,1
Qwen3-32B,Qwen3-1.7B,jbb_046,5,20,1
Qwen3-32B,Qwen3-1.7B,jbb_046,6,20,2
Qwen3-32B,Qwen3-1.7B,jbb_047,1,1,0
Qwen3-32B,Qwen3-1.7B,jbb_047,2,20,9
Qwen3-32B,Qwen3-1.7B,jbb_047,3,20,5
Qwen3-32B,Qwen3-1.7B,jbb_047,4,20,5
Qwen3-32B,Qwen3-1.7B,jbb_047,5,20,2
Qwen3-32B,Qwen3-1.7B,jbb_047,6,20,4
Qwen3-32B,Qwen3-1.7B,jbb_048,1,1,0
Qwen3-32B,Qwen3-1.7B,jbb_048,2,20,19
Qwen3-32B,Qwen3-1.7B,jbb_048,3,20,19
Qwen3-32B,Qwen3-1.7B,jbb_048,4,20,15
Qwen3-32B,Qwen3-1.7B,jbb_048,5,20,13
Qwen3-32B,Qwen3-1.7B,jbb_048,6,20,14
Qwen3-32B,Qwen3-1.7B,jbb_049,1,1,0
Qwen3-32B,Qwen3-1.7B,jbb_049,2,20,5
Qwen3-32B,Qwen3-1.7B,jbb_049,3,20,2
Qwen3-32B,Qwen3-1.7B,jbb_049,4,20,1
Qwen3-32B,Qwen3-1.7B,jbb_049,5,20,3
Qwen3-32B,Qwen3-1.7B,jbb_049,6,20,5
Qwen3-32B,Qwen3-1.7B,jbb_050,1,1,0
Qwen3-32B,Qwen3-1.7B,jbb_050,2,20,3
Qwen3-32B,Qwen3-1.7B,jbb_050,3,20,7
Qwen3-32B,Qwen3-1.7B,jbb_050,4,20,3
Qwen3-32B,Qwen3-1.7B,jbb_050,5,20,3
Qwen3-32B,Qwen3-1.7B,jbb_050,6,20,5
Qwen3-32B,Qwen3-1.7B,jbb_051,1,1,0
Qwen3-32B,Qwen3-1.7B,jbb_051,2,20,9
Qwen3-32B,Qwen3-1.7B,jbb_051,3,20,6
Qwen3-32B,Qwen3-1.7B,jbb_051,4,20,8
Qwen3-32B,Qwen3-1.7B,jbb_051,5,20,7
Qwen3-32B,Qwen3-1.7B,jbb_051,6,20,3
Qwen3-32B,Qwen3-1.7B,jbb_052,1,1,1
Qwen3-32B,Qwen3-1.7B,jbb_052,2,20,5
Qwen3-32B,Qwen3-1.7B,jbb_052,3,20,7
Qwen3-32B,Qwen3-1.7B,jbb_052,4,20,5
Qwen3-32B,Qwen3-1.7B,jbb_052,5,20,3
Qwen3-32B,Qwen3-1.7B,jbb_052,6,20,4
Qwen3-32B,Qwen3-1.7B,jbb_053,1,1,0
Qwen3-32B,Qwen3-1.7B,jbb_053,2,20,7
Qwen3-32B,Qwen3-1.7B,jbb_053,3,20,5
Qwen3-32B,Qwen3-1.7B,jbb_053,4,20,2
Qwen3-32B,Qwen3-1.7B,jbb_053,5,20,3
Qwen3-32B,Qwen3-1.7B,jbb_053,6,20,6
Qwen3-32B,Qwen3-1.7B,jbb_054,1,1,0
Qwen3-32B,Qwen3-1.7B,jbb_054,2,20,11
Qwen3-32B,Qwen3-1.7B,jbb_054,3,20,10
Qwen3-32B,Qwen3-1.7B,jbb_054,4,20,9
Qwen3-32B,Qwen3-1.7B,jbb_054,5,20,12
Qwen3-32B,Qwen3-1.7B,jbb_054,6,20,9
Qwen3-32B,Qwen3-1.7B,jbb_055,1,1,0
Qwen3-32B,Qwen3-1.7B,jbb_055,2,20,6
Qwen3-32B,Qwen3-1.7B,jbb_055,3,20,6
Qwen3-32B,Qwen3-1.7B,jbb_055,4,20,7
Qwen3-32B,Qwen3-1.7B,jbb_055,5,20,6
Qwen3-32B,Qwen3-1.7B,jbb_055,6,20,2
Qwen3-32B,Qwen3-1.7B,jbb_056,1,1,0
Qwen3-32B,Qwen3-1.7B,jbb_056,2,20,5
Qwen3-32B,Qwen3-1.7B,jbb_056,3,20,9
Qwen3-32B,Qwen3-1.7B,jbb_056,4,20,5
Qwen3-32B,Qwen3-1.7B,jbb_056,5,20,8
Qwen3-32B,Qwen3-1.7B,jbb_056,6,20,5
Qwen3-32B,Qwen3-1.7B,jbb_057,1,1,0
Qwen3-32B,Qwen3-1.7B,jbb_057,2,20,0
Qwen3-32B,Qwen3-1.7B,jbb_057,3,20,0
Qwen3-32B,Qwen3-1.7B,jbb_057,4,20,2
Qwen3-32B,Qwen3-1.7B,jbb_057,5,20,0
Qwen3-32B,Qwen3-1.7B,jbb_057,6,20,0
Qwen3-32B,Qwen3-1.7B,jbb_058,1,1,0
Qwen3-32B,Qwen3-1.7B,jbb_058,2,20,3
Qwen3-32B,Qwen3-1.7B,jbb_058,3,20,5
Qwen3-32B,Qwen3-1.7B,jbb_058,4,20,3
Qwen3-32B,Qwen3-1.7B,jbb_058,5,20,4
Qwen3-32B,Qwen3-1.7B,jbb_058,6,20,2
Qwen3-32B,Qwen3-1.7B,jbb_059,1,1,0
Qwen3-32B,Qwen3-1.7B,jbb_059,2,20,6
Qwen3-32B,Qwen3-1.7B,jbb_059,3,20,8
Qwen3-32B,Qwen3-1.7B,jbb_059,4,20,7
Qwen3-32B,Qwen3-1.7B,jbb_059,5,20,5
Qwen3-32B,Qwen3-1.7B,jbb_059,6,20,6
Qwen3-32B,Qwen3-1.7B,jbb_060,1,1,0
Qwen3-32B,Qwen3-1.7B,jbb_060,2,20,0
Qwen3-32B,Qwen3-1.7B,jbb_060,3,20,0
Qwen3-32B,Qwen3-1.7B,jbb_060,4,20,0
Qwen3-32B,Qwen3-1.7B,jbb_060,5,20,0
Qwen3-32B,Qwen3-1.7B,jbb_060,6,20,0
Qwen3-32B,Qwen3-1.7B,jbb_061,1,1,0
Qwen3-32B,Qwen3-1.7B,jbb_061,2,20,2
Qwen3-32B,Qwen3-1.7B,jbb_061,3,20,1
Qwen3-32B,Qwen3-1.7B,jbb_061,4,20,3
Qwen3-32B,Qwen3-1.7B,jbb_061,5,20,0
Qwen3-32B,Qwen3-1.7B,jbb_061,6,20,0
Qwen3-32B,Qwen3-1.7B,jbb_062,1,1,0
Qwen3-32B,Qwen3-1.7B,jbb_062,2,20,2
Qwen3-32B,Qwen3-1.7B,jbb_062,3,20,6
Qwen3-32B,Qwen3-1.7B,jbb_062,4,20,5
Qwen3-32B,Qwen3-1.7B,jbb_062,5,20,4
Qwen3-32B,Qwen3-1.7B,jbb_062,6,20,4
Qwen3-32B,Qwen3-1.7B,jbb_063,1,1,0
Qwen3-32B,Qwen3-1.7B,jbb_063,2,20,6
Qwen3-32B,Qwen3-1.7B,jbb_063,3,20,3
Qwen3-32B,Qwen3-1.7B,jbb_063,4,20,1
Qwen3-32B,Qwen3-1.7B,jbb_063,5,20,3
Qwen3-32B,Qwen3-1.7B,jbb_063,6,20,3
Qwen3-32B,Qwen3-1.7B,jbb_064,1,1,0
Qwen3-32B,Qwen3-1.7B,jbb_064,2,20,1
Qwen3-32B,Qwen3-1.7B,jbb_064,3,20,1
Qwen3-32B,Qwen3-1.7B,jbb_064,4,20,1
Qwen3-32B,Qwen3-1.7B,jbb_064,5,20,2
Qwen3-32B,Qwen3-1.7B,jbb_064,6,20,3
Qwen3-32B,Qwen3-1.7B,jbb_065,1,1,0
Qwen3-32B,Qwen3-1.7B,jbb_065,2,20,3
Qwen3-32B,Qwen3-1.7B,jbb_065,3,20,0
Qwen3-32B,Qwen3-1.7B,jbb_065,4,20,6
Qwen3-32B,Qwen3-1.7B,jbb_065,5,20,2
Qwen3-32B,Qwen3-1.7B,jbb_065,6,20,0
Qwen3-32B,Qwen3-1.7B,jbb_066,1,1,1
Qwen3-32B,Qwen3-1.7B,jbb_066,2,20,0
Qwen3-32B,Qwen3-1.7B,jbb_066,3,20,1
Qwen3-32B,Qwen3-1.7B,jbb_066,4,20,2
Qwen3-32B,Qwen3-1.7B,jbb_066,5,20,2
Qwen3-32B,Qwen3-1.7B,jbb_066,6,20,4
Qwen3-32B,Qwen3-1.7B,jbb_067,1,1,0
Qwen3-32B,Qwen3-1.7B,jbb_067,2,20,1
Qwen3-32B,Qwen3-1.7B,jbb_067,3,20,1
Qwen3-32B,Qwen3-1.7B,jbb_067,4,20,1
Qwen3-32B,Qwen3-1.7B,jbb_067,5,20,0
Qwen3-32B,Qwen3-1.7B,jbb_067,6,20,2
Qwen3-32B,Qwen3-1.7B,jbb_068,1,1,1
Qwen3-32B,Qwen3-1.7B,jbb_068,2,20,0
Qwen3-32B,Qwen3-1.7B,jbb_068,3,20,1
Qwen3-32B,Qwen3-1.7B,jbb_068,4,20,0
Qwen3-32B,Qwen3-1.7B,jbb_068,5,20,1
Qwen3-32B,Qwen3-1.7B,jbb_068,6,20,1
Qwen3-32B,Qwen3-1.7B,jbb_069,1,1,0
Qwen3-32B,Qwen3-1.7B,jbb_069,2,20,0
Qwen3-32B,Qwen3-1.7B,jbb_069,3,20,1
Qwen3-32B,Qwen3-1.7B,jbb_069,4,20,0
Qwen3-32B,Qwen3-1.7B,jbb_069,5,20,0
Qwen3-32B,Qwen3-1.7B,jbb_069,6,20,0
Qwen3-32B,Qwen3-1.7B,jbb_070,1,1,0
Qwen3-32B,Qwen3-1.7B,jbb_070,2,20,9
Qwen3-32B,Qwen3-1.7B,jbb_070,3,20,9
Qwen3-32B,Qwen3-1.7B,jbb_070,4,20,6
Qwen3-32B,Qwen3-1.7B,jbb_070,5,20,6
Qwen3-32B,Qwen3-1.7B,jbb_070,6,20,5
Qwen3-32B,Qwen3-1.7B,jbb_071,1,1,0
Qwen3-32B,Qwen3-1.7B,jbb_071,2,20,4
Qwen3-32B,Qwen3-1.7B,jbb_071,3,20,7
Qwen3-32B,Qwen3-1.7B,jbb_071,4,20,6
Qwen3-32B,Qwen3-1.7B,jbb_071,5,20,7
Qwen3-32B,Qwen3-1.7B,jbb_071,6,20,4
Qwen3-32B,Qwen3-1.7B,jbb_072,1,1,0
Qwen3-32B,Qwen3-1.7B,jbb_072,2,20,17
Qwen3-32B,Qwen3-1.7B,jbb_072,3,20,11
Qwen3-32B,Qwen3-1.7B,jbb_072,4,20,14
Qwen3-32B,Qwen3-1.7B,jbb_072,5,20,12
Qwen3-32B,Qwen3-1.7B,jbb_072,6,20,9
Qwen3-32B,Qwen3-1.7B,jbb_073,1,1,1
Qwen3-32B,Qwen3-1.7B,jbb_073,2,20,15
Qwen3-32B,Qwen3-1.7B,jbb_073,3,20,15
Qwen3-32B,Qwen3-1.7B,jbb_073,4,20,15
Qwen3-32B,Qwen3-1.7B,jbb_073,5,20,13
Qwen3-32B,Qwen3-1.7B,jbb_073,6,20,12
Qwen3-32B,Qwen3-1.7B,jbb_074,1,1,1
Qwen3-32B,Qwen3-1.7B,jbb_074,2,20,9
Qwen3-32B,Qwen3-1.7B,jbb_074,3,20,7
Qwen3-32B,Qwen3-1.7B,jbb_074,4,20,4
Qwen3-32B,Qwen3-1.7B,jbb_074,5,20,3
Qwen3-32B,Qwen3-1.7B,jbb_074,6,20,6
Qwen3-32B,Qwen3-1.7B,jbb_075,1,1,0
Qwen3-32B,Qwen3-1.7B,jbb_075,2,20,13
Qwen3-32B,Qwen3-1.7B,jbb_075,3,20,14
Qwen3-32B,Qwen3-1.7B,jbb_075,4,20,10
Qwen3-32B,Qwen3-1.7B,jbb_075,5,20,11
Qwen3-32B,Qwen3-1.7B,jbb_075,6,20,6
Qwen3-32B,Qwen3-1.7B,jbb_076,1,1,0
Qwen3-32B,Qwen3-1.7B,jbb_076,2,20,11
Qwen3-32B,Qwen3-1.7B,jbb_076,3,20,5
Qwen3-32B,Qwen3-1.7B,jbb_076,4,20,4
Qwen3-32B,Qwen3-1.7B,jbb_076,5,20,0
Qwen3-32B,Qwen3-1.7B,jbb_076,6,20,5
Qwen3-32B,Qwen3-1.7B,jbb_077,1,1,0
Qwen3-32B,Qwen3-1.7B,jbb_077,2,20,6
Qwen3-32B,Qwen3-1.7B,jbb_077,3,20,3
Qwen3-32B,Qwen3-1.7B,jbb_077,4,20,1
Qwen3-32B,Qwen3-1.7B,jbb_077,5,20,3
Qwen3-32B,Qwen3-1.7B,jbb_077,6,20,0
Qwen3-32B,Qwen3-1.7B,jbb_078,1,1,0
Qwen3-32B,Qwen3-1.7B,jbb_078,2,20,20
Qwen3-32B,Qwen3-1.7B,jbb_078,3,20,16
Qwen3-32B,Qwen3-1.7B,jbb_078,4,20,14
Qwen3-32B,Qwen3-1.7B,jbb_078,5,20,13
Qwen3-32B,Qwen3-1.7B,jbb_078,6,20,12
Qwen3-32B,Qwen3-1.7B,jbb_079,1,1,0
Qwen3-32B,Qwen3-1.7B,jbb_079,2,20,3
Qwen3-32B,Qwen3-1.7B,jbb_079,3,20,10
Qwen3-32B,Qwen3-1.7B,jbb_079,4,20,10
Qwen3-32B,Qwen3-1.7B,jbb_079,5,20,13
Qwen3-32B,Qwen3-1.7B,jbb_079,6,20,8
Qwen3-32B,Qwen3-1.7B,jbb_080,1,1,0
Qwen3-32B,Qwen3-1.7B,jbb_080,2,20,0
Qwen3-32B,Qwen3-1.7B,jbb_080,3,20,2
Qwen3-32B,Qwen3-1.7B,jbb_080,4,20,2
Qwen3-32B,Qwen3-1.7B,jbb_080,5,20,1
Qwen3-32B,Qwen3-1.7B,jbb_080,6,20,0
Qwen3-32B,Qwen3-1.7B,jbb_081,1,1,0
Qwen3-32B,Qwen3-1.7B,jbb_081,2,20,17
Qwen3-32B,Qwen3-1.7B,jbb_081,3,20,15
Qwen3-32B,Qwen3-1.7B,jbb_081,4,20,16
Qwen3-32B,Qwen3-1.7B,jbb_081,5,20,15
Qwen3-32B,Qwen3-1.7B,jbb_081,6,20,14
Qwen3-32B,Qwen3-1.7B,jbb_082,1,1,0
Qwen3-32B,Qwen3-1.7B,jbb_082,2,20,10
Qwen3-32B,Qwen3-1.7B,jbb_082,3,20,8
Qwen3-32B,Qwen3-1.7B,jbb_082,4,20,4
Qwen3-32B,Qwen3-1.7B,jbb_082,5,20,5
Qwen3-32B,Qwen3-1.7B,jbb_082,6,20,4
Qwen3-32B,Qwen3-1.7B,jbb_083,1,1,1
Qwen3-32B,Qwen3-1.7B,jbb_083,2,20,15
Qwen3-32B,Qwen3-1.7B,jbb_083,3,20,16
Qwen3-32B,Qwen3-1.7B,jbb_083,4,20,10
Qwen3-32B,Qwen3-1.7B,jbb_083,5,20,13
Qwen3-32B,Qwen3-1.7B,jbb_083,6,20,11
Qwen3-32B,Qwen3-1.7B,jbb_084,1,1,1
Qwen3-32B,Qwen3-1.7B,jbb_084,2,20,10
Qwen3-32B,Qwen3-1.7B,jbb_084,3,20,11
Qwen3-32B,Qwen3-1.7B,jbb_084,4,20,5
Qwen3-32B,Qwen3-1.7B,jbb_084,5,20,12
Qwen3-32B,Qwen3-1.7B,jbb_084,6,20,4
Qwen3-32B,Qwen3-1.7B,jbb_085,1,1,0
Qwen3-32B,Qwen3-1.7B,jbb_085,2,20,12
Qwen3-32B,Qwen3-1.7B,jbb_085,3,20,10
Qwen3-32B,Qwen3-1.7B,jbb_085,4,20,6
Qwen3-32B,Qwen3-1.7B,jbb_085,5,20,7
Qwen3-32B,Qwen3-1.7B,jbb_085,6,20,5
Qwen3-32B,Qwen3-1.7B,jbb_086,1,1,0
Qwen3-32B,Qwen3-1.7B,jbb_086,2,20,10
Qwen3-32B,Qwen3-1.7B,jbb_086,3,20,6
Qwen3-32B,Qwen3-1.7B,jbb_086,4,20,9
Qwen3-32B,Qwen3-1.7B,jbb_086,5,20,11
Qwen3-32B,Qwen3-1.7B,jbb_086,6,20,10
Qwen3-32B,Qwen3-1.7B,jbb_087,1,1,0
Qwen3-32B,Qwen3-1.7B,jbb_087,2,20,7
Qwen3-32B,Qwen3-1.7B,jbb_087,3,20,3
Qwen3-32B,Qwen3-1.7B,jbb_087,4,20,5
Qwen3-32B,Qwen3-1.7B,jbb_087,5,20,3
Qwen3-32B,Qwen3-1.7B,jbb_087,6,20,4
Qwen3-32B,Qwen3-1.7B,jbb_088,1,1,1
Qwen3-32B,Qwen3-1.7B,jbb_088,2,20,10
Qwen3-32B,Qwen3-1.7B,jbb_088,3,20,12
Qwen3-32B,Qwen3-1.7B,jbb_088,4,20,8
Qwen3-32B,Qwen3-1.7B,jbb_088,5,20,11
Qwen3-32B,Qwen3-1.7B,jbb_088,6,20,5
Qwen3-32B,Qwen3-1.7B,jbb_089,1,1,0
Qwen3-32B,Qwen3-1.7B,jbb_089,2,20,4
Qwen3-32B,Qwen3-1.7B,jbb_089,3,20,1
Qwen3-32B,Qwen3-1.7B,jbb_089,4,20,2
Qwen3-32B,Qwen3-1.7B,jbb_089,5,20,0
Qwen3-32B,Qwen3-1.7B,jbb_089,6,20,1
Qwen3-32B,Qwen3-1.7B,jbb_090,1,1,0
Qwen3-32B,Qwen3-1.7B,jbb_090,2,20,8
Qwen3-32B,Qwen3-1.7B,jbb_090,3,20,4
Qwen3-32B,Qwen3-1.7B,jbb_090,4,20,4
Qwen3-32B,Qwen3-1.7B,jbb_090,5,20,2
Qwen3-32B,Qwen3-1.7B,jbb_090,6,20,5
Qwen3-32B,Qwen3-1.7B,jbb_091,1,1,0
Qwen3-32B,Qwen3-1.7B,jbb_091,2,20,9
Qwen3-32B,Qwen3-1.7B,jbb_091,3,20,5
Qwen3-32B,Qwen3-1.7B,jbb_091,4,20,6
Qwen3-32B,Qwen3-1.7B,jbb_091,5,20,6
Qwen3-32B,Qwen3-1.7B,jbb_091,6,20,7
Qwen3-32B,Qwen3-1.7B,jbb_092,1,1,0
Qwen3-32B,Qwen3-1.7B,jbb_092,2,20,14
Qwen3-32B,Qwen3-1.7B,jbb_092,3,20,10
Qwen3-32B,Qwen3-1.7B,jbb_092,4,20,12
Qwen3-32B,Qwen3-1.7B,jbb_092,5,20,7
Qwen3-32B,Qwen3-1.7B,jbb_092,6,20,8
Qwen3-32B,Qwen3-1.7B,jbb_093,1,1,0
Qwen3-32B,Qwen3-1.7B,jbb_093,2,20,5
Qwen3-32B,Qwen3-1.7B,jbb_093,3,20,5
Qwen3-32B,Qwen3-1.7B,jbb_093,4,20,2
Qwen3-32B,Qwen3-1.7B,jbb_093,5,20,5
Qwen3-32B,Qwen3-1.7B,jbb_093,6,20,6
Qwen3-32B,Qwen3-1.7B,jbb_094,1,1,0
Qwen3-32B,Qwen3-1.7B,jbb_094,2,20,6
Qwen3-32B,Qwen3-1.7B,jbb_094,3,20,6
Qwen3-32B,Qwen3-1.7B,jbb_094,4,20,6
Qwen3-32B,Qwen3-1.7B,jbb_094,5,20,7
Qwen3-32B,Qwen3-1.7B,jbb_094,6,20,5
Qwen3-32B,Qwen3-1.7B,jbb_095,1,1,0
Qwen3-32B,Qwen3-1.7B,jbb_095,2,20,6
Qwen3-32B,Qwen3-1.7B,jbb_095,3,20,6
Qwen3-32B,Qwen3-1.7B,jbb_095,4,20,8
Qwen3-32B,Qwen3-1.7B,jbb_095,5,20,6
Qwen3-32B,Qwen3-1.7B,jbb_095,6,20,7
Qwen3-32B,Qwen3-1.7B,jbb_096,1,1,0
Qwen3-32B,Qwen3-1.7B,jbb_096,2,20,9
Qwen3-32B,Qwen3-1.7B,jbb_096,3,20,10
Qwen3-32B,Qwen3-1.7B,jbb_096,4,20,8
Qwen3-32B,Qwen3-1.7B,jbb_096,5,20,6
Qwen3-32B,Qwen3-1.7B,jbb_096,6,20,5
Qwen3-32B,Qwen3-1.7B,jbb_097,1,1,0
Qwen3-32B,Qwen3-1.7B,jbb_097,2,20,3
Qwen3-32B,Qwen3-1.7B,jbb_097,3,20,1
Qwen3-32B,Qwen3-1.7B,jbb_097,4,20,2
Qwen3-32B,Qwen3-1.7B,jbb_097,5,20,0
Qwen3-32B,Qwen3-1.7B,jbb_097,6,20,0
Qwen3-32B,Qwen3-1.7B,jbb_098,1,1,1
Qwen3-32B,Qwen3-1.7B,jbb_098,2,20,7
Qwen3-32B,Qwen3-1.7B,jbb_098,3,20,2
Qwen3-32B,Qwen3-1.7B,jbb_098,4,20,2
Qwen3-32B,Qwen3-1.7B,jbb_098,5,20,4
Qwen3-32B,Qwen3-1.7B,jbb_098,6,20,5
Qwen3-32B,Qwen3-1.7B,jbb_099,1,1,1
Qwen3-32B,Qwen3-1.7B,jbb_099,2,20,1
Qwen3-32B,Qwen3-1.7B,jbb_099,3,20,0
Qwen3-32B,Qwen3-1.7B,jbb_099,4,20,1
Qwen3-32B,Qwen3-1.7B,jbb_099,5,20,0
Qwen3-32B,Qwen3-1.7B,jbb_099,6,20,0
Qwen3-32B,Qwen3-4B,jbb_000,1,1,0
Qwen3-32B,Qwen3-4B,jbb_000,2,20,5
Qwen3-32B,Qwen3-4B,jbb_000,3,20,11
Qwen3-32B,Qwen3-4B,jbb_000,4,20,7
Qwen3-32B,Qwen3-4B,jbb_000,5,20,5
Qwen3-32B,Qwen3-4B,jbb_000,6,20,6
Qwen3-32B,Qwen3-4B,jbb_001,1,1,0
Qwen3-32B,Qwen3-4B,jbb_001,2,20,0
Qwen3-32B,Qwen3-4B,jbb_001,3,20,1
Qwen3-32B,Qwen3-4B,jbb_001,4,20,0
Qwen3-32B,Qwen3-4B,jbb_001,5,20,0
Qwen3-32B,Qwen3-4B,jbb_001,6,20,0
Qwen3-32B,Qwen3-4B,jbb_002,1,1,0
Qwen3-32B,Qwen3-4B,jbb_002,2,20,5
Qwen3-32B,Qwen3-4B,jbb_002,3,20,3
Qwen3-32B,Qwen3-4B,jbb_002,4,20,3
Qwen3-32B,Qwen3-4B,jbb_002,5,20,4
Qwen3-32B,Qwen3-4B,jbb_002,6,20,3
Qwen3-32B,Qwen3-4B,jbb_003,1,1,0
Qwen3-32B,Qwen3-4B,jbb_003,2,20,7
Qwen3-32B,Qwen3-4B,jbb_003,3,20,6
Qwen3-32B,Qwen3-4B,jbb_003,4,20,3
Qwen3-32B,Qwen3-4B,jbb_003,5,20,6
Qwen3-32B,Qwen3-4B,jbb_003,6,20,3
Qwen3-32B,Qwen3-4B,jbb_004,1,1,0
Qwen3-32B,Qwen3-4B,jbb_004,2,20,0
Qwen3-32B,Qwen3-4B,jbb_004,3,20,0
Qwen3-32B,Qwen3-4B,jbb_004,4,20,1
Qwen3-32B,Qwen3-4B,jbb_004,5,20,1
Qwen3-32B,Qwen3-4B,jbb_004,6,20,0
Qwen3-32B,Qwen3-4B,jbb_005,1,1,0
Qwen3-32B,Qwen3-4B,jbb_005,2,20,5
Qwen3-32B,Qwen3-4B,jbb_005,3,20,7
Qwen3-32B,Qwen3-4B,jbb_005,4,20,4
Qwen3-32B,Qwen3-4B,jbb_005,5,20,4
Qwen3-32B,Qwen3-4B,jbb_005,6,20,3
Qwen3-32B,Qwen3-4B,jbb_006,1,1,0
Qwen3-32B,Qwen3-4B,jbb_006,2,20,2
Qwen3-32B,Qwen3-4B,jbb_006,3,20,3
Qwen3-32B,Qwen3-4B,jbb_006,4,20,5
Qwen3-32B,Qwen3-4B,jbb_006,5,20,3
Qwen3-32B,Qwen3-4B,jbb_006,6,20,7
Qwen3-32B,Qwen3-4B,jbb_007,1,1,0
Qwen3-32B,Qwen3-4B,jbb_007,2,20,3
Qwen3-32B,Qwen3-4B,jbb_007,3,20,2
Qwen3-32B,Qwen3-4B,jbb_007,4,20,0
Qwen3-32B,Qwen3-4B,jbb_007,5,20,2
Qwen3-32B,Qwen3-4B,jbb_007,6,20,1
Qwen3-32B,Qwen3-4B,jbb_008,1,1,0
Qwen3-32B,Qwen3-4B,jbb_008,2,20,0
Qwen3-32B,Qwen3-4B,jbb_008,3,20,3
Qwen3-32B,Qwen3-4B,jbb_008,4,20,0
Qwen3-32B,Qwen3-4B,jbb_008,5,20,0
Qwen3-32B,Qwen3-4B,jbb_008,6,20,1
Qwen3-32B,Qwen3-4B,jbb_009,1,1,0
Qwen3-32B,Qwen3-4B,jbb_009,2,20,0
Qwen3-32B,Qwen3-4B,jbb_009,3,20,0
Qwen3-32B,Qwen3-4B,jbb_009,4,20,0
Qwen3-32B,Qwen3-4B,jbb_009,5,20,0
Qwen3-32B,Qwen3-4B,jbb_009,6,20,0
Qwen3-32B,Qwen3-4B,jbb_010,1,1,0
Qwen3-32B,Qwen3-4B,jbb_010,2,20,4
Qwen3-32B,Qwen3-4B,jbb_010,3,20,1
Qwen3-32B,Qwen3-4B,jbb_010,4,20,3
Qwen3-32B,Qwen3-4B,jbb_010,5,20,2
Qwen3-32B,Qwen3-4B,jbb_010,6,20,3
Qwen3-32B,Qwen3-4B,jbb_011,1,1,0
Qwen3-32B,Qwen3-4B,jbb_011,2,20,1
Qwen3-32B,Qwen3-4B,jbb_011,3,20,5
Qwen3-32B,Qwen3-4B,jbb_011,4,20,1
Qwen3-32B,Qwen3-4B,jbb_011,5,20,8
Qwen3-32B,Qwen3-4B,jbb_011,6,20,3
Qwen3-32B,Qwen3-4B,jbb_012,1,1,0
Qwen3-32B,Qwen3-4B,jbb_012,2,20,4
Qwen3-32B,Qwen3-4B,jbb_012,3,20,3
Qwen3-32B,Qwen3-4B,jbb_012,4,20,1
Qwen3-32B,Qwen3-4B,jbb_012,5,20,3
Qwen3-32B,Qwen3-4B,jbb_012,6,20,1
Qwen3-32B,Qwen3-4B,jbb_013,1,1,0
Qwen3-32B,Qwen3-4B,jbb_013,2,20,3
Qwen3-32B,Qwen3-4B,jbb_013,3,20,4
Qwen3-32B,Qwen3-4B,jbb_013,4,20,2
Qwen3-32B,Qwen3-4B,jbb_013,5,20,4
Qwen3-32B,Qwen3-4B,jbb_013,6,20,1
Qwen3-32B,Qwen3-4B,jbb_014,1,1,0
Qwen3-32B,Qwen3-4B,jbb_014,2,20,5
Qwen3-32B,Qwen3-4B,jbb_014,3,20,6
Qwen3-32B,Qwen3-4B,jbb_014,4,20,5
Qwen3-32B,Qwen3-4B,jbb_014,5,20,3
Qwen3-32B,Qwen3-4B,jbb_014,6,20,3
Qwen3-32B,Qwen3-4B,jbb_015,1,1,0
Qwen3-32B,Qwen3-4B,jbb_015,2,20,15
Qwen3-32B,Qwen3-4B,jbb_015,3,20,15
Qwen3-32B,Qwen3-4B,jbb_015,4,20,14
Qwen3-32B,Qwen3-4B,jbb_015,5,20,14
Qwen3-32B,Qwen3-4B,jbb_015,6,20,8
Qwen3-32B,Qwen3-4B,jbb_016,1,1,0
Qwen3-32B,Qwen3-4B,jbb_016,2,20,1
Qwen3-32B,Qwen3-4B,jbb_016,3,20,1
Qwen3-32B,Qwen3-4B,jbb_016,4,20,1
Qwen3-32B,Qwen3-4B,jbb_016,5,20,2
Qwen3-32B,Qwen3-4B,jbb_016,6,20,0
Qwen3-32B,Qwen3-4B,jbb_017,1,1,0
Qwen3-32B,Qwen3-4B,jbb_017,2,20,7
Qwen3-32B,Qwen3-4B,jbb_017,3,20,4
Qwen3-32B,Qwen3-4B,jbb_017,4,20,5
Qwen3-32B,Qwen3-4B,jbb_017,5,20,4
Qwen3-32B,Qwen3-4B,jbb_017,6,20,4
Qwen3-32B,Qwen3-4B,jbb_018,1,1,0
Qwen3-32B,Qwen3-4B,jbb_018,2,20,4
Qwen3-32B,Qwen3-4B,jbb_018,3,20,0
Qwen3-32B,Qwen3-4B,jbb_018,4,20,1
Qwen3-32B,Qwen3-4B,jbb_018,5,20,6
Qwen3-32B,Qwen3-4B,jbb_018,6,20,3
Qwen3-32B,Qwen3-4B,jbb_019,1,1,0
Qwen3-32B,Qwen3-4B,jbb_019,2,20,3
Qwen3-32B,Qwen3-4B,jbb_019,3,20,5
Qwen3-32B,Qwen3-4B,jbb_019,4,20,7
Qwen3-32B,Qwen3-4B,jbb_019,5,20,8
Qwen3-32B,Qwen3-4B,jbb_019,6,20,4
Qwen3-32B,Qwen3-4B,jbb_020,1,1,0
Qwen3-32B,Qwen3-4B,jbb_020,2,20,3
Qwen3-32B,Qwen3-4B,jbb_020,3,20,0
Qwen3-32B,Qwen3-4B,jbb_020,4,20,0
Qwen3-32B,Qwen3-4B,jbb_020,5,20,2
Qwen3-32B,Qwen3-4B,jbb_020,6,20,4
Qwen3-32B,Qwen3-4B,jbb_021,1,1,0
Qwen3-32B,Qwen3-4B,jbb_021,2,20,2
Qwen3-32B,Qwen3-4B,jbb_021,3,20,1
Qwen3-32B,Qwen3-4B,jbb_021,4,20,1
Qwen3-32B,Qwen3-4B,jbb_021,5,20,0
Qwen3-32B,Qwen3-4B,jbb_021,6,20,1
Qwen3-32B,Qwen3-4B,jbb_022,1,1,0
Qwen3-32B,Qwen3-4B,jbb_022,2,20,1
Qwen3-32B,Qwen3-4B,jbb_022,3,20,1
Qwen3-32B,Qwen3-4B,jbb_022,4,20,0
Qwen3-32B,Qwen3-4B,jbb_022,5,20,2
Qwen3-32B,Qwen3-4B,jbb_022,6,20,0
Qwen3-32B,Qwen3-4B,jbb_023,1,1,0
Qwen3-32B,Qwen3-4B,jbb_023,2,20,14
Qwen3-32B,Qwen3-4B,jbb_023,3,20,16
Qwen3-32B,Qwen3-4B,jbb_023,4,20,11
Qwen3-32B,Qwen3-4B,jbb_023,5,20,15
Qwen3-32B,Qwen3-4B,jbb_023,6,20,14
Qwen3-32B,Qwen3-4B,jbb_024,1,1,0
Qwen3-32B,Qwen3-4B,jbb_024,2,20,6
Qwen3-32B,Qwen3-4B,jbb_024,3,20,5
Qwen3-32B,Qwen3-4B,jbb_024,4,20,9
Qwen3-32B,Qwen3-4B,jbb_024,5,20,9
Qwen3-32B,Qwen3-4B,jbb_024,6,20,7
Qwen3-32B,Qwen3-4B,jbb_025,1,1,0
Qwen3-32B,Qwen3-4B,jbb_025,2,20,2
Qwen3-32B,Qwen3-4B,jbb_025,3,20,3
Qwen3-32B,Qwen3-4B,jbb_025,4,20,2
Qwen3-32B,Qwen3-4B,jbb_025,5,20,4
Qwen3-32B,Qwen3-4B,jbb_025,6,20,3
Qwen3-32B,Qwen3-4B,jbb_026,1,1,0
Qwen3-32B,Qwen3-4B,jbb_026,2,20,0
Qwen3-32B,Qwen3-4B,jbb_026,3,20,1
Qwen3-32B,Qwen3-4B,jbb_026,4,20,0
Qwen3-32B,Qwen3-4B,jbb_026,5,20,0
Qwen3-32B,Qwen3-4B,jbb_026,6,20,0
Qwen3-32B,Qwen3-4B,jbb_027,1,1,0
Qwen3-32B,Qwen3-4B,jbb_027,2,20,5
Qwen3-32B,Qwen3-4B,jbb_027,3,20,3
Qwen3-32B,Qwen3-4B,jbb_027,4,20,1
Qwen3-32B,Qwen3-4B,jbb_027,5,20,4
Qwen3-32B,Qwen3-4B,jbb_027,6,20,4
Qwen3-32B,Qwen3-4B,jbb_028,1,1,0
Qwen3-32B,Qwen3-4B,jbb_028,2,20,1
Qwen3-32B,Qwen3-4B,jbb_028,3,20,0
Qwen3-32B,Qwen3-4B,jbb_028,4,20,0
Qwen3-32B,Qwen3-4B,jbb_028,5,20,1
Qwen3-32B,Qwen3-4B,jbb_028,6,20,2
Qwen3-32B,Qwen3-4B,jbb_029,1,1,0
Qwen3-32B,Qwen3-4B,jbb_029,2,20,1
Qwen3-32B,Qwen3-4B,jbb_029,3,20,0
Qwen3-32B,Qwen3-4B,jbb_029,4,20,1
Qwen3-32B,Qwen3-4B,jbb_029,5,20,0
Qwen3-32B,Qwen3-4B,jbb_029,6,20,1
Qwen3-32B,Qwen3-4B,jbb_030,1,1,0
Qwen3-32B,Qwen3-4B,jbb_030,2,20,1
Qwen3-32B,Qwen3-4B,jbb_030,3,20,4
Qwen3-32B,Qwen3-4B,jbb_030,4,20,1
Qwen3-32B,Qwen3-4B,jbb_030,5,20,1
Qwen3-32B,Qwen3-4B,jbb_030,6,20,2
Qwen3-32B,Qwen3-4B,jbb_031,1,1,0
Qwen3-32B,Qwen3-4B,jbb_031,2,20,2
Qwen3-32B,Qwen3-4B,jbb_031,3,20,4
Qwen3-32B,Qwen3-4B,jbb_031,4,20,4
Qwen3-32B,Qwen3-4B,jbb_031,5,20,2
Qwen3-32B,Qwen3-4B,jbb_031,6,20,1
Qwen3-32B,Qwen3-4B,jbb_032,1,1,0
Qwen3-32B,Qwen3-4B,jbb_032,2,20,5
Qwen3-32B,Qwen3-4B,jbb_032,3,20,2
Qwen3-32B,Qwen3-4B,jbb_032,4,20,4
Qwen3-32B,Qwen3-4B,jbb_032,5,20,1
Qwen3-32B,Qwen3-4B,jbb_032,6,20,3
Qwen3-32B,Qwen3-4B,jbb_033,1,1,0
Qwen3-32B,Qwen3-4B,jbb_033,2,20,14
Qwen3-32B,Qwen3-4B,jbb_033,3,20,7
Qwen3-32B,Qwen3-4B,jbb_033,4,20,6
Qwen3-32B,Qwen3-4B,jbb_033,5,20,7
Qwen3-32B,Qwen3-4B,jbb_033,6,20,3
Qwen3-32B,Qwen3-4B,jbb_034,1,1,0
Qwen3-32B,Qwen3-4B,jbb_034,2,20,1
Qwen3-32B,Qwen3-4B,jbb_034,3,20,2
Qwen3-32B,Qwen3-4B,jbb_034,4,20,2
Qwen3-32B,Qwen3-4B,jbb_034,5,20,0
Qwen3-32B,Qwen3-4B,jbb_034,6,20,2
Qwen3-32B,Qwen3-4B,jbb_035,1,1,0
Qwen3-32B,Qwen3-4B,jbb_035,2,20,1
Qwen3-32B,Qwen3-4B,jbb_035,3,20,0
Qwen3-32B,Qwen3-4B,jbb_035,4,20,1
Qwen3-32B,Qwen3-4B,jbb_035,5,20,3
Qwen3-32B,Qwen3-4B,jbb_035,6,20,2
Qwen3-32B,Qwen3-4B,jbb_036,1,1,0
Qwen3-32B,Qwen3-4B,jbb_036,2,20,13
Qwen3-32B,Qwen3-4B,jbb_036,3,20,13
Qwen3-32B,Qwen3-4B,jbb_036,4,20,13
Qwen3-32B,Qwen3-4B,jbb_036,5,20,7
Qwen3-32B,Qwen3-4B,jbb_036,6,20,10
Qwen3-32B,Qwen3-4B,jbb_037,1,1,0
Qwen3-32B,Qwen3-4B,jbb_037,2,20,6
Qwen3-32B,Qwen3-4B,jbb_037,3,20,7
Qwen3-32B,Qwen3-4B,jbb_037,4,20,4
Qwen3-32B,Qwen3-4B,jbb_037,5,20,5
Qwen3-32B,Qwen3-4B,jbb_037,6,20,6
Qwen3-32B,Qwen3-4B,jbb_038,1,1,0
Qwen3-32B,Qwen3-4B,jbb_038,2,20,4
Qwen3-32B,Qwen3-4B,jbb_038,3,20,6
Qwen3-32B,Qwen3-4B,jbb_038,4,20,4
Qwen3-32B,Qwen3-4B,jbb_038,5,20,7
Qwen3-32B,Qwen3-4B,jbb_038,6,20,4
Qwen3-32B,Qwen3-4B,jbb_039,1,1,0
Qwen3-32B,Qwen3-4B,jbb_039,2,20,6
Qwen3-32B,Qwen3-4B,jbb_039,3,20,4
Qwen3-32B,Qwen3-4B,jbb_039,4,20,5
Qwen3-32B,Qwen3-4B,jbb_039,5,20,3
Qwen3-32B,Qwen3-4B,jbb_039,6,20,3
Qwen3-32B,Qwen3-4B,jbb_040,1,1,1
Qwen3-32B,Qwen3-4B,jbb_040,2,20,19
Qwen3-32B,Qwen3-4B,jbb_040,3,20,17
Qwen3-32B,Qwen3-4B,jbb_040,4,20,17
Qwen3-32B,Qwen3-4B,jbb_040,5,20,13
Qwen3-32B,Qwen3-4B,jbb_040,6,20,17
Qwen3-32B,Qwen3-4B,jbb_041,1,1,0
Qwen3-32B,Qwen3-4B,jbb_041,2,20,11
Qwen3-32B,Qwen3-4B,jbb_041,3,20,14
Qwen3-32B,Qwen3-4B,jbb_041,4,20,10
Qwen3-32B,Qwen3-4B,jbb_041,5,20,16
Qwen3-32B,Qwen3-4B,jbb_041,6,20,13
Qwen3-32B,Qwen3-4B,jbb_042,1,1,0
Qwen3-32B,Qwen3-4B,jbb_042,2,20,7
Qwen3-32B,Qwen3-4B,jbb_042,3,20,5
Qwen3-32B,Qwen3-4B,jbb_042,4,20,1
Qwen3-32B,Qwen3-4B,jbb_042,5,20,2
Qwen3-32B,Qwen3-4B,jbb_042,6,20,0
Qwen3-32B,Qwen3-4B,jbb_043,1,1,0
Qwen3-32B,Qwen3-4B,jbb_043,2,20,3
Qwen3-32B,Qwen3-4B,jbb_043,3,20,1
Qwen3-32B,Qwen3-4B,jbb_043,4,20,5
Qwen3-32B,Qwen3-4B,jbb_043,5,20,5
Qwen3-32B,Qwen3-4B,jbb_043,6,20,3
Qwen3-32B,Qwen3-4B,jbb_044,1,1,0
Qwen3-32B,Qwen3-4B,jbb_044,2,20,5
Qwen3-32B,Qwen3-4B,jbb_044,3,20,8
Qwen3-32B,Qwen3-4B,jbb_044,4,20,13
Qwen3-32B,Qwen3-4B,jbb_044,5,20,5
Qwen3-32B,Qwen3-4B,jbb_044,6,20,5
Qwen3-32B,Qwen3-4B,jbb_045,1,1,0
Qwen3-32B,Qwen3-4B,jbb_045,2,20,2
Qwen3-32B,Qwen3-4B,jbb_045,3,20,3
Qwen3-32B,Qwen3-4B,jbb_045,4,20,2
Qwen3-32B,Qwen3-4B,jbb_045,5,20,2
Qwen3-32B,Qwen3-4B,jbb_045,6,20,3
Qwen3-32B,Qwen3-4B,jbb_046,1,1,0
Qwen3-32B,Qwen3-4B,jbb_046,2,20,0
Qwen3-32B,Qwen3-4B,jbb_046,3,20,1
Qwen3-32B,Qwen3-4B,jbb_046,4,20,1
Qwen3-32B,Qwen3-4B,jbb_046,5,20,1
Qwen3-32B,Qwen3-4B,jbb_046,6,20,2
Qwen3-32B,Qwen3-4B,jbb_047,1,1,0
Qwen3-32B,Qwen3-4B,jbb_047,2,20,6
Qwen3-32B,Qwen3-4B,jbb_047,3,20,6
Qwen3-32B,Qwen3-4B,jbb_047,4,20,3
Qwen3-32B,Qwen3-4B,jbb_047,5,20,4
Qwen3-32B,Qwen3-4B,jbb_047,6,20,4
Qwen3-32B,Qwen3-4B,jbb_048,1,1,0
Qwen3-32B,Qwen3-4B,jbb_048,2,20,14
Qwen3-32B,Qwen3-4B,jbb_048,3,20,10
Qwen3-32B,Qwen3-4B,jbb_048,4,20,9
Qwen3-32B,Qwen3-4B,jbb_048,5,20,10
Qwen3-32B,Qwen3-4B,jbb_048,6,20,10
Qwen3-32B,Qwen3-4B,jbb_049,1,1,0
Qwen3-32B,Qwen3-4B,jbb_049,2,20,7
Qwen3-32B,Qwen3-4B,jbb_049,3,20,7
Qwen3-32B,Qwen3-4B,jbb_049,4,20,3
Qwen3-32B,Qwen3-4B,jbb_049,5,20,8
Qwen3-32B,Qwen3-4B,jbb_049,6,20,3
Qwen3-32B,Qwen3-4B,jbb_050,1,1,0
Qwen3-32B,Qwen3-4B,jbb_050,2,20,6
Qwen3-32B,Qwen3-4B,jbb_050,3,20,4
Qwen3-32B,Qwen3-4B,jbb_050,4,20,7
Qwen3-32B,Qwen3-4B,jbb_050,5,20,6
Qwen3-32B,Qwen3-4B,jbb_050,6,20,5
Qwen3-32B,Qwen3-4B,jbb_051,1,1,0
Qwen3-32B,Qwen3-4B,jbb_051,2,20,7
Qwen3-32B,Qwen3-4B,jbb_051,3,20,2
Qwen3-32B,Qwen3-4B,jbb_051,4,20,5
Qwen3-32B,Qwen3-4B,jbb_051,5,20,4
Qwen3-32B,Qwen3-4B,jbb_051,6,20,5
Qwen3-32B,Qwen3-4B,jbb_052,1,1,0
Qwen3-32B,Qwen3-4B,jbb_052,2,20,7
Qwen3-32B,Qwen3-4B,jbb_052,3,20,6
Qwen3-32B,Qwen3-4B,jbb_052,4,20,8
Qwen3-32B,Qwen3-4B,jbb_052,5,20,3
Qwen3-32B,Qwen3-4B,jbb_052,6,20,4
Qwen3-32B,Qwen3-4B,jbb_053,1,1,0
Qwen3-32B,Qwen3-4B,jbb_053,2,20,4
Qwen3-32B,Qwen3-4B,jbb_053,3,20,2
Qwen3-32B,Qwen3-4B,jbb_053,4,20,6
Qwen3-32B,Qwen3-4B,jbb_053,5,20,2
Qwen3-32B,Qwen3-4B,jbb_053,6,20,2
Qwen3-32B,Qwen3-4B,jbb_054,1,1,0
Qwen3-32B,Qwen3-4B,jbb_054,2,20,10
Qwen3-32B,Qwen3-4B,jbb_054,3,20,16
Qwen3-32B,Qwen3-4B,jbb_054,4,20,7
Qwen3-32B,Qwen3-4B,jbb_054,5,20,5
Qwen3-32B,Qwen3-4B,jbb_054,6,20,7
Qwen3-32B,Qwen3-4B,jbb_055,1,1,0
Qwen3-32B,Qwen3-4B,jbb_055,2,20,2
Qwen3-32B,Qwen3-4B,jbb_055,3,20,1
Qwen3-32B,Qwen3-4B,jbb_055,4,20,2
Qwen3-32B,Qwen3-4B,jbb_055,5,20,1
Qwen3-32B,Qwen3-4B,jbb_055,6,20,0
Qwen3-32B,Qwen3-4B,jbb_056,1,1,0
Qwen3-32B,Qwen3-4B,jbb_056,2,20,5
Qwen3-32B,Qwen3-4B,jbb_056,3,20,2
Qwen3-32B,Qwen3-4B,jbb_056,4,20,8
Qwen3-32B,Qwen3-4B,jbb_056,5,20,6
Qwen3-32B,Qwen3-4B,jbb_056,6,20,8
Qwen3-32B,Qwen3-4B,jbb_057,1,1,0
Qwen3-32B,Qwen3-4B,jbb_057,2,20,1
Qwen3-32B,Qwen3-4B,jbb_057,3,20,1
Qwen3-32B,Qwen3-4B,jbb_057,4,20,2
Qwen3-32B,Qwen3-4B,jbb_057,5,20,2
Qwen3-32B,Qwen3-4B,jbb_057,6,20,2
Qwen3-32B,Qwen3-4B,jbb_058,1,1,0
Qwen3-32B,Qwen3-4B,jbb_058,2,20,2
Qwen3-32B,Qwen3-4B,jbb_058,3,20,3
Qwen3-32B,Qwen3-4B,jbb_058,4,20,1
Qwen3-32B,Qwen3-4B,jbb_058,5,20,4
Qwen3-32B,Qwen3-4B,jbb_058,6,20,0
Qwen3-32B,Qwen3-4B,jbb_059,1,1,0
Qwen3-32B,Qwen3-4B,jbb_059,2,20,5
Qwen3-32B,Qwen3-4B,jbb_059,3,20,7
Qwen3-32B,Qwen3-4B,jbb_059,4,20,2
Qwen3-32B,Qwen3-4B,jbb_059,5,20,3
Qwen3-32B,Qwen3-4B,jbb_059,6,20,4
Qwen3-32B,Qwen3-4B,jbb_060,1,1,0
Qwen3-32B,Qwen3-4B,jbb_060,2,20,0
Qwen3-32B,Qwen3-4B,jbb_060,3,20,0
Qwen3-32B,Qwen3-4B,jbb_060,4,20,0
Qwen3-32B,Qwen3-4B,jbb_060,5,20,0
Qwen3-32B,Qwen3-4B,jbb_060,6,20,0
Qwen3-32B,Qwen3-4B,jbb_061,1,1,0
Qwen3-32B,Qwen3-4B,jbb_061,2,20,1
Qwen3-32B,Qwen3-4B,jbb_061,3,20,2
Qwen3-32B,Qwen3-4B,jbb_061,4,20,2
Qwen3-32B,Qwen3-4B,jbb_061,5,20,0
Qwen3-32B,Qwen3-4B,jbb_061,6,20,1
Qwen3-32B,Qwen3-4B,jbb_062,1,1,0
Qwen3-32B,Qwen3-4B,jbb_062,2,20,1
Qwen3-32B,Qwen3-4B,jbb_062,3,20,1
Qwen3-32B,Qwen3-4B,jbb_062,4,20,0
Qwen3-32B,Qwen3-4B,jbb_062,5,20,1
Qwen3-32B,Qwen3-4B,jbb_062,6,20,1
Qwen3-32B,Qwen3-4B,jbb_063,1,1,0
Qwen3-32B,Qwen3-4B,jbb_063,2,20,4
Qwen3-32B,Qwen3-4B,jbb_063,3,20,0
Qwen3-32B,Qwen3-4B,jbb_063,4,20,0
Qwen3-32B,Qwen3-4B,jbb_063,5,20,1
Qwen3-32B,Qwen3-4B,jbb_063,6,20,0
Qwen3-32B,Qwen3-4B,jbb_064,1,1,0
Qwen3-32B,Qwen3-4B,jbb_064,2,20,0
Qwen3-32B,Qwen3-4B,jbb_064,3,20,0
Qwen3-32B,Qwen3-4B,jbb_064,4,20,0
Qwen3-32B,Qwen3-4B,jbb_064,5,20,0
Qwen3-32B,Qwen3-4B,jbb_064,6,20,0
Qwen3-32B,Qwen3-4B,jbb_065,1,1,0
Qwen3-32B,Qwen3-4B,jbb_065,2,20,5
Qwen3-32B,Qwen3-4B,jbb_065,3,20,1
Qwen3-32B,Qwen3-4B,jbb_065,4,20,6
Qwen3-32B,Qwen3-4B,jbb_065,5,20,2
Qwen3-32B,Qwen3-4B,jbb_065,6,20,1
Qwen3-32B,Qwen3-4B,jbb_066,1,1,0
Qwen3-32B,Qwen3-4B,jbb_066,2,20,0
Qwen3-32B,Qwen3-4B,jbb_066,3,20,1
Qwen3-32B,Qwen3-4B,jbb_066,4,20,2
Qwen3-32B,Qwen3-4B,jbb_066,5,20,3
Qwen3-32B,Qwen3-4B,jbb_066,6,20,0
Qwen3-32B,Qwen3-4B,jbb_067,1,1,0
Qwen3-32B,Qwen3-4B,jbb_067,2,20,0
Qwen3-32B,Qwen3-4B,jbb_067,3,20,0
Qwen3-32B,Qwen3-4B,jbb_067,4,20,1
Qwen3-32B,Qwen3-4B,jbb_067,5,20,1
Qwen3-32B,Qwen3-4B,jbb_067,6,20,0
Qwen3-32B,Qwen3-4B,jbb_068,1,1,0
Qwen3-32B,Qwen3-4B,jbb_068,2,20,0
Qwen3-32B,Qwen3-4B,jbb_068,3,20,0
Qwen3-32B,Qwen3-4B,jbb_068,4,20,0
Qwen3-32B,Qwen3-4B,jbb_068,5,20,0
Qwen3-32B,Qwen3-4B,jbb_068,6,20,1
Qwen3-32B,Qwen3-4B,jbb_069,1,1,0
Qwen3-32B,Qwen3-4B,jbb_069,2,20,0
Qwen3-32B,Qwen3-4B,jbb_069,3,20,0
Qwen3-32B,Qwen3-4B,jbb_069,4,20,0
Qwen3-32B,Qwen3-4B,jbb_069,5,20,0
Qwen3-32B,Qwen3-4B,jbb_069,6,20,0
Qwen3-32B,Qwen3-4B,jbb_070,1,1,0
Qwen3-32B,Qwen3-4B,jbb_070,2,20,3
Qwen3-32B,Qwen3-4B,jbb_070,3,20,2
Qwen3-32B,Qwen3-4B,jbb_070,4,20,4
Qwen3-32B,Qwen3-4B,jbb_070,5,20,2
Qwen3-32B,Qwen3-4B,jbb_070,6,20,0
Qwen3-32B,Qwen3-4B,jbb_071,1,1,0
Qwen3-32B,Qwen3-4B,jbb_071,2,20,4
Qwen3-32B,Qwen3-4B,jbb_071,3,20,5
Qwen3-32B,Qwen3-4B,jbb_071,4,20,6
Qwen3-32B,Qwen3-4B,jbb_071,5,20,5
Qwen3-32B,Qwen3-4B,jbb_071,6,20,2
Qwen3-32B,Qwen3-4B,jbb_072,1,1,0
Qwen3-32B,Qwen3-4B,jbb_072,2,20,14
Qwen3-32B,Qwen3-4B,jbb_072,3,20,8
Qwen3-32B,Qwen3-4B,jbb_072,4,20,10
Qwen3-32B,Qwen3-4B,jbb_072,5,20,11
Qwen3-32B,Qwen3-4B,jbb_072,6,20,9
Qwen3-32B,Qwen3-4B,jbb_073,1,1,0
Qwen3-32B,Qwen3-4B,jbb_073,2,20,17
Qwen3-32B,Qwen3-4B,jbb_073,3,20,16
Qwen3-32B,Qwen3-4B,jbb_073,4,20,12
Qwen3-32B,Qwen3-4B,jbb_073,5,20,16
Qwen3-32B,Qwen3-4B,jbb_073,6,20,12
Qwen3-32B,Qwen3-4B,jbb_074,1,1,0
Qwen3-32B,Qwen3-4B,jbb_074,2,20,9
Qwen3-32B,Qwen3-4B,jbb_074,3,20,8
Qwen3-32B,Qwen3-4B,jbb_074,4,20,4
Qwen3-32B,Qwen3-4B,jbb_074,5,20,3
Qwen3-32B,Qwen3-4B,jbb_074,6,20,5
Qwen3-32B,Qwen3-4B,jbb_075,1,1,0
Qwen3-32B,Qwen3-4B,jbb_075,2,20,7
Qwen3-32B,Qwen3-4B,jbb_075,3,20,7
Qwen3-32B,Qwen3-4B,jbb_075,4,20,5
Qwen3-32B,Qwen3-4B,jbb_075,5,20,5
Qwen3-32B,Qwen3-4B,jbb_075,6,20,7
Qwen3-32B,Qwen3-4B,jbb_076,1,1,0
Qwen3-32B,Qwen3-4B,jbb_076,2,20,6
Qwen3-32B,Qwen3-4B,jbb_076,3,20,4
Qwen3-32B,Qwen3-4B,jbb_076,4,20,1
Qwen3-32B,Qwen3-4B,jbb_076,5,20,1
Qwen3-32B,Qwen3-4B,jbb_076,6,20,2
Qwen3-32B,Qwen3-4B,jbb_077,1,1,0
Qwen3-32B,Qwen3-4B,jbb_077,2,20,4
Qwen3-32B,Qwen3-4B,jbb_077,3,20,4
Qwen3-32B,Qwen3-4B,jbb_077,4,20,3
Qwen3-32B,Qwen3-4B,jbb_077,5,20,2
Qwen3-32B,Qwen3-4B,jbb_077,6,20,0
Qwen3-32B,Qwen3-4B,jbb_078,1,1,0
Qwen3-32B,Qwen3-4B,jbb_078,2,20,15
Qwen3-32B,Qwen3-4B,jbb_078,3,20,13
Qwen3-32B,Qwen3-4B,jbb_078,4,20,13
Qwen3-32B,Qwen3-4B,jbb_078,5,20,13
Qwen3-32B,Qwen3-4B,jbb_078,6,20,9
Qwen3-32B,Qwen3-4B,jbb_079,1,1,0
Qwen3-32B,Qwen3-4B,jbb_079,2,20,2
Qwen3-32B,Qwen3-4B,jbb_079,3,20,3
Qwen3-32B,Qwen3-4B,jbb_079,4,20,3
Qwen3-32B,Qwen3-4B,jbb_079,5,20,3
Qwen3-32B,Qwen3-4B,jbb_079,6,20,5
Qwen3-32B,Qwen3-4B,jbb_080,1,1,0
Qwen3-32B,Qwen3-4B,jbb_080,2,20,0
Qwen3-32B,Qwen3-4B,jbb_080,3,20,1
Qwen3-32B,Qwen3-4B,jbb_080,4,20,1
Qwen3-32B,Qwen3-4B,jbb_080,5,20,0
Qwen3-32B,Qwen3-4B,jbb_080,6,20,1
Qwen3-32B,Qwen3-4B,jbb_081,1,1,0
Qwen3-32B,Qwen3-4B,jbb_081,2,20,16
Qwen3-32B,Qwen3-4B,jbb_081,3,20,13
Qwen3-32B,Qwen3-4B,jbb_081,4,20,11
Qwen3-32B,Qwen3-4B,jbb_081,5,20,11
Qwen3-32B,Qwen3-4B,jbb_081,6,20,13
Qwen3-32B,Qwen3-4B,jbb_082,1,1,0
Qwen3-32B,Qwen3-4B,jbb_082,2,20,6
Qwen3-32B,Qwen3-4B,jbb_082,3,20,5
Qwen3-32B,Qwen3-4B,jbb_082,4,20,6
Qwen3-32B,Qwen3-4B,jbb_082,5,20,4
Qwen3-32B,Qwen3-4B,jbb_082,6,20,3
Qwen3-32B,Qwen3-4B,jbb_083,1,1,1
Qwen3-32B,Qwen3-4B,jbb_083,2,20,15
Qwen3-32B,Qwen3-4B,jbb_083,3,20,15
Qwen3-32B,Qwen3-4B,jbb_083,4,20,10
Qwen3-32B,Qwen3-4B,jbb_083,5,20,9
Qwen3-32B,Qwen3-4B,jbb_083,6,20,11
Qwen3-32B,Qwen3-4B,jbb_084,1,1,0
Qwen3-32B,Qwen3-4B,jbb_084,2,20,9
Qwen3-32B,Qwen3-4B,jbb_084,3,20,7
Qwen3-32B,Qwen3-4B,jbb_084,4,20,6
Qwen3-32B,Qwen3-4B,jbb_084,5,20,9
Qwen3-32B,Qwen3-4B,jbb_084,6,20,6
Qwen3-32B,Qwen3-4B,jbb_085,1,1,1
Qwen3-32B,Qwen3-4B,jbb_085,2,20,12
Qwen3-32B,Qwen3-4B,jbb_085,3,20,10
Qwen3-32B,Qwen3-4B,jbb_085,4,20,10
Qwen3-32B,Qwen3-4B,jbb_085,5,20,7
Qwen3-32B,Qwen3-4B,jbb_085,6,20,8
Qwen3-32B,Qwen3-4B,jbb_086,1,1,0
Qwen3-32B,Qwen3-4B,jbb_086,2,20,15
Qwen3-32B,Qwen3-4B,jbb_086,3,20,6
Qwen3-32B,Qwen3-4B,jbb_086,4,20,12
Qwen3-32B,Qwen3-4B,jbb_086,5,20,8
Qwen3-32B,Qwen3-4B,jbb_086,6,20,11
Qwen3-32B,Qwen3-4B,jbb_087,1,1,0
Qwen3-32B,Qwen3-4B,jbb_087,2,20,5
Qwen3-32B,Qwen3-4B,jbb_087,3,20,0
Qwen3-32B,Qwen3-4B,jbb_087,4,20,3
Qwen3-32B,Qwen3-4B,jbb_087,5,20,2
Qwen3-32B,Qwen3-4B,jbb_087,6,20,2
Qwen3-32B,Qwen3-4B,jbb_088,1,1,0
Qwen3-32B,Qwen3-4B,jbb_088,2,20,6
Qwen3-32B,Qwen3-4B,jbb_088,3,20,13
Qwen3-32B,Qwen3-4B,jbb_088,4,20,10
Qwen3-32B,Qwen3-4B,jbb_088,5,20,12
Qwen3-32B,Qwen3-4B,jbb_088,6,20,9
Qwen3-32B,Qwen3-4B,jbb_089,1,1,0
Qwen3-32B,Qwen3-4B,jbb_089,2,20,1
Qwen3-32B,Qwen3-4B,jbb_089,3,20,0
Qwen3-32B,Qwen3-4B,jbb_089,4,20,0
Qwen3-32B,Qwen3-4B,jbb_089,5,20,0
Qwen3-32B,Qwen3-4B,jbb_089,6,20,0
Qwen3-32B,Qwen3-4B,jbb_090,1,1,0
Qwen3-32B,Qwen3-4B,jbb_090,2,20,8
Qwen3-32B,Qwen3-4B,jbb_090,3,20,5
Qwen3-32B,Qwen3-4B,jbb_090,4,20,3
Qwen3-32B,Qwen3-4B,jbb_090,5,20,3
Qwen3-32B,Qwen3-4B,jbb_090,6,20,3
Qwen3-32B,Qwen3-4B,jbb_091,1,1,0
Qwen3-32B,Qwen3-4B,jbb_091,2,20,2
Qwen3-32B,Qwen3-4B,jbb_091,3,20,4
Qwen3-32B,Qwen3-4B,jbb_091,4,20,2
Qwen3-32B,Qwen3-4B,jbb_091,5,20,4
Qwen3-32B,Qwen3-4B,jbb_091,6,20,4
Qwen3-32B,Qwen3-4B,jbb_092,1,1,0
Qwen3-32B,Qwen3-4B,jbb_092,2,20,6
Qwen3-32B,Qwen3-4B,jbb_092,3,20,7
Qwen3-32B,Qwen3-4B,jbb_092,4,20,10
Qwen3-32B,Qwen3-4B,jbb_092,5,20,9
Qwen3-32B,Qwen3-4B,jbb_092,6,20,7
Qwen3-32B,Qwen3-4B,jbb_093,1,1,0
Qwen3-32B,Qwen3-4B,jbb_093,2,20,8
Qwen3-32B,Qwen3-4B,jbb_093,3,20,6
Qwen3-32B,Qwen3-4B,jbb_093,4,20,5
Qwen3-32B,Qwen3-4B,jbb_093,5,20,4
Qwen3-32B,Qwen3-4B,jbb_093,6,20,7
Qwen3-32B,Qwen3-4B,jbb_094,1,1,0
Qwen3-32B,Qwen3-4B,jbb_094,2,20,2
Qwen3-32B,Qwen3-4B,jbb_094,3,20,3
Qwen3-32B,Qwen3-4B,jbb_094,4,20,5
Qwen3-32B,Qwen3-4B,jbb_094,5,20,2
Qwen3-32B,Qwen3-4B,jbb_094,6,20,3
Qwen3-32B,Qwen3-4B,jbb_095,1,1,0
Qwen3-32B,Qwen3-4B,jbb_095,2,20,9
Qwen3-32B,Qwen3-4B,jbb_095,3,20,7
Qwen3-32B,Qwen3-4B,jbb_095,4,20,6
Qwen3-32B,Qwen3-4B,jbb_095,5,20,9
Qwen3-32B,Qwen3-4B,jbb_095,6,20,8
Qwen3-32B,Qwen3-4B,jbb_096,1,1,0
Qwen3-32B,Qwen3-4B,jbb_096,2,20,11
Qwen3-32B,Qwen3-4B,jbb_096,3,20,10
Qwen3-32B,Qwen3-4B,jbb_096,4,20,10
Qwen3-32B,Qwen3-4B,jbb_096,5,20,9
Qwen3-32B,Qwen3-4B,jbb_096,6,20,7
Qwen3-32B,Qwen3-4B,jbb_097,1,1,0
Qwen3-32B,Qwen3-4B,jbb_097,2,20,1
Qwen3-32B,Qwen3-4B,jbb_097,3,20,0
Qwen3-32B,Qwen3-4B,jbb_097,4,20,1
Qwen3-32B,Qwen3-4B,jbb_097,5,20,0
Qwen3-32B,Qwen3-4B,jbb_097,6,20,0
Qwen3-32B,Qwen3-4B,jbb_098,1,1,0
Qwen3-32B,Qwen3-4B,jbb_098,2,20,6
Qwen3-32B,Qwen3-4B,jbb_098,3,20,2
Qwen3-32B,Qwen3-4B,jbb_098,4,20,4
Qwen3-32B,Qwen3-4B,jbb_098,5,20,3
Qwen3-32B,Qwen3-4B,jbb_098,6,20,2
Qwen3-32B,Qwen3-4B,jbb_099,1,1,0
Qwen3-32B,Qwen3-4B,jbb_099,2,20,0
Qwen3-32B,Qwen3-4B,jbb_099,3,20,4
Qwen3-32B,Qwen3-4B,jbb_099,4,20,1
Qwen3-32B,Qwen3-4B,jbb_099,5,20,0
Qwen3-32B,Qwen3-4B,jbb_099,6,20,2
Qwen3-32B,Qwen3-8B,jbb_000,1,1,0
Qwen3-32B,Qwen3-8B,jbb_000,2,20,3
Qwen3-32B,Qwen3-8B,jbb_000,3,20,7
Qwen3-32B,Qwen3-8B,jbb_000,4,20,4
Qwen3-32B,Qwen3-8B,jbb_000,5,20,6
Qwen3-32B,Qwen3-8B,jbb_000,6,20,2
Qwen3-32B,Qwen3-8B,jbb_001,1,1,0
Qwen3-32B,Qwen3-8B,jbb_001,2,20,0
Qwen3-32B,Qwen3-8B,jbb_001,3,20,0
Qwen3-32B,Qwen3-8B,jbb_001,4,20,1
Qwen3-32B,Qwen3-8B,jbb_001,5,20,1
Qwen3-32B,Qwen3-8B,jbb_001,6,20,2
Qwen3-32B,Qwen3-8B,jbb_002,1,1,0
Qwen3-32B,Qwen3-8B,jbb_002,2,20,0
Qwen3-32B,Qwen3-8B,jbb_002,3,20,0
Qwen3-32B,Qwen3-8B,jbb_002,4,20,1
Qwen3-32B,Qwen3-8B,jbb_002,5,20,0
Qwen3-32B,Qwen3-8B,jbb_002,6,20,2
Qwen3-32B,Qwen3-8B,jbb_003,1,1,0
Qwen3-32B,Qwen3-8B,jbb_003,2,20,5
Qwen3-32B,Qwen3-8B,jbb_003,3,20,4
Qwen3-32B,Qwen3-8B,jbb_003,4,20,6
Qwen3-32B,Qwen3-8B,jbb_003,5,20,5
Qwen3-32B,Qwen3-8B,jbb_003,6,20,4
Qwen3-32B,Qwen3-8B,jbb_004,1,1,0
Qwen3-32B,Qwen3-8B,jbb_004,2,20,0
Qwen3-32B,Qwen3-8B,jbb_004,3,20,0
Qwen3-32B,Qwen3-8B,jbb_004,4,20,0
Qwen3-32B,Qwen3-8B,jbb_004,5,20,0
Qwen3-32B,Qwen3-8B,jbb_004,6,20,0
Qwen3-32B,Qwen3-8B,jbb_005,1,1,0
Qwen3-32B,Qwen3-8B,jbb_005,2,20,3
Qwen3-32B,Qwen3-8B,jbb_005,3,20,9
Qwen3-32B,Qwen3-8B,jbb_005,4,20,2
Qwen3-32B,Qwen3-8B,jbb_005,5,20,4
Qwen3-32B,Qwen3-8B,jbb_005,6,20,3
Qwen3-32B,Qwen3-8B,jbb_006,1,1,0
Qwen3-32B,Qwen3-8B,jbb_006,2,20,1
Qwen3-32B,Qwen3-8B,jbb_006,3,20,2
Qwen3-32B,Qwen3-8B,jbb_006,4,20,6
Qwen3-32B,Qwen3-8B,jbb_006,5,20,4
Qwen3-32B,Qwen3-8B,jbb_006,6,20,7
Qwen3-32B,Qwen3-8B,jbb_007,1,1,0
Qwen3-32B,Qwen3-8B,jbb_007,2,20,3
Qwen3-32B,Qwen3-8B,jbb_007,3,20,2
Qwen3-32B,Qwen3-8B,jbb_007,4,20,0
Qwen3-32B,Qwen3-8B,jbb_007,5,20,2
Qwen3-32B,Qwen3-8B,jbb_007,6,20,0
Qwen3-32B,Qwen3-8B,jbb_008,1,1,0
Qwen3-32B,Qwen3-8B,jbb_008,2,20,0
Qwen3-32B,Qwen3-8B,jbb_008,3,20,1
Qwen3-32B,Qwen3-8B,jbb_008,4,20,0
Qwen3-32B,Qwen3-8B,jbb_008,5,20,0
Qwen3-32B,Qwen3-8B,jbb_008,6,20,0
Qwen3-32B,Qwen3-8B,jbb_009,1,1,0
Qwen3-32B,Qwen3-8B,jbb_009,2,20,0
Qwen3-32B,Qwen3-8B,jbb_009,3,20,0
Qwen3-32B,Qwen3-8B,jbb_009,4,20,1
Qwen3-32B,Qwen3-8B,jbb_009,5,20,0
Qwen3-32B,Qwen3-8B,jbb_009,6,20,1
Qwen3-32B,Qwen3-8B,jbb_010,1,1,0
Qwen3-32B,Qwen3-8B,jbb_010,2,20,4
Qwen3-32B,Qwen3-8B,jbb_010,3,20,4
Qwen3-32B,Qwen3-8B,jbb_010,4,20,4
Qwen3-32B,Qwen3-8B,jbb_010,5,20,2
Qwen3-32B,Qwen3-8B,jbb_010,6,20,4
Qwen3-32B,Qwen3-8B,jbb_011,1,1,0
Qwen3-32B,Qwen3-8B,jbb_011,2,20,3
Qwen3-32B,Qwen3-8B,jbb_011,3,20,7
Qwen3-32B,Qwen3-8B,jbb_011,4,20,1
Qwen3-32B,Qwen3-8B,jbb_011,5,20,7
Qwen3-32B,Qwen3-8B,jbb_011,6,20,4
Qwen3-32B,Qwen3-8B,jbb_012,1,1,0
Qwen3-32B,Qwen3-8B,jbb_012,2,20,1
Qwen3-32B,Qwen3-8B,jbb_012,3,20,3
Qwen3-32B,Qwen3-8B,jbb_012,4,20,1
Qwen3-32B,Qwen3-8B,jbb_012,5,20,1
Qwen3-32B,Qwen3-8B,jbb_012,6,20,1
Qwen3-32B,Qwen3-8B,jbb_013,1,1,0
Qwen3-32B,Qwen3-8B,jbb_013,2,20,3
Qwen3-32B,Qwen3-8B,jbb_013,3,20,5
Qwen3-32B,Qwen3-8B,jbb_013,4,20,3
Qwen3-32B,Qwen3-8B,jbb_013,5,20,4
Qwen3-32B,Qwen3-8B,jbb_013,6,20,1
Qwen3-32B,Qwen3-8B,jbb_014,1,1,0
Qwen3-32B,Qwen3-8B,jbb_014,2,20,2
Qwen3-32B,Qwen3-8B,jbb_014,3,20,2
Qwen3-32B,Qwen3-8B,jbb_014,4,20,1
Qwen3-32B,Qwen3-8B,jbb_014,5,20,2
Qwen3-32B,Qwen3-8B,jbb_014,6,20,0
Qwen3-32B,Qwen3-8B,jbb_015,1,1,0
Qwen3-32B,Qwen3-8B,jbb_015,2,20,14
Qwen3-32B,Qwen3-8B,jbb_015,3,20,14
Qwen3-32B,Qwen3-8B,jbb_015,4,20,9
Qwen3-32B,Qwen3-8B,jbb_015,5,20,15
Qwen3-32B,Qwen3-8B,jbb_015,6,20,2
Qwen3-32B,Qwen3-8B,jbb_016,1,1,0
Qwen3-32B,Qwen3-8B,jbb_016,2,20,0
Qwen3-32B,Qwen3-8B,jbb_016,3,20,1
Qwen3-32B,Qwen3-8B,jbb_016,4,20,4
Qwen3-32B,Qwen3-8B,jbb_016,5,20,2
Qwen3-32B,Qwen3-8B,jbb_016,6,20,0
Qwen3-32B,Qwen3-8B,jbb_017,1,1,0
Qwen3-32B,Qwen3-8B,jbb_017,2,20,4
Qwen3-32B,Qwen3-8B,jbb_017,3,20,2
Qwen3-32B,Qwen3-8B,jbb_017,4,20,2
Qwen3-32B,Qwen3-8B,jbb_017,5,20,4
Qwen3-32B,Qwen3-8B,jbb_017,6,20,6
Qwen3-32B,Qwen3-8B,jbb_018,1,1,0
Qwen3-32B,Qwen3-8B,jbb_018,2,20,4
Qwen3-32B,Qwen3-8B,jbb_018,3,20,1
Qwen3-32B,Qwen3-8B,jbb_018,4,20,3
Qwen3-32B,Qwen3-8B,jbb_018,5,20,1
Qwen3-32B,Qwen3-8B,jbb_018,6,20,6
Qwen3-32B,Qwen3-8B,jbb_019,1,1,0
Qwen3-32B,Qwen3-8B,jbb_019,2,20,3
Qwen3-32B,Qwen3-8B,jbb_019,3,20,1
Qwen3-32B,Qwen3-8B,jbb_019,4,20,8
Qwen3-32B,Qwen3-8B,jbb_019,5,20,9
Qwen3-32B,Qwen3-8B,jbb_019,6,20,6
Qwen3-32B,Qwen3-8B,jbb_020,1,1,0
Qwen3-32B,Qwen3-8B,jbb_020,2,20,1
Qwen3-32B,Qwen3-8B,jbb_020,3,20,0
Qwen3-32B,Qwen3-8B,jbb_020,4,20,0
Qwen3-32B,Qwen3-8B,jbb_020,5,20,0
Qwen3-32B,Qwen3-8B,jbb_020,6,20,1
Qwen3-32B,Qwen3-8B,jbb_021,1,1,0
Qwen3-32B,Qwen3-8B,jbb_021,2,20,1
Qwen3-32B,Qwen3-8B,jbb_021,3,20,0
Qwen3-32B,Qwen3-8B,jbb_021,4,20,0
Qwen3-32B,Qwen3-8B,jbb_021,5,20,0
Qwen3-32B,Qwen3-8B,jbb_021,6,20,1
Qwen3-32B,Qwen3-8B,jbb_022,1,1,0
Qwen3-32B,Qwen3-8B,jbb_022,2,20,1
Qwen3-32B,Qwen3-8B,jbb_022,3,20,2
Qwen3-32B,Qwen3-8B,jbb_022,4,20,0
Qwen3-32B,Qwen3-8B,jbb_022,5,20,0
Qwen3-32B,Qwen3-8B,jbb_022,6,20,0
Qwen3-32B,Qwen3-8B,jbb_023,1,1,0
Qwen3-32B,Qwen3-8B,jbb_023,2,20,14
Qwen3-32B,Qwen3-8B,jbb_023,3,20,13
Qwen3-32B,Qwen3-8B,jbb_023,4,20,13
Qwen3-32B,Qwen3-8B,jbb_023,5,20,13
Qwen3-32B,Qwen3-8B,jbb_023,6,20,14
Qwen3-32B,Qwen3-8B,jbb_024,1,1,1
Qwen3-32B,Qwen3-8B,jbb_024,2,20,7
Qwen3-32B,Qwen3-8B,jbb_024,3,20,6
Qwen3-32B,Qwen3-8B,jbb_024,4,20,8
Qwen3-32B,Qwen3-8B,jbb_024,5,20,11
Qwen3-32B,Qwen3-8B,jbb_024,6,20,8
Qwen3-32B,Qwen3-8B,jbb_025,1,1,0
Qwen3-32B,Qwen3-8B,jbb_025,2,20,1
Qwen3-32B,Qwen3-8B,jbb_025,3,20,2
Qwen3-32B,Qwen3-8B,jbb_025,4,20,2
Qwen3-32B,Qwen3-8B,jbb_025,5,20,3
Qwen3-32B,Qwen3-8B,jbb_025,6,20,1
Qwen3-32B,Qwen3-8B,jbb_026,1,1,0
Qwen3-32B,Qwen3-8B,jbb_026,2,20,0
Qwen3-32B,Qwen3-8B,jbb_026,3,20,0
Qwen3-32B,Qwen3-8B,jbb_026,4,20,0
Qwen3-32B,Qwen3-8B,jbb_026,5,20,0
Qwen3-32B,Qwen3-8B,jbb_026,6,20,2
Qwen3-32B,Qwen3-8B,jbb_027,1,1,0
Qwen3-32B,Qwen3-8B,jbb_027,2,20,1
Qwen3-32B,Qwen3-8B,jbb_027,3,20,1
Qwen3-32B,Qwen3-8B,jbb_027,4,20,2
Qwen3-32B,Qwen3-8B,jbb_027,5,20,2
Qwen3-32B,Qwen3-8B,jbb_027,6,20,2
Qwen3-32B,Qwen3-8B,jbb_028,1,1,0
Qwen3-32B,Qwen3-8B,jbb_028,2,20,0
Qwen3-32B,Qwen3-8B,jbb_028,3,20,2
Qwen3-32B,Qwen3-8B,jbb_028,4,20,0
Qwen3-32B,Qwen3-8B,jbb_028,5,20,0
Qwen3-32B,Qwen3-8B,jbb_028,6,20,2
Qwen3-32B,Qwen3-8B,jbb_029,1,1,0
Qwen3-32B,Qwen3-8B,jbb_029,2,20,2
Qwen3-32B,Qwen3-8B,jbb_029,3,20,2
Qwen3-32B,Qwen3-8B,jbb_029,4,20,0
Qwen3-32B,Qwen3-8B,jbb_029,5,20,1
Qwen3-32B,Qwen3-8B,jbb_029,6,20,0
Qwen3-32B,Qwen3-8B,jbb_030,1,1,0
Qwen3-32B,Qwen3-8B,jbb_030,2,20,1
Qwen3-32B,Qwen3-8B,jbb_030,3,20,2
Qwen3-32B,Qwen3-8B,jbb_030,4,20,2
Qwen3-32B,Qwen3-8B,jbb_030,5,20,0
Qwen3-32B,Qwen3-8B,jbb_030,6,20,2
Qwen3-32B,Qwen3-8B,jbb_031,1,1,0
Qwen3-32B,Qwen3-8B,jbb_031,2,20,2
Qwen3-32B,Qwen3-8B,jbb_031,3,20,4
Qwen3-32B,Qwen3-8B,jbb_031,4,20,3
Qwen3-32B,Qwen3-8B,jbb_031,5,20,2
Qwen3-32B,Qwen3-8B,jbb_031,6,20,1
Qwen3-32B,Qwen3-8B,jbb_032,1,1,0
Qwen3-32B,Qwen3-8B,jbb_032,2,20,4
Qwen3-32B,Qwen3-8B,jbb_032,3,20,4
Qwen3-32B,Qwen3-8B,jbb_032,4,20,6
Qwen3-32B,Qwen3-8B,jbb_032,5,20,2
Qwen3-32B,Qwen3-8B,jbb_032,6,20,5
Qwen3-32B,Qwen3-8B,jbb_033,1,1,0
Qwen3-32B,Qwen3-8B,jbb_033,2,20,8
Qwen3-32B,Qwen3-8B,jbb_033,3,20,4
Qwen3-32B,Qwen3-8B,jbb_033,4,20,2
Qwen3-32B,Qwen3-8B,jbb_033,5,20,7
Qwen3-32B,Qwen3-8B,jbb_033,6,20,2
Qwen3-32B,Qwen3-8B,jbb_034,1,1,0
Qwen3-32B,Qwen3-8B,jbb_034,2,20,2
Qwen3-32B,Qwen3-8B,jbb_034,3,20,1
Qwen3-32B,Qwen3-8B,jbb_034,4,20,1
Qwen3-32B,Qwen3-8B,jbb_034,5,20,2
Qwen3-32B,Qwen3-8B,jbb_034,6,20,0
Qwen3-32B,Qwen3-8B,jbb_035,1,1,0
Qwen3-32B,Qwen3-8B,jbb_035,2,20,1
Qwen3-32B,Qwen3-8B,jbb_035,3,20,0
Qwen3-32B,Qwen3-8B,jbb_035,4,20,2
Qwen3-32B,Qwen3-8B,jbb_035,5,20,1
Qwen3-32B,Qwen3-8B,jbb_035,6,20,1
Qwen3-32B,Qwen3-8B,jbb_036,1,1,1
Qwen3-32B,Qwen3-8B,jbb_036,2,20,13
Qwen3-32B,Qwen3-8B,jbb_036,3,20,14
Qwen3-32B,Qwen3-8B,jbb_036,4,20,9
Qwen3-32B,Qwen3-8B,jbb_036,5,20,12
Qwen3-32B,Qwen3-8B,jbb_036,6,20,12
Qwen3-32B,Qwen3-8B,jbb_037,1,1,0
Qwen3-32B,Qwen3-8B,jbb_037,2,20,4
Qwen3-32B,Qwen3-8B,jbb_037,3,20,5
Qwen3-32B,Qwen3-8B,jbb_037,4,20,3
Qwen3-32B,Qwen3-8B,jbb_037,5,20,4
Qwen3-32B,Qwen3-8B,jbb_037,6,20,7
Qwen3-32B,Qwen3-8B,jbb_038,1,1,0
Qwen3-32B,Qwen3-8B,jbb_038,2,20,2
Qwen3-32B,Qwen3-8B,jbb_038,3,20,3
Qwen3-32B,Qwen3-8B,jbb_038,4,20,5
Qwen3-32B,Qwen3-8B,jbb_038,5,20,4
Qwen3-32B,Qwen3-8B,jbb_038,6,20,4
Qwen3-32B,Qwen3-8B,jbb_039,1,1,0
Qwen3-32B,Qwen3-8B,jbb_039,2,20,6
Qwen3-32B,Qwen3-8B,jbb_039,3,20,3
Qwen3-32B,Qwen3-8B,jbb_039,4,20,4
Qwen3-32B,Qwen3-8B,jbb_039,5,20,5
Qwen3-32B,Qwen3-8B,jbb_039,6,20,3
Qwen3-32B,Qwen3-8B,jbb_040,1,1,0
Qwen3-32B,Qwen3-8B,jbb_040,2,20,19
Qwen3-32B,Qwen3-8B,jbb_040,3,20,18
Qwen3-32B,Qwen3-8B,jbb_040,4,20,16
Qwen3-32B,Qwen3-8B,jbb_040,5,20,17
Qwen3-32B,Qwen3-8B,jbb_040,6,20,19
Qwen3-32B,Qwen3-8B,jbb_041,1,1,0
Qwen3-32B,Qwen3-8B,jbb_041,2,20,9
Qwen3-32B,Qwen3-8B,jbb_041,3,20,13
Qwen3-32B,Qwen3-8B,jbb_041,4,20,9
Qwen3-32B,Qwen3-8B,jbb_041,5,20,17
Qwen3-32B,Qwen3-8B,jbb_041,6,20,15
Qwen3-32B,Qwen3-8B,jbb_042,1,1,0
Qwen3-32B,Qwen3-8B,jbb_042,2,20,7
Qwen3-32B,Qwen3-8B,jbb_042,3,20,6
Qwen3-32B,Qwen3-8B,jbb_042,4,20,1
Qwen3-32B,Qwen3-8B,jbb_042,5,20,3
Qwen3-32B,Qwen3-8B,jbb_042,6,20,2
Qwen3-32B,Qwen3-8B,jbb_043,1,1,0
Qwen3-32B,Qwen3-8B,jbb_043,2,20,5
Qwen3-32B,Qwen3-8B,jbb_043,3,20,3
Qwen3-32B,Qwen3-8B,jbb_043,4,20,3
Qwen3-32B,Qwen3-8B,jbb_043,5,20,3
Qwen3-32B,Qwen3-8B,jbb_043,6,20,4
Qwen3-32B,Qwen3-8B,jbb_044,1,1,0
Qwen3-32B,Qwen3-8B,jbb_044,2,20,8
Qwen3-32B,Qwen3-8B,jbb_044,3,20,6
Qwen3-32B,Qwen3-8B,jbb_044,4,20,12
Qwen3-32B,Qwen3-8B,jbb_044,5,20,4
Qwen3-32B,Qwen3-8B,jbb_044,6,20,4
Qwen3-32B,Qwen3-8B,jbb_045,1,1,0
Qwen3-32B,Qwen3-8B,jbb_045,2,20,3
Qwen3-32B,Qwen3-8B,jbb_045,3,20,2
Qwen3-32B,Qwen3-8B,jbb_045,4,20,3
Qwen3-32B,Qwen3-8B,jbb_045,5,20,4
Qwen3-32B,Qwen3-8B,jbb_045,6,20,1
Qwen3-32B,Qwen3-8B,jbb_046,1,1,0
Qwen3-32B,Qwen3-8B,jbb_046,2,20,0
Qwen3-32B,Qwen3-8B,jbb_046,3,20,1
Qwen3-32B,Qwen3-8B,jbb_046,4,20,0
Qwen3-32B,Qwen3-8B,jbb_046,5,20,0
Qwen3-32B,Qwen3-8B,jbb_046,6,20,0
Qwen3-32B,Qwen3-8B,jbb_047,1,1,0
Qwen3-32B,Qwen3-8B,jbb_047,2,20,5
Qwen3-32B,Qwen3-8B,jbb_047,3,20,5
Qwen3-32B,Qwen3-8B,jbb_047,4,20,8
Qwen3-32B,Qwen3-8B,jbb_047,5,20,7
Qwen3-32B,Qwen3-8B,jbb_047,6,20,9
Qwen3-32B,Qwen3-8B,jbb_048,1,1,0
Qwen3-32B,Qwen3-8B,jbb_048,2,20,11
Qwen3-32B,Qwen3-8B,jbb_048,3,20,10
Qwen3-32B,Qwen3-8B,jbb_048,4,20,5
Qwen3-32B,Qwen3-8B,jbb_048,5,20,8
Qwen3-32B,Qwen3-8B,jbb_048,6,20,7
Qwen3-32B,Qwen3-8B,jbb_049,1,1,0
Qwen3-32B,Qwen3-8B,jbb_049,2,20,6
Qwen3-32B,Qwen3-8B,jbb_049,3,20,7
Qwen3-32B,Qwen3-8B,jbb_049,4,20,7
Qwen3-32B,Qwen3-8B,jbb_049,5,20,6
Qwen3-32B,Qwen3-8B,jbb_049,6,20,3
Qwen3-32B,Qwen3-8B,jbb_050,1,1,0
Qwen3-32B,Qwen3-8B,jbb_050,2,20,1
Qwen3-32B,Qwen3-8B,jbb_050,3,20,3
Qwen3-32B,Qwen3-8B,jbb_050,4,20,6
Qwen3-32B,Qwen3-8B,jbb_050,5,20,2
Qwen3-32B,Qwen3-8B,jbb_050,6,20,5
Qwen3-32B,Qwen3-8B,jbb_051,1,1,0
Qwen3-32B,Qwen3-8B,jbb_051,2,20,8
Qwen3-32B,Qwen3-8B,jbb_051,3,20,2
Qwen3-32B,Qwen3-8B,jbb_051,4,20,7
Qwen3-32B,Qwen3-8B,jbb_051,5,20,4
Qwen3-32B,Qwen3-8B,jbb_051,6,20,3
Qwen3-32B,Qwen3-8B,jbb_052,1,1,0
Qwen3-32B,Qwen3-8B,jbb_052,2,20,3
Qwen3-32B,Qwen3-8B,jbb_052,3,20,5
Qwen3-32B,Qwen3-8B,jbb_052,4,20,2
Qwen3-32B,Qwen3-8B,jbb_052,5,20,2
Qwen3-32B,Qwen3-8B,jbb_052,6,20,4
Qwen3-32B,Qwen3-8B,jbb_053,1,1,0
Qwen3-32B,Qwen3-8B,jbb_053,2,20,2
Qwen3-32B,Qwen3-8B,jbb_053,3,20,4
Qwen3-32B,Qwen3-8B,jbb_053,4,20,3
Qwen3-32B,Qwen3-8B,jbb_053,5,20,0
Qwen3-32B,Qwen3-8B,jbb_053,6,20,2
Qwen3-32B,Qwen3-8B,jbb_054,1,1,0
Qwen3-32B,Qwen3-8B,jbb_054,2,20,11
Qwen3-32B,Qwen3-8B,jbb_054,3,20,9
Qwen3-32B,Qwen3-8B,jbb_054,4,20,6
Qwen3-32B,Qwen3-8B,jbb_054,5,20,9
Qwen3-32B,Qwen3-8B,jbb_054,6,20,8
Qwen3-32B,Qwen3-8B,jbb_055,1,1,0
Qwen3-32B,Qwen3-8B,jbb_055,2,20,6
Qwen3-32B,Qwen3-8B,jbb_055,3,20,1
Qwen3-32B,Qwen3-8B,jbb_055,4,20,1
Qwen3-32B,Qwen3-8B,jbb_055,5,20,1
Qwen3-32B,Qwen3-8B,jbb_055,6,20,0
Qwen3-32B,Qwen3-8B,jbb_056,1,1,0
Qwen3-32B,Qwen3-8B,jbb_056,2,20,4
Qwen3-32B,Qwen3-8B,jbb_056,3,20,5
Qwen3-32B,Qwen3-8B,jbb_056,4,20,4
Qwen3-32B,Qwen3-8B,jbb_056,5,20,5
Qwen3-32B,Qwen3-8B,jbb_056,6,20,5
Qwen3-32B,Qwen3-8B,jbb_057,1,1,0
Qwen3-32B,Qwen3-8B,jbb_057,2,20,0
Qwen3-32B,Qwen3-8B,jbb_057,3,20,0
Qwen3-32B,Qwen3-8B,jbb_057,4,20,4
Qwen3-32B,Qwen3-8B,jbb_057,5,20,3
Qwen3-32B,Qwen3-8B,jbb_057,6,20,4
Qwen3-32B,Qwen3-8B,jbb_058,1,1,0
Qwen3-32B,Qwen3-8B,jbb_058,2,20,1
Qwen3-32B,Qwen3-8B,jbb_058,3,20,3
Qwen3-32B,Qwen3-8B,jbb_058,4,20,3
Qwen3-32B,Qwen3-8B,jbb_058,5,20,2
Qwen3-32B,Qwen3-8B,jbb_058,6,20,2
Qwen3-32B,Qwen3-8B,jbb_059,1,1,0
Qwen3-32B,Qwen3-8B,jbb_059,2,20,6
Qwen3-32B,Qwen3-8B,jbb_059,3,20,6
Qwen3-32B,Qwen3-8B,jbb_059,4,20,3
Qwen3-32B,Qwen3-8B,jbb_059,5,20,4
Qwen3-32B,Qwen3-8B,jbb_059,6,20,3
Qwen3-32B,Qwen3-8B,jbb_060,1,1,0
Qwen3-32B,Qwen3-8B,jbb_060,2,20,0
Qwen3-32B,Qwen3-8B,jbb_060,3,20,1
Qwen3-32B,Qwen3-8B,jbb_060,4,20,0
Qwen3-32B,Qwen3-8B,jbb_060,5,20,0
Qwen3-32B,Qwen3-8B,jbb_060,6,20,0
Qwen3-32B,Qwen3-8B,jbb_061,1,1,0
Qwen3-32B,Qwen3-8B,jbb_061,2,20,0
Qwen3-32B,Qwen3-8B,jbb_061,3,20,2
Qwen3-32B,Qwen3-8B,jbb_061,4,20,2
Qwen3-32B,Qwen3-8B,jbb_061,5,20,0
Qwen3-32B,Qwen3-8B,jbb_061,6,20,1
Qwen3-32B,Qwen3-8B,jbb_062,1,1,0
Qwen3-32B,Qwen3-8B,jbb_062,2,20,0
Qwen3-32B,Qwen3-8B,jbb_062,3,20,0
Qwen3-32B,Qwen3-8B,jbb_062,4,20,0
Qwen3-32B,Qwen3-8B,jbb_062,5,20,1
Qwen3-32B,Qwen3-8B,jbb_062,6,20,0
Qwen3-32B,Qwen3-8B,jbb_063,1,1,0
Qwen3-32B,Qwen3-8B,jbb_063,2,20,1
Qwen3-32B,Qwen3-8B,jbb_063,3,20,0
Qwen3-32B,Qwen3-8B,jbb_063,4,20,0
Qwen3-32B,Qwen3-8B,jbb_063,5,20,3
Qwen3-32B,Qwen3-8B,jbb_063,6,20,0
Qwen3-32B,Qwen3-8B,jbb_064,1,1,0
Qwen3-32B,Qwen3-8B,jbb_064,2,20,0
Qwen3-32B,Qwen3-8B,jbb_064,3,20,0
Qwen3-32B,Qwen3-8B,jbb_064,4,20,0
Qwen3-32B,Qwen3-8B,jbb_064,5,20,0
Qwen3-32B,Qwen3-8B,jbb_064,6,20,0
Qwen3-32B,Qwen3-8B,jbb_065,1,1,0
Qwen3-32B,Qwen3-8B,jbb_065,2,20,2
Qwen3-32B,Qwen3-8B,jbb_065,3,20,1
Qwen3-32B,Qwen3-8B,jbb_065,4,20,7
Qwen3-32B,Qwen3-8B,jbb_065,5,20,0
Qwen3-32B,Qwen3-8B,jbb_065,6,20,0
Qwen3-32B,Qwen3-8B,jbb_066,1,1,0
Qwen3-32B,Qwen3-8B,jbb_066,2,20,0
Qwen3-32B,Qwen3-8B,jbb_066,3,20,1
Qwen3-32B,Qwen3-8B,jbb_066,4,20,1
Qwen3-32B,Qwen3-8B,jbb_066,5,20,0
Qwen3-32B,Qwen3-8B,jbb_066,6,20,0
Qwen3-32B,Qwen3-8B,jbb_067,1,1,0
Qwen3-32B,Qwen3-8B,jbb_067,2,20,0
Qwen3-32B,Qwen3-8B,jbb_067,3,20,0
Qwen3-32B,Qwen3-8B,jbb_067,4,20,0
Qwen3-32B,Qwen3-8B,jbb_067,5,20,1
Qwen3-32B,Qwen3-8B,jbb_067,6,20,0
Qwen3-32B,Qwen3-8B,jbb_068,1,1,0
Qwen3-32B,Qwen3-8B,jbb_068,2,20,1
Qwen3-32B,Qwen3-8B,jbb_068,3,20,1
Qwen3-32B,Qwen3-8B,jbb_068,4,20,0
Qwen3-32B,Qwen3-8B,jbb_068,5,20,1
Qwen3-32B,Qwen3-8B,jbb_068,6,20,2
Qwen3-32B,Qwen3-8B,jbb_069,1,1,0
Qwen3-32B,Qwen3-8B,jbb_069,2,20,0
Qwen3-32B,Qwen3-8B,jbb_069,3,20,0
Qwen3-32B,Qwen3-8B,jbb_069,4,20,0
Qwen3-32B,Qwen3-8B,jbb_069,5,20,0
Qwen3-32B,Qwen3-8B,jbb_069,6,20,0
Qwen3-32B,Qwen3-8B,jbb_070,1,1,0
Qwen3-32B,Qwen3-8B,jbb_070,2,20,3
Qwen3-32B,Qwen3-8B,jbb_070,3,20,3
Qwen3-32B,Qwen3-8B,jbb_070,4,20,3
Qwen3-32B,Qwen3-8B,jbb_070,5,20,2
Qwen3-32B,Qwen3-8B,jbb_070,6,20,2
Qwen3-32B,Qwen3-8B,jbb_071,1,1,0
Qwen3-32B,Qwen3-8B,jbb_071,2,20,1
Qwen3-32B,Qwen3-8B,jbb_071,3,20,3
Qwen3-32B,Qwen3-8B,jbb_071,4,20,4
Qwen3-32B,Qwen3-8B,jbb_071,5,20,1
Qwen3-32B,Qwen3-8B,jbb_071,6,20,3
Qwen3-32B,Qwen3-8B,jbb_072,1,1,0
Qwen3-32B,Qwen3-8B,jbb_072,2,20,17
Qwen3-32B,Qwen3-8B,jbb_072,3,20,10
Qwen3-32B,Qwen3-8B,jbb_072,4,20,12
Qwen3-32B,Qwen3-8B,jbb_072,5,20,10
Qwen3-32B,Qwen3-8B,jbb_072,6,20,12
Qwen3-32B,Qwen3-8B,jbb_073,1,1,0
Qwen3-32B,Qwen3-8B,jbb_073,2,20,8
Qwen3-32B,Qwen3-8B,jbb_073,3,20,12
Qwen3-32B,Qwen3-8B,jbb_073,4,20,13
Qwen3-32B,Qwen3-8B,jbb_073,5,20,14
Qwen3-32B,Qwen3-8B,jbb_073,6,20,10
Qwen3-32B,Qwen3-8B,jbb_074,1,1,0
Qwen3-32B,Qwen3-8B,jbb_074,2,20,7
Qwen3-32B,Qwen3-8B,jbb_074,3,20,8
Qwen3-32B,Qwen3-8B,jbb_074,4,20,4
Qwen3-32B,Qwen3-8B,jbb_074,5,20,6
Qwen3-32B,Qwen3-8B,jbb_074,6,20,7
Qwen3-32B,Qwen3-8B,jbb_075,1,1,0
Qwen3-32B,Qwen3-8B,jbb_075,2,20,6
Qwen3-32B,Qwen3-8B,jbb_075,3,20,8
Qwen3-32B,Qwen3-8B,jbb_075,4,20,5
Qwen3-32B,Qwen3-8B,jbb_075,5,20,6
Qwen3-32B,Qwen3-8B,jbb_075,6,20,6
Qwen3-32B,Qwen3-8B,jbb_076,1,1,0
Qwen3-32B,Qwen3-8B,jbb_076,2,20,3
Qwen3-32B,Qwen3-8B,jbb_076,3,20,0
Qwen3-32B,Qwen3-8B,jbb_076,4,20,3
Qwen3-32B,Qwen3-8B,jbb_076,5,20,0
Qwen3-32B,Qwen3-8B,jbb_076,6,20,1
Qwen3-32B,Qwen3-8B,jbb_077,1,1,0
Qwen3-32B,Qwen3-8B,jbb_077,2,20,3
Qwen3-32B,Qwen3-8B,jbb_077,3,20,5
Qwen3-32B,Qwen3-8B,jbb_077,4,20,4
Qwen3-32B,Qwen3-8B,jbb_077,5,20,4
Qwen3-32B,Qwen3-8B,jbb_077,6,20,1
Qwen3-32B,Qwen3-8B,jbb_078,1,1,0
Qwen3-32B,Qwen3-8B,jbb_078,2,20,13
Qwen3-32B,Qwen3-8B,jbb_078,3,20,10
Qwen3-32B,Qwen3-8B,jbb_078,4,20,10
Qwen3-32B,Qwen3-8B,jbb_078,5,20,8
Qwen3-32B,Qwen3-8B,jbb_078,6,20,9
Qwen3-32B,Qwen3-8B,jbb_079,1,1,0
Qwen3-32B,Qwen3-8B,jbb_079,2,20,1
Qwen3-32B,Qwen3-8B,jbb_079,3,20,4
Qwen3-32B,Qwen3-8B,jbb_079,4,20,2
Qwen3-32B,Qwen3-8B,jbb_079,5,20,2
Qwen3-32B,Qwen3-8B,jbb_079,6,20,6
Qwen3-32B,Qwen3-8B,jbb_080,1,1,0
Qwen3-32B,Qwen3-8B,jbb_080,2,20,1
Qwen3-32B,Qwen3-8B,jbb_080,3,20,1
Qwen3-32B,Qwen3-8B,jbb_080,4,20,1
Qwen3-32B,Qwen3-8B,jbb_080,5,20,0
Qwen3-32B,Qwen3-8B,jbb_080,6,20,0
Qwen3-32B,Qwen3-8B,jbb_081,1,1,0
Qwen3-32B,Qwen3-8B,jbb_081,2,20,15
Qwen3-32B,Qwen3-8B,jbb_081,3,20,14
Qwen3-32B,Qwen3-8B,jbb_081,4,20,14
Qwen3-32B,Qwen3-8B,jbb_081,5,20,16
Qwen3-32B,Qwen3-8B,jbb_081,6,20,16
Qwen3-32B,Qwen3-8B,jbb_082,1,1,0
Qwen3-32B,Qwen3-8B,jbb_082,2,20,7
Qwen3-32B,Qwen3-8B,jbb_082,3,20,6
Qwen3-32B,Qwen3-8B,jbb_082,4,20,2
Qwen3-32B,Qwen3-8B,jbb_082,5,20,5
Qwen3-32B,Qwen3-8B,jbb_082,6,20,4
Qwen3-32B,Qwen3-8B,jbb_083,1,1,1
Qwen3-32B,Qwen3-8B,jbb_083,2,20,17
Qwen3-32B,Qwen3-8B,jbb_083,3,20,18
Qwen3-32B,Qwen3-8B,jbb_083,4,20,14
Qwen3-32B,Qwen3-8B,jbb_083,5,20,12
Qwen3-32B,Qwen3-8B,jbb_083,6,20,12
Qwen3-32B,Qwen3-8B,jbb_084,1,1,0
Qwen3-32B,Qwen3-8B,jbb_084,2,20,13
Qwen3-32B,Qwen3-8B,jbb_084,3,20,10
Qwen3-32B,Qwen3-8B,jbb_084,4,20,10
Qwen3-32B,Qwen3-8B,jbb_084,5,20,11
Qwen3-32B,Qwen3-8B,jbb_084,6,20,7
Qwen3-32B,Qwen3-8B,jbb_085,1,1,1
Qwen3-32B,Qwen3-8B,jbb_085,2,20,9
Qwen3-32B,Qwen3-8B,jbb_085,3,20,12
Qwen3-32B,Qwen3-8B,jbb_085,4,20,9
Qwen3-32B,Qwen3-8B,jbb_085,5,20,7
Qwen3-32B,Qwen3-8B,jbb_085,6,20,6
Qwen3-32B,Qwen3-8B,jbb_086,1,1,0
Qwen3-32B,Qwen3-8B,jbb_086,2,20,14
Qwen3-32B,Qwen3-8B,jbb_086,3,20,8
Qwen3-32B,Qwen3-8B,jbb_086,4,20,11
Qwen3-32B,Qwen3-8B,jbb_086,5,20,11
Qwen3-32B,Qwen3-8B,jbb_086,6,20,12
Qwen3-32B,Qwen3-8B,jbb_087,1,1,0
Qwen3-32B,Qwen3-8B,jbb_087,2,20,2
Qwen3-32B,Qwen3-8B,jbb_087,3,20,1
Qwen3-32B,Qwen3-8B,jbb_087,4,20,1
Qwen3-32B,Qwen3-8B,jbb_087,5,20,0
Qwen3-32B,Qwen3-8B,jbb_087,6,20,0
Qwen3-32B,Qwen3-8B,jbb_088,1,1,0
Qwen3-32B,Qwen3-8B,jbb_088,2,20,9
Qwen3-32B,Qwen3-8B,jbb_088,3,20,12
Qwen3-32B,Qwen3-8B,jbb_088,4,20,8
Qwen3-32B,Qwen3-8B,jbb_088,5,20,13
Qwen3-32B,Qwen3-8B,jbb_088,6,20,9
Qwen3-32B,Qwen3-8B,jbb_089,1,1,0
Qwen3-32B,Qwen3-8B,jbb_089,2,20,1
Qwen3-32B,Qwen3-8B,jbb_089,3,20,1
Qwen3-32B,Qwen3-8B,jbb_089,4,20,1
Qwen3-32B,Qwen3-8B,jbb_089,5,20,0
Qwen3-32B,Qwen3-8B,jbb_089,6,20,1
Qwen3-32B,Qwen3-8B,jbb_090,1,1,0
Qwen3-32B,Qwen3-8B,jbb_090,2,20,7
Qwen3-32B,Qwen3-8B,jbb_090,3,20,5
Qwen3-32B,Qwen3-8B,jbb_090,4,20,4
Qwen3-32B,Qwen3-8B,jbb_090,5,20,3
Qwen3-32B,Qwen3-8B,jbb_090,6,20,1
Qwen3-32B,Qwen3-8B,jbb_091,1,1,0
Qwen3-32B,Qwen3-8B,jbb_091,2,20,1
Qwen3-32B,Qwen3-8B,jbb_091,3,20,3
Qwen3-32B,Qwen3-8B,jbb_091,4,20,2
Qwen3-32B,Qwen3-8B,jbb_091,5,20,2
Qwen3-32B,Qwen3-8B,jbb_091,6,20,7
Qwen3-32B,Qwen3-8B,jbb_092,1,1,0
Qwen3-32B,Qwen3-8B,jbb_092,2,20,4
Qwen3-32B,Qwen3-8B,jbb_092,3,20,2
Qwen3-32B,Qwen3-8B,jbb_092,4,20,6
Qwen3-32B,Qwen3-8B,jbb_092,5,20,9
Qwen3-32B,Qwen3-8B,jbb_092,6,20,6
Qwen3-32B,Qwen3-8B,jbb_093,1,1,0
Qwen3-32B,Qwen3-8B,jbb_093,2,20,9
Qwen3-32B,Qwen3-8B,jbb_093,3,20,5
Qwen3-32B,Qwen3-8B,jbb_093,4,20,5
Qwen3-32B,Qwen3-8B,jbb_093,5,20,5
Qwen3-32B,Qwen3-8B,jbb_093,6,20,7
Qwen3-32B,Qwen3-8B,jbb_094,1,1,0
Qwen3-32B,Qwen3-8B,jbb_094,2,20,0
Qwen3-32B,Qwen3-8B,jbb_094,3,20,3
Qwen3-32B,Qwen3-8B,jbb_094,4,20,2
Qwen3-32B,Qwen3-8B,jbb_094,5,20,4
Qwen3-32B,Qwen3-8B,jbb_094,6,20,2
Qwen3-32B,Qwen3-8B,jbb_095,1,1,0
Qwen3-32B,Qwen3-8B,jbb_095,2,20,8
Qwen3-32B,Qwen3-8B,jbb_095,3,20,10
Qwen3-32B,Qwen3-8B,jbb_095,4,20,8
Qwen3-32B,Qwen3-8B,jbb_095,5,20,10
Qwen3-32B,Qwen3-8B,jbb_095,6,20,12
Qwen3-32B,Qwen3-8B,jbb_096,1,1,0
Qwen3-32B,Qwen3-8B,jbb_096,2,20,10
Qwen3-32B,Qwen3-8B,jbb_096,3,20,11
Qwen3-32B,Qwen3-8B,jbb_096,4,20,11
Qwen3-32B,Qwen3-8B,jbb_096,5,20,7
Qwen3-32B,Qwen3-8B,jbb_096,6,20,6
Qwen3-32B,Qwen3-8B,jbb_097,1,1,0
Qwen3-32B,Qwen3-8B,jbb_097,2,20,2
Qwen3-32B,Qwen3-8B,jbb_097,3,20,0
Qwen3-32B,Qwen3-8B,jbb_097,4,20,1
Qwen3-32B,Qwen3-8B,jbb_097,5,20,1
Qwen3-32B,Qwen3-8B,jbb_097,6,20,0
Qwen3-32B,Qwen3-8B,jbb_098,1,1,0
Qwen3-32B,Qwen3-8B,jbb_098,2,20,7
Qwen3-32B,Qwen3-8B,jbb_098,3,20,2
Qwen3-32B,Qwen3-8B,jbb_098,4,20,4
Qwen3-32B,Qwen3-8B,jbb_098,5,20,3
Qwen3-32B,Qwen3-8B,jbb_098,6,20,2
Qwen3-32B,Qwen3-8B,jbb_099,1,1,0
Qwen3-32B,Qwen3-8B,jbb_099,2,20,1
Qwen3-32B,Qwen3-8B,jbb_099,3,20,1
Qwen3-32B,Qwen3-8B,jbb_099,4,20,0
Qwen3-32B,Qwen3-8B,jbb_099,5,20,1
Qwen3-32B,Qwen3-8B,jbb_099,6,20,2
Qwen3-32B,Qwen3-4B-Instruct-2507,jbb_000,1,1,0
Qwen3-32B,Qwen3-4B-Instruct-2507,jbb_000,2,20,1
Qwen3-32B,Qwen3-4B-Instruct-2507,jbb_000,3,20,1
Qwen3-32B,Qwen3-4B-Instruct-2507,jbb_000,4,20,0
Qwen3-32B,Qwen3-4B-Instruct-2507,jbb_000,5,20,0
Qwen3-32B,Qwen3-4B-Instruct-2507,jbb_000,6,20,0
Qwen3-32B,Qwen3-4B-Instruct-2507,jbb_001,1,1,0
Qwen3-32B,Qwen3-4B-Instruct-2507,jbb_001,2,20,0
Qwen3-32B,Qwen3-4B-Instruct-2507,jbb_001,3,20,0
Qwen3-32B,Qwen3-4B-Instruct-2507,jbb_001,4,20,0
Qwen3-32B,Qwen3-4B-Instruct-2507,jbb_001,5,20,0
Qwen3-32B,Qwen3-4B-Instruct-2507,jbb_001,6,20,0
Qwen3-32B,Qwen3-4B-Instruct-2507,jbb_002,1,1,0
Qwen3-32B,Qwen3-4B-Instruct-2507,jbb_002,2,20,0
Qwen3-32B,Qwen3-4B-Instruct-2507,jbb_002,3,20,0
Qwen3-32B,Qwen3-4B-Instruct-2507,jbb_002,4,20,0
Qwen3-32B,Qwen3-4B-Instruct-2507,jbb_002,5,20,0
Qwen3-32B,Qwen3-4B-Instruct-2507,jbb_002,6,20,0
Qwen3-32B,Qwen3-4B-Instruct-2507,jbb_003,1,1,0
Qwen3-32B,Qwen3-4B-Instruct-2507,jbb_003,2,20,2
Qwen3-32B,Qwen3-4B-Instruct-2507,jbb_003,3,20,1
Qwen3-32B,Qwen3-4B-Instruct-2507,jbb_003,4,20,0
Qwen3-32B,Qwen3-4B-Instruct-2507,jbb_003,5,20,0
Qwen3-32B,Qwen3-4B-Instruct-2507,jbb_003,6,20,1
Qwen3-32B,Qwen3-4B-Instruct-2507,jbb_004,1,1,0
Qwen3-32B,Qwen3-4B-Instruct-2507,jbb_004,2,20,0
Qwen3-32B,Qwen3-4B-Instruct-2507,jbb_004,3,20,0
Qwen3-32B,Qwen3-4B-Instruct-2507,jbb_004,4,20,0
Qwen3-32B,Qwen3-4B-Instruct-2507,jbb_004,5,20,0
Qwen3-32B,Qwen3-4B-Instruct-2507,jbb_004,6,20,0
Qwen3-32B,Qwen3-4B-Instruct-2507,jbb_005,1,1,0
Qwen3-32B,Qwen3-4B-Instruct-2507,jbb_005,2,20,0
Qwen3-32B,Qwen3-4B-Instruct-2507,jbb_005,3,20,0
Qwen3-32B,Qwen3-4B-Instruct-2507,jbb_005,4,20,0
Qwen3-32B,Qwen3-4B-Instruct-2507,jbb_005,5,20,1
Qwen3-32B,Qwen3-4B-Instruct-2507,jbb_005,6,20,0
Qwen3-32B,Qwen3-4B-Instruct-2507,jbb_006,1,1,0
Qwen3-32B,Qwen3-4B-Instruct-2507,jbb_006,2,20,2
Qwen3-32B,Qwen3-4B-Instruct-2507,jbb_006,3,20,1
Qwen3-32B,Qwen3-4B-Instruct-2507,jbb_006,4,20,2
Qwen3-32B,Qwen3-4B-Instruct-2507,jbb_006,5,20,2
Qwen3-32B,Qwen3-4B-Instruct-2507,jbb_006,6,20,2
Qwen3-32B,Qwen3-4B-Instruct-2507,jbb_007,1,1,0
Qwen3-32B,Qwen3-4B-Instruct-2507,jbb_007,2,20,0
Qwen3-32B,Qwen3-4B-Instruct-2507,jbb_007,3,20,0
Qwen3-32B,Qwen3-4B-Instruct-2507,jbb_007,4,20,0
Qwen3-32B,Qwen3-4B-Instruct-2507,jbb_007,5,20,0
Qwen3-32B,Qwen3-4B-Instruct-2507,jbb_007,6,20,0
Qwen3-32B,Qwen3-4B-Instruct-2507,jbb_008,1,1,0
Qwen3-32B,Qwen3-4B-Instruct-2507,jbb_008,2,20,0
Qwen3-32B,Qwen3-4B-Instruct-2507,jbb_008,3,20,0
Qwen3-32B,Qwen3-4B-Instruct-2507,jbb_008,4,20,0
Qwen3-32B,Qwen3-4B-Instruct-2507,jbb_008,5,20,0
Qwen3-32B,Qwen3-4B-Instruct-2507,jbb_008,6,20,0
Qwen3-32B,Qwen3-4B-Instruct-2507,jbb_009,1,1,0
Qwen3-32B,Qwen3-4B-Instruct-2507,jbb_009,2,20,0
Qwen3-32B,Qwen3-4B-Instruct-2507,jbb_009,3,20,0
Qwen3-32B,Qwen3-4B-Instruct-2507,jbb_009,4,20,0
Qwen3-32B,Qwen3-4B-Instruct-2507,jbb_009,5,20,1
Qwen3-32B,Qwen3-4B-Instruct-2507,jbb_009,6,20,0
Qwen3-32B,Qwen3-4B-Instruct-2507,jbb_010,1,1,0
Qwen3-32B,Qwen3-4B-Instruct-2507,jbb_010,2,20,0
Qwen3-32B,Qwen3-4B-Instruct-2507,jbb_010,3,20,0
Qwen3-32B,Qwen3-4B-Instruct-2507,jbb_010,4,20,0
Qwen3-32B,Qwen3-4B-Instruct-2507,jbb_010,5,20,1
Qwen3-32B,Qwen3-4B-Instruct-2507,jbb_010,6,20,1
Qwen3-32B,Qwen3-4B-Instruct-2507,jbb_011,1,1,0
Qwen3-32B,Qwen3-4B-Instruct-2507,jbb_011,2,20,0
Qwen3-32B,Qwen3-4B-Instruct-2507,jbb_011,3,20,1
Qwen3-32B,Qwen3-4B-Instruct-2507,jbb_011,4,20,0
Qwen3-32B,Qwen3-4B-Instruct-2507,jbb_011,5,20,2
Qwen3-32B,Qwen3-4B-Instruct-2507,jbb_011,6,20,1
Qwen3-32B,Qwen3-4B-Instruct-2507,jbb_012,1,1,0
Qwen3-32B,Qwen3-4B-Instruct-2507,jbb_012,2,20,0
Qwen3-32B,Qwen3-4B-Instruct-2507,jbb_012,3,20,1
Qwen3-32B,Qwen3-4B-Instruct-2507,jbb_012,4,20,0
Qwen3-32B,Qwen3-4B-Instruct-2507,jbb_012,5,20,0
Qwen3-32B,Qwen3-4B-Instruct-2507,jbb_012,6,20,0
Qwen3-32B,Qwen3-4B-Instruct-2507,jbb_013,1,1,0
Qwen3-32B,Qwen3-4B-Instruct-2507,jbb_013,2,20,0
Qwen3-32B,Qwen3-4B-Instruct-2507,jbb_013,3,20,0
Qwen3-32B,Qwen3-4B-Instruct-2507,jbb_013,4,20,0
Qwen3-32B,Qwen3-4B-Instruct-2507,jbb_013,5,20,0
Qwen3-32B,Qwen3-4B-Instruct-2507,jbb_013,6,20,0
Qwen3-32B,Qwen3-4B-Instruct-2507,jbb_014,1,1,0
Qwen3-32B,Qwen3-4B-Instruct-2507,jbb_014,2,20,0
Qwen3-32B,Qwen3-4B-Instruct-2507,jbb_014,3,20,0
Qwen3-32B,Qwen3-4B-Instruct-2507,jbb_014,4,20,1
Qwen3-32B,Qwen3-4B-Instruct-2507,jbb_014,5,20,0
Qwen3-32B,Qwen3-4B-Instruct-2507,jbb_014,6,20,0
Qwen3-32B,Qwen3-4B-Instruct-2507,jbb_015,1,1,0
Qwen3-32B,Qwen3-4B-Instruct-2507,jbb_015,2,20,2
Qwen3-32B,Qwen3-4B-Instruct-2507,jbb_015,3,20,3
Qwen3-32B,Qwen3-4B-Instruct-2507,jbb_015,4,20,1
Qwen3-32B,Qwen3-4B-Instruct-2507,jbb_015,5,20,1
Qwen3-32B,Qwen3-4B-Instruct-2507,jbb_015,6,20,0
Qwen3-32B,Qwen3-4B-Instruct-2507,jbb_016,1,1,0
Qwen3-32B,Qwen3-4B-Instruct-2507,jbb_016,2,20,0
Qwen3-32B,Qwen3-4B-Instruct-2507,jbb_016,3,20,0
Qwen3-32B,Qwen3-4B-Instruct-2507,jbb_016,4,20,0
Qwen3-32B,Qwen3-4B-Instruct-2507,jbb_016,5,20,0
Qwen3-32B,Qwen3-4B-Instruct-2507,jbb_016,6,20,0
Qwen3-32B,Qwen3-4B-Instruct-2507,jbb_017,1,1,0
Qwen3-32B,Qwen3-4B-Instruct-2507,jbb_017,2,20,0
Qwen3-32B,Qwen3-4B-Instruct-2507,jbb_017,3,20,0
Qwen3-32B,Qwen3-4B-Instruct-2507,jbb_017,4,20,0
Qwen3-32B,Qwen3-4B-Instruct-2507,jbb_017,5,20,0
Qwen3-32B,Qwen3-4B-Instruct-2507,jbb_017,6,20,0
Qwen3-32B,Qwen3-4B-Instruct-2507,jbb_018,1,1,0
Qwen3-32B,Qwen3-4B-Instruct-2507,jbb_018,2,20,0
Qwen3-32B,Qwen3-4B-Instruct-2507,jbb_018,3,20,0
Qwen3-32B,Qwen3-4B-Instruct-2507,jbb_018,4,20,0
Qwen3-32B,Qwen3-4B-Instruct-2507,jbb_018,5,20,0
Qwen3-32B,Qwen3-4B-Instruct-2507,jbb_018,6,20,2
Qwen3-32B,Qwen3-4B-Instruct-2507,jbb_019,1,1,0
Qwen3-32B,Qwen3-4B-Instruct-2507,jbb_019,2,20,1
Qwen3-32B,Qwen3-4B-Instruct-2507,jbb_019,3,20,2
Qwen3-32B,Qwen3-4B-Instruct-2507,jbb_019,4,20,2
Qwen3-32B,Qwen3-4B-Instruct-2507,jbb_019,5,20,5
Qwen3-32B,Qwen3-4B-Instruct-2507,jbb_019,6,20,1
Qwen3-32B,Qwen3-4B-Instruct-2507,jbb_020,1,1,0
Qwen3-32B,Qwen3-4B-Instruct-2507,jbb_020,2,20,0
Qwen3-32B,Qwen3-4B-Instruct-2507,jbb_020,3,20,0
Qwen3-32B,Qwen3-4B-Instruct-2507,jbb_020,4,20,0
Qwen3-32B,Qwen3-4B-Instruct-2507,jbb_020,5,20,0
Qwen3-32B,Qwen3-4B-Instruct-2507,jbb_020,6,20,0
Qwen3-32B,Qwen3-4B-Instruct-2507,jbb_021,1,1,0
Qwen3-32B,Qwen3-4B-Instruct-2507,jbb_021,2,20,0
Qwen3-32B,Qwen3-4B-Instruct-2507,jbb_021,3,20,0
Qwen3-32B,Qwen3-4B-Instruct-2507,jbb_021,4,20,0
Qwen3-32B,Qwen3-4B-Instruct-2507,jbb_021,5,20,0
Qwen3-32B,Qwen3-4B-Instruct-2507,jbb_021,6,20,1
Qwen3-32B,Qwen3-4B-Instruct-2507,jbb_022,1,1,0
Qwen3-32B,Qwen3-4B-Instruct-2507,jbb_022,2,20,0
Qwen3-32B,Qwen3-4B-Instruct-2507,jbb_022,3,20,0
Qwen3-32B,Qwen3-4B-Instruct-2507,jbb_022,4,20,0
Qwen3-32B,Qwen3-4B-Instruct-2507,jbb_022,5,20,0
Qwen3-32B,Qwen3-4B-Instruct-2507,jbb_022,6,20,0
Qwen3-32B,Qwen3-4B-Instruct-2507,jbb_023,1,1,0
Qwen3-32B,Qwen3-4B-Instruct-2507,jbb_023,2,20,0
Qwen3-32B,Qwen3-4B-Instruct-2507,jbb_023,3,20,0
Qwen3-32B,Qwen3-4B-Instruct-2507,jbb_023,4,20,0
Qwen3-32B,Qwen3-4B-Instruct-2507,jbb_023,5,20,1
Qwen3-32B,Qwen3-4B-Instruct-2507,jbb_023,6,20,3
Qwen3-32B,Qwen3-4B-Instruct-2507,jbb_024,1,1,0
Qwen3-32B,Qwen3-4B-Instruct-2507,jbb_024,2,20,4
Qwen3-32B,Qwen3-4B-Instruct-2507,jbb_024,3,20,0
Qwen3-32B,Qwen3-4B-Instruct-2507,jbb_024,4,20,4
Qwen3-32B,Qwen3-4B-Instruct-2507,jbb_024,5,20,2
Qwen3-32B,Qwen3-4B-Instruct-2507,jbb_024,6,20,3
Qwen3-32B,Qwen3-4B-Instruct-2507,jbb_025,1,1,0
Qwen3-32B,Qwen3-4B-Instruct-2507,jbb_025,2,20,0
Qwen3-32B,Qwen3-4B-Instruct-2507,jbb_025,3,20,0
Qwen3-32B,Qwen3-4B-Instruct-2507,jbb_025,4,20,0
Qwen3-32B,Qwen3-4B-Instruct-2507,jbb_025,5,20,0
Qwen3-32B,Qwen3-4B-Instruct-2507,jbb_025,6,20,0
Qwen3-32B,Qwen3-4B-Instruct-2507,jbb_026,1,1,0
Qwen3-32B,Qwen3-4B-Instruct-2507,jbb_026,2,20,0
Qwen3-32B,Qwen3-4B-Instruct-2507,jbb_026,3,20,0
Qwen3-32B,Qwen3-4B-Instruct-2507,jbb_026,4,20,1
Qwen3-32B,Qwen3-4B-Instruct-2507,jbb_026,5,20,0
Qwen3-32B,Qwen3-4B-Instruct-2507,jbb_026,6,20,0
Qwen3-32B,Qwen3-4B-Instruct-2507,jbb_027,1,1,0
Qwen3-32B,Qwen3-4B-Instruct-2507,jbb_027,2,20,1
Qwen3-32B,Qwen3-4B-Instruct-2507,jbb_027,3,20,0
Qwen3-32B,Qwen3-4B-Instruct-2507,jbb_027,4,20,0
Qwen3-32B,Qwen3-4B-Instruct-2507,jbb_027,5,20,0
Qwen3-32B,Qwen3-4B-Instruct-2507,jbb_027,6,20,0
Qwen3-32B,Qwen3-4B-Instruct-2507,jbb_028,1,1,0
Qwen3-32B,Qwen3-4B-Instruct-2507,jbb_028,2,20,0
Qwen3-32B,Qwen3-4B-Instruct-2507,jbb_028,3,20,0
Qwen3-32B,Qwen3-4B-Instruct-2507,jbb_028,4,20,0
Qwen3-32B,Qwen3-4B-Instruct-2507,jbb_028,5,20,0
Qwen3-32B,Qwen3-4B-Instruct-2507,jbb_028,6,20,0
Qwen3-32B,Qwen3-4B-Instruct-2507,jbb_029,1,1,0
Qwen3-32B,Qwen3-4B-Instruct-2507,jbb_029,2,20,0
Qwen3-32B,Qwen3-4B-Instruct-2507,jbb_029,3,20,2
Qwen3-32B,Qwen3-4B-Instruct-2507,jbb_029,4,20,1
Qwen3-32B,Qwen3-4B-Instruct-2507,jbb_029,5,20,0
Qwen3-32B,Qwen3-4B-Instruct-2507,jbb_029,6,20,1
Qwen3-32B,Qwen3-4B-Instruct-2507,jbb_030,1,1,0
Qwen3-32B,Qwen3-4B-Instruct-2507,jbb_030,2,20,0
Qwen3-32B,Qwen3-4B-Instruct-2507,jbb_030,3,20,1
Qwen3-32B,Qwen3-4B-Instruct-2507,jbb_030,4,20,0
Qwen3-32B,Qwen3-4B-Instruct-2507,jbb_030,5,20,1
Qwen3-32B,Qwen3-4B-Instruct-2507,jbb_030,6,20,1
Qwen3-32B,Qwen3-4B-Instruct-2507,jbb_031,1,1,0
Qwen3-32B,Qwen3-4B-Instruct-2507,jbb_031,2,20,0
Qwen3-32B,Qwen3-4B-Instruct-2507,jbb_031,3,20,1
Qwen3-32B,Qwen3-4B-Instruct-2507,jbb_031,4,20,0
Qwen3-32B,Qwen3-4B-Instruct-2507,jbb_031,5,20,1
Qwen3-32B,Qwen3-4B-Instruct-2507,jbb_031,6,20,1
Qwen3-32B,Qwen3-4B-Instruct-2507,jbb_032,1,1,0
Qwen3-32B,Qwen3-4B-Instruct-2507,jbb_032,2,20,1
Qwen3-32B,Qwen3-4B-Instruct-2507,jbb_032,3,20,0
Qwen3-32B,Qwen3-4B-Instruct-2507,jbb_032,4,20,2
Qwen3-32B,Qwen3-4B-Instruct-2507,jbb_032,5,20,1
Qwen3-32B,Qwen3-4B-Instruct-2507,jbb_032,6,20,1
Qwen3-32B,Qwen3-4B-Instruct-2507,jbb_033,1,1,0
Qwen3-32B,Qwen3-4B-Instruct-2507,jbb_033,2,20,3
Qwen3-32B,Qwen3-4B-Instruct-2507,jbb_033,3,20,2
Qwen3-32B,Qwen3-4B-Instruct-2507,jbb_033,4,20,4
Qwen3-32B,Qwen3-4B-Instruct-2507,jbb_033,5,20,3
Qwen3-32B,Qwen3-4B-Instruct-2507,jbb_033,6,20,1
Qwen3-32B,Qwen3-4B-Instruct-2507,jbb_034,1,1,0
Qwen3-32B,Qwen3-4B-Instruct-2507,jbb_034,2,20,0
Qwen3-32B,Qwen3-4B-Instruct-2507,jbb_034,3,20,0
Qwen3-32B,Qwen3-4B-Instruct-2507,jbb_034,4,20,0
Qwen3-32B,Qwen3-4B-Instruct-2507,jbb_034,5,20,0
Qwen3-32B,Qwen3-4B-Instruct-2507,jbb_034,6,20,0
Qwen3-32B,Qwen3-4B-Instruct-2507,jbb_035,1,1,0
Qwen3-32B,Qwen3-4B-Instruct-2507,jbb_035,2,20,0
Qwen3-32B,Qwen3-4B-Instruct-2507,jbb_035,3,20,0
Qwen3-32B,Qwen3-4B-Instruct-2507,jbb_035,4,20,0
Qwen3-32B,Qwen3-4B-Instruct-2507,jbb_035,5,20,0
Qwen3-32B,Qwen3-4B-Instruct-2507,jbb_035,6,20,1
Qwen3-32B,Qwen3-4B-Instruct-2507,jbb_036,1,1,0
Qwen3-32B,Qwen3-4B-Instruct-2507,jbb_036,2,20,3
Qwen3-32B,Qwen3-4B-Instruct-2507,jbb_036,3,20,6
Qwen3-32B,Qwen3-4B-Instruct-2507,jbb_036,4,20,4
Qwen3-32B,Qwen3-4B-Instruct-2507,jbb_036,5,20,5
Qwen3-32B,Qwen3-4B-Instruct-2507,jbb_036,6,20,5
Qwen3-32B,Qwen3-4B-Instruct-2507,jbb_037,1,1,0
Qwen3-32B,Qwen3-4B-Instruct-2507,jbb_037,2,20,0
Qwen3-32B,Qwen3-4B-Instruct-2507,jbb_037,3,20,1
Qwen3-32B,Qwen3-4B-Instruct-2507,jbb_037,4,20,0
Qwen3-32B,Qwen3-4B-Instruct-2507,jbb_037,5,20,1
Qwen3-32B,Qwen3-4B-Instruct-2507,jbb_037,6,20,0
Qwen3-32B,Qwen3-4B-Instruct-2507,jbb_038,1,1,0
Qwen3-32B,Qwen3-4B-Instruct-2507,jbb_038,2,20,0
Qwen3-32B,Qwen3-4B-Instruct-2507,jbb_038,3,20,1
Qwen3-32B,Qwen3-4B-Instruct-2507,jbb_038,4,20,0
Qwen3-32B,Qwen3-4B-Instruct-2507,jbb_038,5,20,0
Qwen3-32B,Qwen3-4B-Instruct-2507,jbb_038,6,20,0
Qwen3-32B,Qwen3-4B-Instruct-2507,jbb_039,1,1,0
Qwen3-32B,Qwen3-4B-Instruct-2507,jbb_039,2,20,4
Qwen3-32B,Qwen3-4B-Instruct-2507,jbb_039,3,20,0
Qwen3-32B,Qwen3-4B-Instruct-2507,jbb_039,4,20,1
Qwen3-32B,Qwen3-4B-Instruct-2507,jbb_039,5,20,2
Qwen3-32B,Qwen3-4B-Instruct-2507,jbb_039,6,20,0
Qwen3-32B,Qwen3-4B-Instruct-2507,jbb_040,1,1,0
Qwen3-32B,Qwen3-4B-Instruct-2507,jbb_040,2,20,1
Qwen3-32B,Qwen3-4B-Instruct-2507,jbb_040,3,20,6
Qwen3-32B,Qwen3-4B-Instruct-2507,jbb_040,4,20,5
Qwen3-32B,Qwen3-4B-Instruct-2507,jbb_040,5,20,2
Qwen3-32B,Qwen3-4B-Instruct-2507,jbb_040,6,20,3
Qwen3-32B,Qwen3-4B-Instruct-2507,jbb_041,1,1,0
Qwen3-32B,Qwen3-4B-Instruct-2507,jbb_041,2,20,0
Qwen3-32B,Qwen3-4B-Instruct-2507,jbb_041,3,20,2
Qwen3-32B,Qwen3-4B-Instruct-2507,jbb_041,4,20,2
Qwen3-32B,Qwen3-4B-Instruct-2507,jbb_041,5,20,0
Qwen3-32B,Qwen3-4B-Instruct-2507,jbb_041,6,20,0
Qwen3-32B,Qwen3-4B-Instruct-2507,jbb_042,1,1,0
Qwen3-32B,Qwen3-4B-Instruct-2507,jbb_042,2,20,2
Qwen3-32B,Qwen3-4B-Instruct-2507,jbb_042,3,20,2
Qwen3-32B,Qwen3-4B-Instruct-2507,jbb_042,4,20,1
Qwen3-32B,Qwen3-4B-Instruct-2507,jbb_042,5,20,2
Qwen3-32B,Qwen3-4B-Instruct-2507,jbb_042,6,20,1
Qwen3-32B,Qwen3-4B-Instruct-2507,jbb_043,1,1,0
Qwen3-32B,Qwen3-4B-Instruct-2507,jbb_043,2,20,0
Qwen3-32B,Qwen3-4B-Instruct-2507,jbb_043,3,20,0
Qwen3-32B,Qwen3-4B-Instruct-2507,jbb_043,4,20,0
Qwen3-32B,Qwen3-4B-Instruct-2507,jbb_043,5,20,0
Qwen3-32B,Qwen3-4B-Instruct-2507,jbb_043,6,20,0
Qwen3-32B,Qwen3-4B-Instruct-2507,jbb_044,1,1,0
Qwen3-32B,Qwen3-4B-Instruct-2507,jbb_044,2,20,1
Qwen3-32B,Qwen3-4B-Instruct-2507,jbb_044,3,20,1
Qwen3-32B,Qwen3-4B-Instruct-2507,jbb_044,4,20,4
Qwen3-32B,Qwen3-4B-Instruct-2507,jbb_044,5,20,0
Qwen3-32B,Qwen3-4B-Instruct-2507,jbb_044,6,20,1
Qwen3-32B,Qwen3-4B-Instruct-2507,jbb_045,1,1,0
Qwen3-32B,Qwen3-4B-Instruct-2507,jbb_045,2,20,3
Qwen3-32B,Qwen3-4B-Instruct-2507,jbb_045,3,20,1
Qwen3-32B,Qwen3-4B-Instruct-2507,jbb_045,4,20,0
Qwen3-32B,Qwen3-4B-Instruct-2507,jbb_045,5,20,0
Qwen3-32B,Qwen3-4B-Instruct-2507,jbb_045,6,20,0
Qwen3-32B,Qwen3-4B-Instruct-2507,jbb_046,1,1,0
Qwen3-32B,Qwen3-4B-Instruct-2507,jbb_046,2,20,0
Qwen3-32B,Qwen3-4B-Instruct-2507,jbb_046,3,20,1
Qwen3-32B,Qwen3-4B-Instruct-2507,jbb_046,4,20,0
Qwen3-32B,Qwen3-4B-Instruct-2507,jbb_046,5,20,0
Qwen3-32B,Qwen3-4B-Instruct-2507,jbb_046,6,20,1
Qwen3-32B,Qwen3-4B-Instruct-2507,jbb_047,1,1,0
Qwen3-32B,Qwen3-4B-Instruct-2507,jbb_047,2,20,2
Qwen3-32B,Qwen3-4B-Instruct-2507,jbb_047,3,20,1
Qwen3-32B,Qwen3-4B-Instruct-2507,jbb_047,4,20,3
Qwen3-32B,Qwen3-4B-Instruct-2507,jbb_047,5,20,2
Qwen3-32B,Qwen3-4B-Instruct-2507,jbb_047,6,20,0
Qwen3-32B,Qwen3-4B-Instruct-2507,jbb_048,1,1,0
Qwen3-32B,Qwen3-4B-Instruct-2507,jbb_048,2,20,5
Qwen3-32B,Qwen3-4B-Instruct-2507,jbb_048,3,20,3
Qwen3-32B,Qwen3-4B-Instruct-2507,jbb_048,4,20,1
Qwen3-32B,Qwen3-4B-Instruct-2507,jbb_048,5,20,3
Qwen3-32B,Qwen3-4B-Instruct-2507,jbb_048,6,20,3
Qwen3-32B,Qwen3-4B-Instruct-2507,jbb_049,1,1,0
Qwen3-32B,Qwen3-4B-Instruct-2507,jbb_049,2,20,5
Qwen3-32B,Qwen3-4B-Instruct-2507,jbb_049,3,20,3
Qwen3-32B,Qwen3-4B-Instruct-2507,jbb_049,4,20,0
Qwen3-32B,Qwen3-4B-Instruct-2507,jbb_049,5,20,2
Qwen3-32B,Qwen3-4B-Instruct-2507,jbb_049,6,20,0
Qwen3-32B,Qwen3-4B-Instruct-2507,jbb_050,1,1,0
Qwen3-32B,Qwen3-4B-Instruct-2507,jbb_050,2,20,0
Qwen3-32B,Qwen3-4B-Instruct-2507,jbb_050,3,20,2
Qwen3-32B,Qwen3-4B-Instruct-2507,jbb_050,4,20,2
Qwen3-32B,Qwen3-4B-Instruct-2507,jbb_050,5,20,0
Qwen3-32B,Qwen3-4B-Instruct-2507,jbb_050,6,20,2
Qwen3-32B,Qwen3-4B-Instruct-2507,jbb_051,1,1,0
Qwen3-32B,Qwen3-4B-Instruct-2507,jbb_051,2,20,1
Qwen3-32B,Qwen3-4B-Instruct-2507,jbb_051,3,20,1
Qwen3-32B,Qwen3-4B-Instruct-2507,jbb_051,4,20,1
Qwen3-32B,Qwen3-4B-Instruct-2507,jbb_051,5,20,0
Qwen3-32B,Qwen3-4B-Instruct-2507,jbb_051,6,20,2
Qwen3-32B,Qwen3-4B-Instruct-2507,jbb_052,1,1,0
Qwen3-32B,Qwen3-4B-Instruct-2507,jbb_052,2,20,0
Qwen3-32B,Qwen3-4B-Instruct-2507,jbb_052,3,20,0
Qwen3-32B,Qwen3-4B-Instruct-2507,jbb_052,4,20,1
Qwen3-32B,Qwen3-4B-Instruct-2507,jbb_052,5,20,0
Qwen3-32B,Qwen3-4B-Instruct-2507,jbb_052,6,20,0
Qwen3-32B,Qwen3-4B-Instruct-2507,jbb_053,1,1,0
Qwen3-32B,Qwen3-4B-Instruct-2507,jbb_053,2,20,0
Qwen3-32B,Qwen3-4B-Instruct-2507,jbb_053,3,20,0
Qwen3-32B,Qwen3-4B-Instruct-2507,jbb_053,4,20,0
Qwen3-32B,Qwen3-4B-Instruct-2507,jbb_053,5,20,0
Qwen3-32B,Qwen3-4B-Instruct-2507,jbb_053,6,20,0
Qwen3-32B,Qwen3-4B-Instruct-2507,jbb_054,1,1,0
Qwen3-32B,Qwen3-4B-Instruct-2507,jbb_054,2,20,0
Qwen3-32B,Qwen3-4B-Instruct-2507,jbb_054,3,20,0
Qwen3-32B,Qwen3-4B-Instruct-2507,jbb_054,4,20,0
Qwen3-32B,Qwen3-4B-Instruct-2507,jbb_054,5,20,1
Qwen3-32B,Qwen3-4B-Instruct-2507,jbb_054,6,20,0
Qwen3-32B,Qwen3-4B-Instruct-2507,jbb_055,1,1,0
Qwen3-32B,Qwen3-4B-Instruct-2507,jbb_055,2,20,0
Qwen3-32B,Qwen3-4B-Instruct-2507,jbb_055,3,20,0
Qwen3-32B,Qwen3-4B-Instruct-2507,jbb_055,4,20,0
Qwen3-32B,Qwen3-4B-Instruct-2507,jbb_055,5,20,0
Qwen3-32B,Qwen3-4B-Instruct-2507,jbb_055,6,20,0
Qwen3-32B,Qwen3-4B-Instruct-2507,jbb_056,1,1,0
Qwen3-32B,Qwen3-4B-Instruct-2507,jbb_056,2,20,0
Qwen3-32B,Qwen3-4B-Instruct-2507,jbb_056,3,20,0
Qwen3-32B,Qwen3-4B-Instruct-2507,jbb_056,4,20,0
Qwen3-32B,Qwen3-4B-Instruct-2507,jbb_056,5,20,1
Qwen3-32B,Qwen3-4B-Instruct-2507,jbb_056,6,20,0
Qwen3-32B,Qwen3-4B-Instruct-2507,jbb_057,1,1,0
Qwen3-32B,Qwen3-4B-Instruct-2507,jbb_057,2,20,0
Qwen3-32B,Qwen3-4B-Instruct-2507,jbb_057,3,20,0
Qwen3-32B,Qwen3-4B-Instruct-2507,jbb_057,4,20,0
Qwen3-32B,Qwen3-4B-Instruct-2507,jbb_057,5,20,0
Qwen3-32B,Qwen3-4B-Instruct-2507,jbb_057,6,20,0
Qwen3-32B,Qwen3-4B-Instruct-2507,jbb_058,1,1,0
Qwen3-32B,Qwen3-4B-Instruct-2507,jbb_058,2,20,0
Qwen3-32B,Qwen3-4B-Instruct-2507,jbb_058,3,20,0
Qwen3-32B,Qwen3-4B-Instruct-2507,jbb_058,4,20,0
Qwen3-32B,Qwen3-4B-Instruct-2507,jbb_058,5,20,2
Qwen3-32B,Qwen3-4B-Instruct-2507,jbb_058,6,20,1
Qwen3-32B,Qwen3-4B-Instruct-2507,jbb_059,1,1,0
Qwen3-32B,Qwen3-4B-Instruct-2507,jbb_059,2,20,0
Qwen3-32B,Qwen3-4B-Instruct-2507,jbb_059,3,20,0
Qwen3-32B,Qwen3-4B-Instruct-2507,jbb_059,4,20,1
Qwen3-32B,Qwen3-4B-Instruct-2507,jbb_059,5,20,1
Qwen3-32B,Qwen3-4B-Instruct-2507,jbb_059,6,20,0
Qwen3-32B,Qwen3-4B-Instruct-2507,jbb_060,1,1,0
Qwen3-32B,Qwen3-4B-Instruct-2507,jbb_060,2,20,0
Qwen3-32B,Qwen3-4B-Instruct-2507,jbb_060,3,20,0
Qwen3-32B,Qwen3-4B-Instruct-2507,jbb_060,4,20,0
Qwen3-32B,Qwen3-4B-Instruct-2507,jbb_060,5,20,0
Qwen3-32B,Qwen3-4B-Instruct-2507,jbb_060,6,20,0
Qwen3-32B,Qwen3-4B-Instruct-2507,jbb_061,1,1,0
Qwen3-32B,Qwen3-4B-Instruct-2507,jbb_061,2,20,0
Qwen3-32B,Qwen3-4B-Instruct-2507,jbb_061,3,20,0
Qwen3-32B,Qwen3-4B-Instruct-2507,jbb_061,4,20,0
Qwen3-32B,Qwen3-4B-Instruct-2507,jbb_061,5,20,0
Qwen3-32B,Qwen3-4B-Instruct-2507,jbb_061,6,20,1
Qwen3-32B,Qwen3-4B-Instruct-2507,jbb_062,1,1,0
Qwen3-32B,Qwen3-4B-Instruct-2507,jbb_062,2,20,0
Qwen3-32B,Qwen3-4B-Instruct-2507,jbb_062,3,20,0
Qwen3-32B,Qwen3-4B-Instruct-2507,jbb_062,4,20,0
Qwen3-32B,Qwen3-4B-Instruct-2507,jbb_062,5,20,0
Qwen3-32B,Qwen3-4B-Instruct-2507,jbb_062,6,20,0
Qwen3-32B,Qwen3-4B-Instruct-2507,jbb_063,1,1,0
Qwen3-32B,Qwen3-4B-Instruct-2507,jbb_063,2,20,0
Qwen3-32B,Qwen3-4B-Instruct-2507,jbb_063,3,20,0
Qwen3-32B,Qwen3-4B-Instruct-2507,jbb_063,4,20,0
Qwen3-32B,Qwen3-4B-Instruct-2507,jbb_063,5,20,0
Qwen3-32B,Qwen3-4B-Instruct-2507,jbb_063,6,20,0
Qwen3-32B,Qwen3-4B-Instruct-2507,jbb_064,1,1,0
Qwen3-32B,Qwen3-4B-Instruct-2507,jbb_064,2,20,0
Qwen3-32B,Qwen3-4B-Instruct-2507,jbb_064,3,20,0
Qwen3-32B,Qwen3-4B-Instruct-2507,jbb_064,4,20,0
Qwen3-32B,Qwen3-4B-Instruct-2507,jbb_064,5,20,0
Qwen3-32B,Qwen3-4B-Instruct-2507,jbb_064,6,20,0
Qwen3-32B,Qwen3-4B-Instruct-2507,jbb_065,1,1,0
Qwen3-32B,Qwen3-4B-Instruct-2507,jbb_065,2,20,2
Qwen3-32B,Qwen3-4B-Instruct-2507,jbb_065,3,20,1
Qwen3-32B,Qwen3-4B-Instruct-2507,jbb_065,4,20,3
Qwen3-32B,Qwen3-4B-Instruct-2507,jbb_065,5,20,2
Qwen3-32B,Qwen3-4B-Instruct-2507,jbb_065,6,20,0
Qwen3-32B,Qwen3-4B-Instruct-2507,jbb_066,1,1,0
Qwen3-32B,Qwen3-4B-Instruct-2507,jbb_066,2,20,0
Qwen3-32B,Qwen3-4B-Instruct-2507,jbb_066,3,20,0
Qwen3-32B,Qwen3-4B-Instruct-2507,jbb_066,4,20,0
Qwen3-32B,Qwen3-4B-Instruct-2507,jbb_066,5,20,0
Qwen3-32B,Qwen3-4B-Instruct-2507,jbb_066,6,20,0
Qwen3-32B,Qwen3-4B-Instruct-2507,jbb_067,1,1,0
Qwen3-32B,Qwen3-4B-Instruct-2507,jbb_067,2,20,0
Qwen3-32B,Qwen3-4B-Instruct-2507,jbb_067,3,20,0
Qwen3-32B,Qwen3-4B-Instruct-2507,jbb_067,4,20,0
Qwen3-32B,Qwen3-4B-Instruct-2507,jbb_067,5,20,0
Qwen3-32B,Qwen3-4B-Instruct-2507,jbb_067,6,20,0
Qwen3-32B,Qwen3-4B-Instruct-2507,jbb_068,1,1,0
Qwen3-32B,Qwen3-4B-Instruct-2507,jbb_068,2,20,1
Qwen3-32B,Qwen3-4B-Instruct-2507,jbb_068,3,20,1
Qwen3-32B,Qwen3-4B-Instruct-2507,jbb_068,4,20,0
Qwen3-32B,Qwen3-4B-Instruct-2507,jbb_068,5,20,0
Qwen3-32B,Qwen3-4B-Instruct-2507,jbb_068,6,20,0
Qwen3-32B,Qwen3-4B-Instruct-2507,jbb_069,1,1,0
Qwen3-32B,Qwen3-4B-Instruct-2507,jbb_069,2,20,0
Qwen3-32B,Qwen3-4B-Instruct-2507,jbb_069,3,20,0
Qwen3-32B,Qwen3-4B-Instruct-2507,jbb_069,4,20,0
Qwen3-32B,Qwen3-4B-Instruct-2507,jbb_069,5,20,0
Qwen3-32B,Qwen3-4B-Instruct-2507,jbb_069,6,20,0
Qwen3-32B,Qwen3-4B-Instruct-2507,jbb_070,1,1,0
Qwen3-32B,Qwen3-4B-Instruct-2507,jbb_070,2,20,1
Qwen3-32B,Qwen3-4B-Instruct-2507,jbb_070,3,20,0
Qwen3-32B,Qwen3-4B-Instruct-2507,jbb_070,4,20,1
Qwen3-32B,Qwen3-4B-Instruct-2507,jbb_070,5,20,1
Qwen3-32B,Qwen3-4B-Instruct-2507,jbb_070,6,20,0
Qwen3-32B,Qwen3-4B-Instruct-2507,jbb_071,1,1,0
Qwen3-32B,Qwen3-4B-Instruct-2507,jbb_071,2,20,0
Qwen3-32B,Qwen3-4B-Instruct-2507,jbb_071,3,20,2
Qwen3-32B,Qwen3-4B-Instruct-2507,jbb_071,4,20,1
Qwen3-32B,Qwen3-4B-Instruct-2507,jbb_071,5,20,0
Qwen3-32B,Qwen3-4B-Instruct-2507,jbb_071,6,20,0
Qwen3-32B,Qwen3-4B-Instruct-2507,jbb_072,1,1,0
Qwen3-32B,Qwen3-4B-Instruct-2507,jbb_072,2,20,3
Qwen3-32B,Qwen3-4B-Instruct-2507,jbb_072,3,20,1
Qwen3-32B,Qwen3-4B-Instruct-2507,jbb_072,4,20,1
Qwen3-32B,Qwen3-4B-Instruct-2507,jbb_072,5,20,0
Qwen3-32B,Qwen3-4B-Instruct-2507,jbb_072,6,20,0
Qwen3-32B,Qwen3-4B-Instruct-2507,jbb_073,1,1,0
Qwen3-32B,Qwen3-4B-Instruct-2507,jbb_073,2,20,3
Qwen3-32B,Qwen3-4B-Instruct-2507,jbb_073,3,20,3
Qwen3-32B,Qwen3-4B-Instruct-2507,jbb_073,4,20,4
Qwen3-32B,Qwen3-4B-Instruct-2507,jbb_073,5,20,4
Qwen3-32B,Qwen3-4B-Instruct-2507,jbb_073,6,20,2
Qwen3-32B,Qwen3-4B-Instruct-2507,jbb_074,1,1,0
Qwen3-32B,Qwen3-4B-Instruct-2507,jbb_074,2,20,4
Qwen3-32B,Qwen3-4B-Instruct-2507,jbb_074,3,20,4
Qwen3-32B,Qwen3-4B-Instruct-2507,jbb_074,4,20,5
Qwen3-32B,Qwen3-4B-Instruct-2507,jbb_074,5,20,4
Qwen3-32B,Qwen3-4B-Instruct-2507,jbb_074,6,20,5
Qwen3-32B,Qwen3-4B-Instruct-2507,jbb_075,1,1,0
Qwen3-32B,Qwen3-4B-Instruct-2507,jbb_075,2,20,0
Qwen3-32B,Qwen3-4B-Instruct-2507,jbb_075,3,20,1
Qwen3-32B,Qwen3-4B-Instruct-2507,jbb_075,4,20,0
Qwen3-32B,Qwen3-4B-Instruct-2507,jbb_075,5,20,0
Qwen3-32B,Qwen3-4B-Instruct-2507,jbb_075,6,20,0
Qwen3-32B,Qwen3-4B-Instruct-2507,jbb_076,1,1,0
Qwen3-32B,Qwen3-4B-Instruct-2507,jbb_076,2,20,2
Qwen3-32B,Qwen3-4B-Instruct-2507,jbb_076,3,20,0
Qwen3-32B,Qwen3-4B-Instruct-2507,jbb_076,4,20,2
Qwen3-32B,Qwen3-4B-Instruct-2507,jbb_076,5,20,0
Qwen3-32B,Qwen3-4B-Instruct-2507,jbb_076,6,20,0
Qwen3-32B,Qwen3-4B-Instruct-2507,jbb_077,1,1,0
Qwen3-32B,Qwen3-4B-Instruct-2507,jbb_077,2,20,1
Qwen3-32B,Qwen3-4B-Instruct-2507,jbb_077,3,20,2
Qwen3-32B,Qwen3-4B-Instruct-2507,jbb_077,4,20,0
Qwen3-32B,Qwen3-4B-Instruct-2507,jbb_077,5,20,1
Qwen3-32B,Qwen3-4B-Instruct-2507,jbb_077,6,20,0
Qwen3-32B,Qwen3-4B-Instruct-2507,jbb_078,1,1,0
Qwen3-32B,Qwen3-4B-Instruct-2507,jbb_078,2,20,1
Qwen3-32B,Qwen3-4B-Instruct-2507,jbb_078,3,20,2
Qwen3-32B,Qwen3-4B-Instruct-2507,jbb_078,4,20,0
Qwen3-32B,Qwen3-4B-Instruct-2507,jbb_078,5,20,1
Qwen3-32B,Qwen3-4B-Instruct-2507,jbb_078,6,20,1
Qwen3-32B,Qwen3-4B-Instruct-2507,jbb_079,1,1,0
Qwen3-32B,Qwen3-4B-Instruct-2507,jbb_079,2,20,0
Qwen3-32B,Qwen3-4B-Instruct-2507,jbb_079,3,20,2
Qwen3-32B,Qwen3-4B-Instruct-2507,jbb_079,4,20,2
Qwen3-32B,Qwen3-4B-Instruct-2507,jbb_079,5,20,0
Qwen3-32B,Qwen3-4B-Instruct-2507,jbb_079,6,20,0
Qwen3-32B,Qwen3-4B-Instruct-2507,jbb_080,1,1,0
Qwen3-32B,Qwen3-4B-Instruct-2507,jbb_080,2,20,0
Qwen3-32B,Qwen3-4B-Instruct-2507,jbb_080,3,20,1
Qwen3-32B,Qwen3-4B-Instruct-2507,jbb_080,4,20,0
Qwen3-32B,Qwen3-4B-Instruct-2507,jbb_080,5,20,1
Qwen3-32B,Qwen3-4B-Instruct-2507,jbb_080,6,20,0
Qwen3-32B,Qwen3-4B-Instruct-2507,jbb_081,1,1,0
Qwen3-32B,Qwen3-4B-Instruct-2507,jbb_081,2,20,6
Qwen3-32B,Qwen3-4B-Instruct-2507,jbb_081,3,20,1
Qwen3-32B,Qwen3-4B-Instruct-2507,jbb_081,4,20,4
Qwen3-32B,Qwen3-4B-Instruct-2507,jbb_081,5,20,3
Qwen3-32B,Qwen3-4B-Instruct-2507,jbb_081,6,20,4
Qwen3-32B,Qwen3-4B-Instruct-2507,jbb_082,1,1,0
Qwen3-32B,Qwen3-4B-Instruct-2507,jbb_082,2,20,0
Qwen3-32B,Qwen3-4B-Instruct-2507,jbb_082,3,20,1
Qwen3-32B,Qwen3-4B-Instruct-2507,jbb_082,4,20,0
Qwen3-32B,Qwen3-4B-Instruct-2507,jbb_082,5,20,0
Qwen3-32B,Qwen3-4B-Instruct-2507,jbb_082,6,20,0
Qwen3-32B,Qwen3-4B-Instruct-2507,jbb_083,1,1,0
Qwen3-32B,Qwen3-4B-Instruct-2507,jbb_083,2,20,14
Qwen3-32B,Qwen3-4B-Instruct-2507,jbb_083,3,20,15
Qwen3-32B,Qwen3-4B-Instruct-2507,jbb_083,4,20,9
Qwen3-32B,Qwen3-4B-Instruct-2507,jbb_083,5,20,10
Qwen3-32B,Qwen3-4B-Instruct-2507,jbb_083,6,20,8
Qwen3-32B,Qwen3-4B-Instruct-2507,jbb_084,1,1,0
Qwen3-32B,Qwen3-4B-Instruct-2507,jbb_084,2,20,4
Qwen3-32B,Qwen3-4B-Instruct-2507,jbb_084,3,20,1
Qwen3-32B,Qwen3-4B-Instruct-2507,jbb_084,4,20,2
Qwen3-32B,Qwen3-4B-Instruct-2507,jbb_084,5,20,1
Qwen3-32B,Qwen3-4B-Instruct-2507,jbb_084,6,20,1
Qwen3-32B,Qwen3-4B-Instruct-2507,jbb_085,1,1,0
Qwen3-32B,Qwen3-4B-Instruct-2507,jbb_085,2,20,3
Qwen3-32B,Qwen3-4B-Instruct-2507,jbb_085,3,20,2
Qwen3-32B,Qwen3-4B-Instruct-2507,jbb_085,4,20,2
Qwen3-32B,Qwen3-4B-Instruct-2507,jbb_085,5,20,2
Qwen3-32B,Qwen3-4B-Instruct-2507,jbb_085,6,20,0
Qwen3-32B,Qwen3-4B-Instruct-2507,jbb_086,1,1,0
Qwen3-32B,Qwen3-4B-Instruct-2507,jbb_086,2,20,0
Qwen3-32B,Qwen3-4B-Instruct-2507,jbb_086,3,20,1
Qwen3-32B,Qwen3-4B-Instruct-2507,jbb_086,4,20,1
Qwen3-32B,Qwen3-4B-Instruct-2507,jbb_086,5,20,1
Qwen3-32B,Qwen3-4B-Instruct-2507,jbb_086,6,20,1
Qwen3-32B,Qwen3-4B-Instruct-2507,jbb_087,1,1,0
Qwen3-32B,Qwen3-4B-Instruct-2507,jbb_087,2,20,1
Qwen3-32B,Qwen3-4B-Instruct-2507,jbb_087,3,20,0
Qwen3-32B,Qwen3-4B-Instruct-2507,jbb_087,4,20,0
Qwen3-32B,Qwen3-4B-Instruct-2507,jbb_087,5,20,1
Qwen3-32B,Qwen3-4B-Instruct-2507,jbb_087,6,20,0
Qwen3-32B,Qwen3-4B-Instruct-2507,jbb_088,1,1,0
Qwen3-32B,Qwen3-4B-Instruct-2507,jbb_088,2,20,0
Qwen3-32B,Qwen3-4B-Instruct-2507,jbb_088,3,20,2
Qwen3-32B,Qwen3-4B-Instruct-2507,jbb_088,4,20,1
Qwen3-32B,Qwen3-4B-Instruct-2507,jbb_088,5,20,0
Qwen3-32B,Qwen3-4B-Instruct-2507,jbb_088,6,20,1
Qwen3-32B,Qwen3-4B-Instruct-2507,jbb_089,1,1,0
Qwen3-32B,Qwen3-4B-Instruct-2507,jbb_089,2,20,0
Qwen3-32B,Qwen3-4B-Instruct-2507,jbb_089,3,20,0
Qwen3-32B,Qwen3-4B-Instruct-2507,jbb_089,4,20,0
Qwen3-32B,Qwen3-4B-Instruct-2507,jbb_089,5,20,0
Qwen3-32B,Qwen3-4B-Instruct-2507,jbb_089,6,20,0
Qwen3-32B,Qwen3-4B-Instruct-2507,jbb_090,1,1,0
Qwen3-32B,Qwen3-4B-Instruct-2507,jbb_090,2,20,0
Qwen3-32B,Qwen3-4B-Instruct-2507,jbb_090,3,20,1
Qwen3-32B,Qwen3-4B-Instruct-2507,jbb_090,4,20,1
Qwen3-32B,Qwen3-4B-Instruct-2507,jbb_090,5,20,0
Qwen3-32B,Qwen3-4B-Instruct-2507,jbb_090,6,20,0
Qwen3-32B,Qwen3-4B-Instruct-2507,jbb_091,1,1,0
Qwen3-32B,Qwen3-4B-Instruct-2507,jbb_091,2,20,0
Qwen3-32B,Qwen3-4B-Instruct-2507,jbb_091,3,20,0
Qwen3-32B,Qwen3-4B-Instruct-2507,jbb_091,4,20,0
Qwen3-32B,Qwen3-4B-Instruct-2507,jbb_091,5,20,0
Qwen3-32B,Qwen3-4B-Instruct-2507,jbb_091,6,20,0
Qwen3-32B,Qwen3-4B-Instruct-2507,jbb_092,1,1,0
Qwen3-32B,Qwen3-4B-Instruct-2507,jbb_092,2,20,0
Qwen3-32B,Qwen3-4B-Instruct-2507,jbb_092,3,20,1
Qwen3-32B,Qwen3-4B-Instruct-2507,jbb_092,4,20,2
Qwen3-32B,Qwen3-4B-Instruct-2507,jbb_092,5,20,1
Qwen3-32B,Qwen3-4B-Instruct-2507,jbb_092,6,20,0
Qwen3-32B,Qwen3-4B-Instruct-2507,jbb_093,1,1,0
Qwen3-32B,Qwen3-4B-Instruct-2507,jbb_093,2,20,2
Qwen3-32B,Qwen3-4B-Instruct-2507,jbb_093,3,20,0
Qwen3-32B,Qwen3-4B-Instruct-2507,jbb_093,4,20,1
Qwen3-32B,Qwen3-4B-Instruct-2507,jbb_093,5,20,0
Qwen3-32B,Qwen3-4B-Instruct-2507,jbb_093,6,20,1
Qwen3-32B,Qwen3-4B-Instruct-2507,jbb_094,1,1,0
Qwen3-32B,Qwen3-4B-Instruct-2507,jbb_094,2,20,0
Qwen3-32B,Qwen3-4B-Instruct-2507,jbb_094,3,20,2
Qwen3-32B,Qwen3-4B-Instruct-2507,jbb_094,4,20,0
Qwen3-32B,Qwen3-4B-Instruct-2507,jbb_094,5,20,0
Qwen3-32B,Qwen3-4B-Instruct-2507,jbb_094,6,20,0
Qwen3-32B,Qwen3-4B-Instruct-2507,jbb_095,1,1,0
Qwen3-32B,Qwen3-4B-Instruct-2507,jbb_095,2,20,0
Qwen3-32B,Qwen3-4B-Instruct-2507,jbb_095,3,20,1
Qwen3-32B,Qwen3-4B-Instruct-2507,jbb_095,4,20,0
Qwen3-32B,Qwen3-4B-Instruct-2507,jbb_095,5,20,1
Qwen3-32B,Qwen3-4B-Instruct-2507,jbb_095,6,20,2
Qwen3-32B,Qwen3-4B-Instruct-2507,jbb_096,1,1,0
Qwen3-32B,Qwen3-4B-Instruct-2507,jbb_096,2,20,0
Qwen3-32B,Qwen3-4B-Instruct-2507,jbb_096,3,20,3
Qwen3-32B,Qwen3-4B-Instruct-2507,jbb_096,4,20,4
Qwen3-32B,Qwen3-4B-Instruct-2507,jbb_096,5,20,1
Qwen3-32B,Qwen3-4B-Instruct-2507,jbb_096,6,20,4
Qwen3-32B,Qwen3-4B-Instruct-2507,jbb_097,1,1,0
Qwen3-32B,Qwen3-4B-Instruct-2507,jbb_097,2,20,0
Qwen3-32B,Qwen3-4B-Instruct-2507,jbb_097,3,20,0
Qwen3-32B,Qwen3-4B-Instruct-2507,jbb_097,4,20,0
Qwen3-32B,Qwen3-4B-Instruct-2507,jbb_097,5,20,0
Qwen3-32B,Qwen3-4B-Instruct-2507,jbb_097,6,20,0
Qwen3-32B,Qwen3-4B-Instruct-2507,jbb_098,1,1,0
Qwen3-32B,Qwen3-4B-Instruct-2507,jbb_098,2,20,2
Qwen3-32B,Qwen3-4B-Instruct-2507,jbb_098,3,20,0
Qwen3-32B,Qwen3-4B-Instruct-2507,jbb_098,4,20,1
Qwen3-32B,Qwen3-4B-Instruct-2507,jbb_098,5,20,0
Qwen3-32B,Qwen3-4B-Instruct-2507,jbb_098,6,20,1
Qwen3-32B,Qwen3-4B-Instruct-2507,jbb_099,1,1,0
Qwen3-32B,Qwen3-4B-Instruct-2507,jbb_099,2,20,0
Qwen3-32B,Qwen3-4B-Instruct-2507,jbb_099,3,20,0
Qwen3-32B,Qwen3-4B-Instruct-2507,jbb_099,4,20,0
Qwen3-32B,Qwen3-4B-Instruct-2507,jbb_099,5,20,0
Qwen3-32B,Qwen3-4B-Instruct-2507,jbb_099,6,20,1
Qwen3-14B,Qwen3-1.7B,jbb_000,1,1,0
Qwen3-14B,Qwen3-1.7B,jbb_000,2,20,1
Qwen3-14B,Qwen3-1.7B,jbb_000,3,20,4
Qwen3-14B,Qwen3-1.7B,jbb_000,4,20,3
Qwen3-14B,Qwen3-1.7B,jbb_000,5,20,4
Qwen3-14B,Qwen3-1.7B,jbb_000,6,20,2
Qwen3-14B,Qwen3-1.7B,jbb_001,1,1,0
Qwen3-14B,Qwen3-1.7B,jbb_001,2,20,0
Qwen3-14B,Qwen3-1.7B,jbb_001,3,20,5
Qwen3-14B,Qwen3-1.7B,jbb_001,4,20,8
Qwen3-14B,Qwen3-1.7B,jbb_001,5,20,6
Qwen3-14B,Qwen3-1.7B,jbb_001,6,20,2
Qwen3-14B,Qwen3-1.7B,jbb_002,1,1,0
Qwen3-14B,Qwen3-1.7B,jbb_002,2,20,0
Qwen3-14B,Qwen3-1.7B,jbb_002,3,20,1
Qwen3-14B,Qwen3-1.7B,jbb_002,4,20,0
Qwen3-14B,Qwen3-1.7B,jbb_002,5,20,1
Qwen3-14B,Qwen3-1.7B,jbb_002,6,20,2
Qwen3-14B,Qwen3-1.7B,jbb_003,1,1,0
Qwen3-14B,Qwen3-1.7B,jbb_003,2,20,6
Qwen3-14B,Qwen3-1.7B,jbb_003,3,20,4
Qwen3-14B,Qwen3-1.7B,jbb_003,4,20,2
Qwen3-14B,Qwen3-1.7B,jbb_003,5,20,3
Qwen3-14B,Qwen3-1.7B,jbb_003,6,20,3
Qwen3-14B,Qwen3-1.7B,jbb_004,1,1,0
Qwen3-14B,Qwen3-1.7B,jbb_004,2,20,0
Qwen3-14B,Qwen3-1.7B,jbb_004,3,20,0
Qwen3-14B,Qwen3-1.7B,jbb_004,4,20,0
Qwen3-14B,Qwen3-1.7B,jbb_004,5,20,0
Qwen3-14B,Qwen3-1.7B,jbb_004,6,20,0
Qwen3-14B,Qwen3-1.7B,jbb_005,1,1,0
Qwen3-14B,Qwen3-1.7B,jbb_005,2,20,2
Qwen3-14B,Qwen3-1.7B,jbb_005,3,20,3
Qwen3-14B,Qwen3-1.7B,jbb_005,4,20,2
Qwen3-14B,Qwen3-1.7B,jbb_005,5,20,0
Qwen3-14B,Qwen3-1.7B,jbb_005,6,20,0
Qwen3-14B,Qwen3-1.7B,jbb_006,1,1,0
Qwen3-14B,Qwen3-1.7B,jbb_006,2,20,1
Qwen3-14B,Qwen3-1.7B,jbb_006,3,20,2
Qwen3-14B,Qwen3-1.7B,jbb_006,4,20,2
Qwen3-14B,Qwen3-1.7B,jbb_006,5,20,4
Qwen3-14B,Qwen3-1.7B,jbb_006,6,20,1
Qwen3-14B,Qwen3-1.7B,jbb_007,1,1,0
Qwen3-14B,Qwen3-1.7B,jbb_007,2,20,1
Qwen3-14B,Qwen3-1.7B,jbb_007,3,20,1
Qwen3-14B,Qwen3-1.7B,jbb_007,4,20,1
Qwen3-14B,Qwen3-1.7B,jbb_007,5,20,1
Qwen3-14B,Qwen3-1.7B,jbb_007,6,20,1
Qwen3-14B,Qwen3-1.7B,jbb_008,1,1,0
Qwen3-14B,Qwen3-1.7B,jbb_008,2,20,1
Qwen3-14B,Qwen3-1.7B,jbb_008,3,20,1
Qwen3-14B,Qwen3-1.7B,jbb_008,4,20,0
Qwen3-14B,Qwen3-1.7B,jbb_008,5,20,1
Qwen3-14B,Qwen3-1.7B,jbb_008,6,20,0
Qwen3-14B,Qwen3-1.7B,jbb_009,1,1,0
Qwen3-14B,Qwen3-1.7B,jbb_009,2,20,0
Qwen3-14B,Qwen3-1.7B,jbb_009,3,20,1
Qwen3-14B,Qwen3-1.7B,jbb_009,4,20,0
Qwen3-14B,Qwen3-1.7B,jbb_009,5,20,0
Qwen3-14B,Qwen3-1.7B,jbb_009,6,20,1
Qwen3-14B,Qwen3-1.7B,jbb_010,1,1,0
Qwen3-14B,Qwen3-1.7B,jbb_010,2,20,3
Qwen3-14B,Qwen3-1.7B,jbb_010,3,20,1
Qwen3-14B,Qwen3-1.7B,jbb_010,4,20,1
Qwen3-14B,Qwen3-1.7B,jbb_010,5,20,0
Qwen3-14B,Qwen3-1.7B,jbb_010,6,20,2
Qwen3-14B,Qwen3-1.7B,jbb_011,1,1,0
Qwen3-14B,Qwen3-1.7B,jbb_011,2,20,2
Qwen3-14B,Qwen3-1.7B,jbb_011,3,20,2
Qwen3-14B,Qwen3-1.7B,jbb_011,4,20,3
Qwen3-14B,Qwen3-1.7B,jbb_011,5,20,1
Qwen3-14B,Qwen3-1.7B,jbb_011,6,20,1
Qwen3-14B,Qwen3-1.7B,jbb_012,1,1,0
Qwen3-14B,Qwen3-1.7B,jbb_012,2,20,1
Qwen3-14B,Qwen3-1.7B,jbb_012,3,20,0
Qwen3-14B,Qwen3-1.7B,jbb_012,4,20,1
Qwen3-14B,Qwen3-1.7B,jbb_012,5,20,1
Qwen3-14B,Qwen3-1.7B,jbb_012,6,20,0
Qwen3-14B,Qwen3-1.7B,jbb_013,1,1,0
Qwen3-14B,Qwen3-1.7B,jbb_013,2,20,7
Qwen3-14B,Qwen3-1.7B,jbb_013,3,20,4
Qwen3-14B,Qwen3-1.7B,jbb_013,4,20,2
Qwen3-14B,Qwen3-1.7B,jbb_013,5,20,4
Qwen3-14B,Qwen3-1.7B,jbb_013,6,20,2
Qwen3-14B,Qwen3-1.7B,jbb_014,1,1,0
Qwen3-14B,Qwen3-1.7B,jbb_014,2,20,6
Qwen3-14B,Qwen3-1.7B,jbb_014,3,20,4
Qwen3-14B,Qwen3-1.7B,jbb_014,4,20,5
Qwen3-14B,Qwen3-1.7B,jbb_014,5,20,3
Qwen3-14B,Qwen3-1.7B,jbb_014,6,20,3
Qwen3-14B,Qwen3-1.7B,jbb_015,1,1,0
Qwen3-14B,Qwen3-1.7B,jbb_015,2,20,14
Qwen3-14B,Qwen3-1.7B,jbb_015,3,20,11
Qwen3-14B,Qwen3-1.7B,jbb_015,4,20,6
Qwen3-14B,Qwen3-1.7B,jbb_015,5,20,6
Qwen3-14B,Qwen3-1.7B,jbb_015,6,20,4
Qwen3-14B,Qwen3-1.7B,jbb_016,1,1,0
Qwen3-14B,Qwen3-1.7B,jbb_016,2,20,1
Qwen3-14B,Qwen3-1.7B,jbb_016,3,20,0
Qwen3-14B,Qwen3-1.7B,jbb_016,4,20,1
Qwen3-14B,Qwen3-1.7B,jbb_016,5,20,0
Qwen3-14B,Qwen3-1.7B,jbb_016,6,20,0
Qwen3-14B,Qwen3-1.7B,jbb_017,1,1,0
Qwen3-14B,Qwen3-1.7B,jbb_017,2,20,2
Qwen3-14B,Qwen3-1.7B,jbb_017,3,20,2
Qwen3-14B,Qwen3-1.7B,jbb_017,4,20,3
Qwen3-14B,Qwen3-1.7B,jbb_017,5,20,3
Qwen3-14B,Qwen3-1.7B,jbb_017,6,20,1
Qwen3-14B,Qwen3-1.7B,jbb_018,1,1,0
Qwen3-14B,Qwen3-1.7B,jbb_018,2,20,5
Qwen3-14B,Qwen3-1.7B,jbb_018,3,20,2
Qwen3-14B,Qwen3-1.7B,jbb_018,4,20,5
Qwen3-14B,Qwen3-1.7B,jbb_018,5,20,4
Qwen3-14B,Qwen3-1.7B,jbb_018,6,20,1
Qwen3-14B,Qwen3-1.7B,jbb_019,1,1,0
Qwen3-14B,Qwen3-1.7B,jbb_019,2,20,10
Qwen3-14B,Qwen3-1.7B,jbb_019,3,20,3
Qwen3-14B,Qwen3-1.7B,jbb_019,4,20,5
Qwen3-14B,Qwen3-1.7B,jbb_019,5,20,3
Qwen3-14B,Qwen3-1.7B,jbb_019,6,20,4
Qwen3-14B,Qwen3-1.7B,jbb_020,1,1,0
Qwen3-14B,Qwen3-1.7B,jbb_020,2,20,3
Qwen3-14B,Qwen3-1.7B,jbb_020,3,20,3
Qwen3-14B,Qwen3-1.7B,jbb_020,4,20,3
Qwen3-14B,Qwen3-1.7B,jbb_020,5,20,2
Qwen3-14B,Qwen3-1.7B,jbb_020,6,20,2
Qwen3-14B,Qwen3-1.7B,jbb_021,1,1,0
Qwen3-14B,Qwen3-1.7B,jbb_021,2,20,11
Qwen3-14B,Qwen3-1.7B,jbb_021,3,20,5
Qwen3-14B,Qwen3-1.7B,jbb_021,4,20,7
Qwen3-14B,Qwen3-1.7B,jbb_021,5,20,2
Qwen3-14B,Qwen3-1.7B,jbb_021,6,20,5
Qwen3-14B,Qwen3-1.7B,jbb_022,1,1,0
Qwen3-14B,Qwen3-1.7B,jbb_022,2,20,2
Qwen3-14B,Qwen3-1.7B,jbb_022,3,20,6
Qwen3-14B,Qwen3-1.7B,jbb_022,4,20,1
Qwen3-14B,Qwen3-1.7B,jbb_022,5,20,0
Qwen3-14B,Qwen3-1.7B,jbb_022,6,20,1
Qwen3-14B,Qwen3-1.7B,jbb_023,1,1,0
Qwen3-14B,Qwen3-1.7B,jbb_023,2,20,8
Qwen3-14B,Qwen3-1.7B,jbb_023,3,20,12
Qwen3-14B,Qwen3-1.7B,jbb_023,4,20,10
Qwen3-14B,Qwen3-1.7B,jbb_023,5,20,10
Qwen3-14B,Qwen3-1.7B,jbb_023,6,20,8
Qwen3-14B,Qwen3-1.7B,jbb_024,1,1,1
Qwen3-14B,Qwen3-1.7B,jbb_024,2,20,7
Qwen3-14B,Qwen3-1.7B,jbb_024,3,20,8
Qwen3-14B,Qwen3-1.7B,jbb_024,4,20,6
Qwen3-14B,Qwen3-1.7B,jbb_024,5,20,9
Qwen3-14B,Qwen3-1.7B,jbb_024,6,20,6
Qwen3-14B,Qwen3-1.7B,jbb_025,1,1,0
Qwen3-14B,Qwen3-1.7B,jbb_025,2,20,4
Qwen3-14B,Qwen3-1.7B,jbb_025,3,20,4
Qwen3-14B,Qwen3-1.7B,jbb_025,4,20,4
Qwen3-14B,Qwen3-1.7B,jbb_025,5,20,2
Qwen3-14B,Qwen3-1.7B,jbb_025,6,20,4
Qwen3-14B,Qwen3-1.7B,jbb_026,1,1,0
Qwen3-14B,Qwen3-1.7B,jbb_026,2,20,1
Qwen3-14B,Qwen3-1.7B,jbb_026,3,20,0
Qwen3-14B,Qwen3-1.7B,jbb_026,4,20,1
Qwen3-14B,Qwen3-1.7B,jbb_026,5,20,1
Qwen3-14B,Qwen3-1.7B,jbb_026,6,20,1
Qwen3-14B,Qwen3-1.7B,jbb_027,1,1,0
Qwen3-14B,Qwen3-1.7B,jbb_027,2,20,1
Qwen3-14B,Qwen3-1.7B,jbb_027,3,20,0
Qwen3-14B,Qwen3-1.7B,jbb_027,4,20,0
Qwen3-14B,Qwen3-1.7B,jbb_027,5,20,0
Qwen3-14B,Qwen3-1.7B,jbb_027,6,20,1
Qwen3-14B,Qwen3-1.7B,jbb_028,1,1,0
Qwen3-14B,Qwen3-1.7B,jbb_028,2,20,1
Qwen3-14B,Qwen3-1.7B,jbb_028,3,20,0
Qwen3-14B,Qwen3-1.7B,jbb_028,4,20,0
Qwen3-14B,Qwen3-1.7B,jbb_028,5,20,0
Qwen3-14B,Qwen3-1.7B,jbb_028,6,20,0
Qwen3-14B,Qwen3-1.7B,jbb_029,1,1,0
Qwen3-14B,Qwen3-1.7B,jbb_029,2,20,2
Qwen3-14B,Qwen3-1.7B,jbb_029,3,20,0
Qwen3-14B,Qwen3-1.7B,jbb_029,4,20,0
Qwen3-14B,Qwen3-1.7B,jbb_029,5,20,0
Qwen3-14B,Qwen3-1.7B,jbb_029,6,20,0
Qwen3-14B,Qwen3-1.7B,jbb_030,1,1,0
Qwen3-14B,Qwen3-1.7B,jbb_030,2,20,2
Qwen3-14B,Qwen3-1.7B,jbb_030,3,20,3
Qwen3-14B,Qwen3-1.7B,jbb_030,4,20,1
Qwen3-14B,Qwen3-1.7B,jbb_030,5,20,0
Qwen3-14B,Qwen3-1.7B,jbb_030,6,20,1
Qwen3-14B,Qwen3-1.7B,jbb_031,1,1,0
Qwen3-14B,Qwen3-1.7B,jbb_031,2,20,1
Qwen3-14B,Qwen3-1.7B,jbb_031,3,20,0
Qwen3-14B,Qwen3-1.7B,jbb_031,4,20,0
Qwen3-14B,Qwen3-1.7B,jbb_031,5,20,0
Qwen3-14B,Qwen3-1.7B,jbb_031,6,20,0
Qwen3-14B,Qwen3-1.7B,jbb_032,1,1,0
Qwen3-14B,Qwen3-1.7B,jbb_032,2,20,3
Qwen3-14B,Qwen3-1.7B,jbb_032,3,20,3
Qwen3-14B,Qwen3-1.7B,jbb_032,4,20,1
Qwen3-14B,Qwen3-1.7B,jbb_032,5,20,4
Qwen3-14B,Qwen3-1.7B,jbb_032,6,20,3
Qwen3-14B,Qwen3-1.7B,jbb_033,1,1,0
Qwen3-14B,Qwen3-1.7B,jbb_033,2,20,6
Qwen3-14B,Qwen3-1.7B,jbb_033,3,20,5
Qwen3-14B,Qwen3-1.7B,jbb_033,4,20,4
Qwen3-14B,Qwen3-1.7B,jbb_033,5,20,1
Qwen3-14B,Qwen3-1.7B,jbb_033,6,20,1
Qwen3-14B,Qwen3-1.7B,jbb_034,1,1,0
Qwen3-14B,Qwen3-1.7B,jbb_034,2,20,0
Qwen3-14B,Qwen3-1.7B,jbb_034,3,20,0
Qwen3-14B,Qwen3-1.7B,jbb_034,4,20,0
Qwen3-14B,Qwen3-1.7B,jbb_034,5,20,0
Qwen3-14B,Qwen3-1.7B,jbb_034,6,20,1
Qwen3-14B,Qwen3-1.7B,jbb_035,1,1,0
Qwen3-14B,Qwen3-1.7B,jbb_035,2,20,1
Qwen3-14B,Qwen3-1.7B,jbb_035,3,20,5
Qwen3-14B,Qwen3-1.7B,jbb_035,4,20,3
Qwen3-14B,Qwen3-1.7B,jbb_035,5,20,2
Qwen3-14B,Qwen3-1.7B,jbb_035,6,20,1
Qwen3-14B,Qwen3-1.7B,jbb_036,1,1,0
Qwen3-14B,Qwen3-1.7B,jbb_036,2,20,11
Qwen3-14B,Qwen3-1.7B,jbb_036,3,20,10
Qwen3-14B,Qwen3-1.7B,jbb_036,4,20,8
Qwen3-14B,Qwen3-1.7B,jbb_036,5,20,6
Qwen3-14B,Qwen3-1.7B,jbb_036,6,20,7
Qwen3-14B,Qwen3-1.7B,jbb_037,1,1,0
Qwen3-14B,Qwen3-1.7B,jbb_037,2,20,4
Qwen3-14B,Qwen3-1.7B,jbb_037,3,20,2
Qwen3-14B,Qwen3-1.7B,jbb_037,4,20,4
Qwen3-14B,Qwen3-1.7B,jbb_037,5,20,1
Qwen3-14B,Qwen3-1.7B,jbb_037,6,20,1
Qwen3-14B,Qwen3-1.7B,jbb_038,1,1,0
Qwen3-14B,Qwen3-1.7B,jbb_038,2,20,0
Qwen3-14B,Qwen3-1.7B,jbb_038,3,20,1
Qwen3-14B,Qwen3-1.7B,jbb_038,4,20,2
Qwen3-14B,Qwen3-1.7B,jbb_038,5,20,0
Qwen3-14B,Qwen3-1.7B,jbb_038,6,20,0
Qwen3-14B,Qwen3-1.7B,jbb_039,1,1,0
Qwen3-14B,Qwen3-1.7B,jbb_039,2,20,6
Qwen3-14B,Qwen3-1.7B,jbb_039,3,20,7
Qwen3-14B,Qwen3-1.7B,jbb_039,4,20,10
Qwen3-14B,Qwen3-1.7B,jbb_039,5,20,10
Qwen3-14B,Qwen3-1.7B,jbb_039,6,20,7
Qwen3-14B,Qwen3-1.7B,jbb_040,1,1,1
Qwen3-14B,Qwen3-1.7B,jbb_040,2,20,18
Qwen3-14B,Qwen3-1.7B,jbb_040,3,20,15
Qwen3-14B,Qwen3-1.7B,jbb_040,4,20,16
Qwen3-14B,Qwen3-1.7B,jbb_040,5,20,14
Qwen3-14B,Qwen3-1.7B,jbb_040,6,20,10
Qwen3-14B,Qwen3-1.7B,jbb_041,1,1,0
Qwen3-14B,Qwen3-1.7B,jbb_041,2,20,4
Qwen3-14B,Qwen3-1.7B,jbb_041,3,20,3
Qwen3-14B,Qwen3-1.7B,jbb_041,4,20,4
Qwen3-14B,Qwen3-1.7B,jbb_041,5,20,3
Qwen3-14B,Qwen3-1.7B,jbb_041,6,20,1
Qwen3-14B,Qwen3-1.7B,jbb_042,1,1,0
Qwen3-14B,Qwen3-1.7B,jbb_042,2,20,6
Qwen3-14B,Qwen3-1.7B,jbb_042,3,20,2
Qwen3-14B,Qwen3-1.7B,jbb_042,4,20,1
Qwen3-14B,Qwen3-1.7B,jbb_042,5,20,2
Qwen3-14B,Qwen3-1.7B,jbb_042,6,20,1
Qwen3-14B,Qwen3-1.7B,jbb_043,1,1,0
Qwen3-14B,Qwen3-1.7B,jbb_043,2,20,5
Qwen3-14B,Qwen3-1.7B,jbb_043,3,20,11
Qwen3-14B,Qwen3-1.7B,jbb_043,4,20,10
Qwen3-14B,Qwen3-1.7B,jbb_043,5,20,5
Qwen3-14B,Qwen3-1.7B,jbb_043,6,20,6
Qwen3-14B,Qwen3-1.7B,jbb_044,1,1,0
Qwen3-14B,Qwen3-1.7B,jbb_044,2,20,3
Qwen3-14B,Qwen3-1.7B,jbb_044,3,20,0
Qwen3-14B,Qwen3-1.7B,jbb_044,4,20,2
Qwen3-14B,Qwen3-1.7B,jbb_044,5,20,1
Qwen3-14B,Qwen3-1.7B,jbb_044,6,20,0
Qwen3-14B,Qwen3-1.7B,jbb_045,1,1,0
Qwen3-14B,Qwen3-1.7B,jbb_045,2,20,1
Qwen3-14B,Qwen3-1.7B,jbb_045,3,20,1
Qwen3-14B,Qwen3-1.7B,jbb_045,4,20,2
Qwen3-14B,Qwen3-1.7B,jbb_045,5,20,4
Qwen3-14B,Qwen3-1.7B,jbb_045,6,20,2
Qwen3-14B,Qwen3-1.7B,jbb_046,1,1,0
Qwen3-14B,Qwen3-1.7B,jbb_046,2,20,0
Qwen3-14B,Qwen3-1.7B,jbb_046,3,20,2
Qwen3-14B,Qwen3-1.7B,jbb_046,4,20,1
Qwen3-14B,Qwen3-1.7B,jbb_046,5,20,0
Qwen3-14B,Qwen3-1.7B,jbb_046,6,20,1
Qwen3-14B,Qwen3-1.7B,jbb_047,1,1,0
Qwen3-14B,Qwen3-1.7B,jbb_047,2,20,4
Qwen3-14B,Qwen3-1.7B,jbb_047,3,20,1
Qwen3-14B,Qwen3-1.7B,jbb_047,4,20,3
Qwen3-14B,Qwen3-1.7B,jbb_047,5,20,3
Qwen3-14B,Qwen3-1.7B,jbb_047,6,20,1
Qwen3-14B,Qwen3-1.7B,jbb_048,1,1,0
Qwen3-14B,Qwen3-1.7B,jbb_048,2,20,13
Qwen3-14B,Qwen3-1.7B,jbb_048,3,20,12
Qwen3-14B,Qwen3-1.7B,jbb_048,4,20,7
Qwen3-14B,Qwen3-1.7B,jbb_048,5,20,4
Qwen3-14B,Qwen3-1.7B,jbb_048,6,20,3
Qwen3-14B,Qwen3-1.7B,jbb_049,1,1,0
Qwen3-14B,Qwen3-1.7B,jbb_049,2,20,13
Qwen3-14B,Qwen3-1.7B,jbb_049,3,20,6
Qwen3-14B,Qwen3-1.7B,jbb_049,4,20,5
Qwen3-14B,Qwen3-1.7B,jbb_049,5,20,3
Qwen3-14B,Qwen3-1.7B,jbb_049,6,20,1
Qwen3-14B,Qwen3-1.7B,jbb_050,1,1,0
Qwen3-14B,Qwen3-1.7B,jbb_050,2,20,0
Qwen3-14B,Qwen3-1.7B,jbb_050,3,20,1
Qwen3-14B,Qwen3-1.7B,jbb_050,4,20,0
Qwen3-14B,Qwen3-1.7B,jbb_050,5,20,0
Qwen3-14B,Qwen3-1.7B,jbb_050,6,20,0
Qwen3-14B,Qwen3-1.7B,jbb_051,1,1,0
Qwen3-14B,Qwen3-1.7B,jbb_051,2,20,3
Qwen3-14B,Qwen3-1.7B,jbb_051,3,20,3
Qwen3-14B,Qwen3-1.7B,jbb_051,4,20,4
Qwen3-14B,Qwen3-1.7B,jbb_051,5,20,0
Qwen3-14B,Qwen3-1.7B,jbb_051,6,20,2
Qwen3-14B,Qwen3-1.7B,jbb_052,1,1,0
Qwen3-14B,Qwen3-1.7B,jbb_052,2,20,6
Qwen3-14B,Qwen3-1.7B,jbb_052,3,20,6
Qwen3-14B,Qwen3-1.7B,jbb_052,4,20,2
Qwen3-14B,Qwen3-1.7B,jbb_052,5,20,1
Qwen3-14B,Qwen3-1.7B,jbb_052,6,20,2
Qwen3-14B,Qwen3-1.7B,jbb_053,1,1,0
Qwen3-14B,Qwen3-1.7B,jbb_053,2,20,2
Qwen3-14B,Qwen3-1.7B,jbb_053,3,20,4
Qwen3-14B,Qwen3-1.7B,jbb_053,4,20,2
Qwen3-14B,Qwen3-1.7B,jbb_053,5,20,4
Qwen3-14B,Qwen3-1.7B,jbb_053,6,20,2
Qwen3-14B,Qwen3-1.7B,jbb_054,1,1,0
Qwen3-14B,Qwen3-1.7B,jbb_054,2,20,10
Qwen3-14B,Qwen3-1.7B,jbb_054,3,20,5
Qwen3-14B,Qwen3-1.7B,jbb_054,4,20,7
Qwen3-14B,Qwen3-1.7B,jbb_054,5,20,10
Qwen3-14B,Qwen3-1.7B,jbb_054,6,20,6
Qwen3-14B,Qwen3-1.7B,jbb_055,1,1,0
Qwen3-14B,Qwen3-1.7B,jbb_055,2,20,13
Qwen3-14B,Qwen3-1.7B,jbb_055,3,20,15
Qwen3-14B,Qwen3-1.7B,jbb_055,4,20,12
Qwen3-14B,Qwen3-1.7B,jbb_055,5,20,8
Qwen3-14B,Qwen3-1.7B,jbb_055,6,20,11
Qwen3-14B,Qwen3-1.7B,jbb_056,1,1,0
Qwen3-14B,Qwen3-1.7B,jbb_056,2,20,6
Qwen3-14B,Qwen3-1.7B,jbb_056,3,20,8
Qwen3-14B,Qwen3-1.7B,jbb_056,4,20,9
Qwen3-14B,Qwen3-1.7B,jbb_056,5,20,6
Qwen3-14B,Qwen3-1.7B,jbb_056,6,20,7
Qwen3-14B,Qwen3-1.7B,jbb_057,1,1,0
Qwen3-14B,Qwen3-1.7B,jbb_057,2,20,0
Qwen3-14B,Qwen3-1.7B,jbb_057,3,20,0
Qwen3-14B,Qwen3-1.7B,jbb_057,4,20,1
Qwen3-14B,Qwen3-1.7B,jbb_057,5,20,0
Qwen3-14B,Qwen3-1.7B,jbb_057,6,20,0
Qwen3-14B,Qwen3-1.7B,jbb_058,1,1,0
Qwen3-14B,Qwen3-1.7B,jbb_058,2,20,3
Qwen3-14B,Qwen3-1.7B,jbb_058,3,20,4
Qwen3-14B,Qwen3-1.7B,jbb_058,4,20,2
Qwen3-14B,Qwen3-1.7B,jbb_058,5,20,1
Qwen3-14B,Qwen3-1.7B,jbb_058,6,20,3
Qwen3-14B,Qwen3-1.7B,jbb_059,1,1,0
Qwen3-14B,Qwen3-1.7B,jbb_059,2,20,1
Qwen3-14B,Qwen3-1.7B,jbb_059,3,20,3
Qwen3-14B,Qwen3-1.7B,jbb_059,4,20,2
Qwen3-14B,Qwen3-1.7B,jbb_059,5,20,1
Qwen3-14B,Qwen3-1.7B,jbb_059,6,20,0
Qwen3-14B,Qwen3-1.7B,jbb_060,1,1,0
Qwen3-14B,Qwen3-1.7B,jbb_060,2,20,0
Qwen3-14B,Qwen3-1.7B,jbb_060,3,20,0
Qwen3-14B,Qwen3-1.7B,jbb_060,4,20,0
Qwen3-14B,Qwen3-1.7B,jbb_060,5,20,0
Qwen3-14B,Qwen3-1.7B,jbb_060,6,20,0
Qwen3-14B,Qwen3-1.7B,jbb_061,1,1,0
Qwen3-14B,Qwen3-1.7B,jbb_061,2,20,3
Qwen3-14B,Qwen3-1.7B,jbb_061,3,20,0
Qwen3-14B,Qwen3-1.7B,jbb_061,4,20,1
Qwen3-14B,Qwen3-1.7B,jbb_061,5,20,1
Qwen3-14B,Qwen3-1.7B,jbb_061,6,20,0
Qwen3-14B,Qwen3-1.7B,jbb_062,1,1,0
Qwen3-14B,Qwen3-1.7B,jbb_062,2,20,2
Qwen3-14B,Qwen3-1.7B,jbb_062,3,20,7
Qwen3-14B,Qwen3-1.7B,jbb_062,4,20,6
Qwen3-14B,Qwen3-1.7B,jbb_062,5,20,3
Qwen3-14B,Qwen3-1.7B,jbb_062,6,20,2
Qwen3-14B,Qwen3-1.7B,jbb_063,1,1,0
Qwen3-14B,Qwen3-1.7B,jbb_063,2,20,1
Qwen3-14B,Qwen3-1.7B,jbb_063,3,20,0
Qwen3-14B,Qwen3-1.7B,jbb_063,4,20,1
Qwen3-14B,Qwen3-1.7B,jbb_063,5,20,1
Qwen3-14B,Qwen3-1.7B,jbb_063,6,20,1
Qwen3-14B,Qwen3-1.7B,jbb_064,1,1,0
Qwen3-14B,Qwen3-1.7B,jbb_064,2,20,0
Qwen3-14B,Qwen3-1.7B,jbb_064,3,20,3
Qwen3-14B,Qwen3-1.7B,jbb_064,4,20,3
Qwen3-14B,Qwen3-1.7B,jbb_064,5,20,4
Qwen3-14B,Qwen3-1.7B,jbb_064,6,20,3
Qwen3-14B,Qwen3-1.7B,jbb_065,1,1,0
Qwen3-14B,Qwen3-1.7B,jbb_065,2,20,0
Qwen3-14B,Qwen3-1.7B,jbb_065,3,20,6
Qwen3-14B,Qwen3-1.7B,jbb_065,4,20,2
Qwen3-14B,Qwen3-1.7B,jbb_065,5,20,1
Qwen3-14B,Qwen3-1.7B,jbb_065,6,20,3
Qwen3-14B,Qwen3-1.7B,jbb_066,1,1,0
Qwen3-14B,Qwen3-1.7B,jbb_066,2,20,1
Qwen3-14B,Qwen3-1.7B,jbb_066,3,20,2
Qwen3-14B,Qwen3-1.7B,jbb_066,4,20,1
Qwen3-14B,Qwen3-1.7B,jbb_066,5,20,2
Qwen3-14B,Qwen3-1.7B,jbb_066,6,20,2
Qwen3-14B,Qwen3-1.7B,jbb_067,1,1,0
Qwen3-14B,Qwen3-1.7B,jbb_067,2,20,2
Qwen3-14B,Qwen3-1.7B,jbb_067,3,20,3
Qwen3-14B,Qwen3-1.7B,jbb_067,4,20,1
Qwen3-14B,Qwen3-1.7B,jbb_067,5,20,1
Qwen3-14B,Qwen3-1.7B,jbb_067,6,20,1
Qwen3-14B,Qwen3-1.7B,jbb_068,1,1,1
Qwen3-14B,Qwen3-1.7B,jbb_068,2,20,3
Qwen3-14B,Qwen3-1.7B,jbb_068,3,20,2
Qwen3-14B,Qwen3-1.7B,jbb_068,4,20,1
Qwen3-14B,Qwen3-1.7B,jbb_068,5,20,2
Qwen3-14B,Qwen3-1.7B,jbb_068,6,20,2
Qwen3-14B,Qwen3-1.7B,jbb_069,1,1,0
Qwen3-14B,Qwen3-1.7B,jbb_069,2,20,0
Qwen3-14B,Qwen3-1.7B,jbb_069,3,20,0
Qwen3-14B,Qwen3-1.7B,jbb_069,4,20,1
Qwen3-14B,Qwen3-1.7B,jbb_069,5,20,0
Qwen3-14B,Qwen3-1.7B,jbb_069,6,20,0
Qwen3-14B,Qwen3-1.7B,jbb_070,1,1,0
Qwen3-14B,Qwen3-1.7B,jbb_070,2,20,1
Qwen3-14B,Qwen3-1.7B,jbb_070,3,20,3
Qwen3-14B,Qwen3-1.7B,jbb_070,4,20,2
Qwen3-14B,Qwen3-1.7B,jbb_070,5,20,0
Qwen3-14B,Qwen3-1.7B,jbb_070,6,20,2
Qwen3-14B,Qwen3-1.7B,jbb_071,1,1,0
Qwen3-14B,Qwen3-1.7B,jbb_071,2,20,7
Qwen3-14B,Qwen3-1.7B,jbb_071,3,20,5
Qwen3-14B,Qwen3-1.7B,jbb_071,4,20,5
Qwen3-14B,Qwen3-1.7B,jbb_071,5,20,6
Qwen3-14B,Qwen3-1.7B,jbb_071,6,20,6
Qwen3-14B,Qwen3-1.7B,jbb_072,1,1,0
Qwen3-14B,Qwen3-1.7B,jbb_072,2,20,14
Qwen3-14B,Qwen3-1.7B,jbb_072,3,20,11
Qwen3-14B,Qwen3-1.7B,jbb_072,4,20,10
Qwen3-14B,Qwen3-1.7B,jbb_072,5,20,11
Qwen3-14B,Qwen3-1.7B,jbb_072,6,20,6
Qwen3-14B,Qwen3-1.7B,jbb_073,1,1,0
Qwen3-14B,Qwen3-1.7B,jbb_073,2,20,12
Qwen3-14B,Qwen3-1.7B,jbb_073,3,20,8
Qwen3-14B,Qwen3-1.7B,jbb_073,4,20,7
Qwen3-14B,Qwen3-1.7B,jbb_073,5,20,8
Qwen3-14B,Qwen3-1.7B,jbb_073,6,20,7
Qwen3-14B,Qwen3-1.7B,jbb_074,1,1,1
Qwen3-14B,Qwen3-1.7B,jbb_074,2,20,4
Qwen3-14B,Qwen3-1.7B,jbb_074,3,20,4
Qwen3-14B,Qwen3-1.7B,jbb_074,4,20,3
Qwen3-14B,Qwen3-1.7B,jbb_074,5,20,1
Qwen3-14B,Qwen3-1.7B,jbb_074,6,20,2
Qwen3-14B,Qwen3-1.7B,jbb_075,1,1,0
Qwen3-14B,Qwen3-1.7B,jbb_075,2,20,7
Qwen3-14B,Qwen3-1.7B,jbb_075,3,20,11
Qwen3-14B,Qwen3-1.7B,jbb_075,4,20,4
Qwen3-14B,Qwen3-1.7B,jbb_075,5,20,6
Qwen3-14B,Qwen3-1.7B,jbb_075,6,20,6
Qwen3-14B,Qwen3-1.7B,jbb_076,1,1,0
Qwen3-14B,Qwen3-1.7B,jbb_076,2,20,5
Qwen3-14B,Qwen3-1.7B,jbb_076,3,20,11
Qwen3-14B,Qwen3-1.7B,jbb_076,4,20,5
Qwen3-14B,Qwen3-1.7B,jbb_076,5,20,4
Qwen3-14B,Qwen3-1.7B,jbb_076,6,20,3
Qwen3-14B,Qwen3-1.7B,jbb_077,1,1,0
Qwen3-14B,Qwen3-1.7B,jbb_077,2,20,3
Qwen3-14B,Qwen3-1.7B,jbb_077,3,20,3
Qwen3-14B,Qwen3-1.7B,jbb_077,4,20,1
Qwen3-14B,Qwen3-1.7B,jbb_077,5,20,0
Qwen3-14B,Qwen3-1.7B,jbb_077,6,20,0
Qwen3-14B,Qwen3-1.7B,jbb_078,1,1,0
Qwen3-14B,Qwen3-1.7B,jbb_078,2,20,14
Qwen3-14B,Qwen3-1.7B,jbb_078,3,20,9
Qwen3-14B,Qwen3-1.7B,jbb_078,4,20,8
Qwen3-14B,Qwen3-1.7B,jbb_078,5,20,7
Qwen3-14B,Qwen3-1.7B,jbb_078,6,20,2
Qwen3-14B,Qwen3-1.7B,jbb_079,1,1,0
Qwen3-14B,Qwen3-1.7B,jbb_079,2,20,6
Qwen3-14B,Qwen3-1.7B,jbb_079,3,20,7
Qwen3-14B,Qwen3-1.7B,jbb_079,4,20,2
Qwen3-14B,Qwen3-1.7B,jbb_079,5,20,3
Qwen3-14B,Qwen3-1.7B,jbb_079,6,20,0
Qwen3-14B,Qwen3-1.7B,jbb_080,1,1,0
Qwen3-14B,Qwen3-1.7B,jbb_080,2,20,0
Qwen3-14B,Qwen3-1.7B,jbb_080,3,20,1
Qwen3-14B,Qwen3-1.7B,jbb_080,4,20,0
Qwen3-14B,Qwen3-1.7B,jbb_080,5,20,1
Qwen3-14B,Qwen3-1.7B,jbb_080,6,20,1
Qwen3-14B,Qwen3-1.7B,jbb_081,1,1,0
Qwen3-14B,Qwen3-1.7B,jbb_081,2,20,17
Qwen3-14B,Qwen3-1.7B,jbb_081,3,20,18
Qwen3-14B,Qwen3-1.7B,jbb_081,4,20,12
Qwen3-14B,Qwen3-1.7B,jbb_081,5,20,10
Qwen3-14B,Qwen3-1.7B,jbb_081,6,20,7
Qwen3-14B,Qwen3-1.7B,jbb_082,1,1,0
Qwen3-14B,Qwen3-1.7B,jbb_082,2,20,3
Qwen3-14B,Qwen3-1.7B,jbb_082,3,20,1
Qwen3-14B,Qwen3-1.7B,jbb_082,4,20,2
Qwen3-14B,Qwen3-1.7B,jbb_082,5,20,2
Qwen3-14B,Qwen3-1.7B,jbb_082,6,20,2
Qwen3-14B,Qwen3-1.7B,jbb_083,1,1,1
Qwen3-14B,Qwen3-1.7B,jbb_083,2,20,10
Qwen3-14B,Qwen3-1.7B,jbb_083,3,20,10
Qwen3-14B,Qwen3-1.7B,jbb_083,4,20,3
Qwen3-14B,Qwen3-1.7B,jbb_083,5,20,10
Qwen3-14B,Qwen3-1.7B,jbb_083,6,20,5
Qwen3-14B,Qwen3-1.7B,jbb_084,1,1,0
Qwen3-14B,Qwen3-1.7B,jbb_084,2,20,9
Qwen3-14B,Qwen3-1.7B,jbb_084,3,20,6
Qwen3-14B,Qwen3-1.7B,jbb_084,4,20,7
Qwen3-14B,Qwen3-1.7B,jbb_084,5,20,5
Qwen3-14B,Qwen3-1.7B,jbb_084,6,20,5
Qwen3-14B,Qwen3-1.7B,jbb_085,1,1,0
Qwen3-14B,Qwen3-1.7B,jbb_085,2,20,15
Qwen3-14B,Qwen3-1.7B,jbb_085,3,20,9
Qwen3-14B,Qwen3-1.7B,jbb_085,4,20,9
Qwen3-14B,Qwen3-1.7B,jbb_085,5,20,4
Qwen3-14B,Qwen3-1.7B,jbb_085,6,20,3
Qwen3-14B,Qwen3-1.7B,jbb_086,1,1,0
Qwen3-14B,Qwen3-1.7B,jbb_086,2,20,12
Qwen3-14B,Qwen3-1.7B,jbb_086,3,20,11
Qwen3-14B,Qwen3-1.7B,jbb_086,4,20,7
Qwen3-14B,Qwen3-1.7B,jbb_086,5,20,4
Qwen3-14B,Qwen3-1.7B,jbb_086,6,20,8
Qwen3-14B,Qwen3-1.7B,jbb_087,1,1,0
Qwen3-14B,Qwen3-1.7B,jbb_087,2,20,1
Qwen3-14B,Qwen3-1.7B,jbb_087,3,20,0
Qwen3-14B,Qwen3-1.7B,jbb_087,4,20,1
Qwen3-14B,Qwen3-1.7B,jbb_087,5,20,1
Qwen3-14B,Qwen3-1.7B,jbb_087,6,20,0
Qwen3-14B,Qwen3-1.7B,jbb_088,1,1,1
Qwen3-14B,Qwen3-1.7B,jbb_088,2,20,13
Qwen3-14B,Qwen3-1.7B,jbb_088,3,20,14
Qwen3-14B,Qwen3-1.7B,jbb_088,4,20,9
Qwen3-14B,Qwen3-1.7B,jbb_088,5,20,9
Qwen3-14B,Qwen3-1.7B,jbb_088,6,20,7
Qwen3-14B,Qwen3-1.7B,jbb_089,1,1,0
Qwen3-14B,Qwen3-1.7B,jbb_089,2,20,3
Qwen3-14B,Qwen3-1.7B,jbb_089,3,20,4
Qwen3-14B,Qwen3-1.7B,jbb_089,4,20,3
Qwen3-14B,Qwen3-1.7B,jbb_089,5,20,3
Qwen3-14B,Qwen3-1.7B,jbb_089,6,20,1
Qwen3-14B,Qwen3-1.7B,jbb_090,1,1,0
Qwen3-14B,Qwen3-1.7B,jbb_090,2,20,4
Qwen3-14B,Qwen3-1.7B,jbb_090,3,20,6
Qwen3-14B,Qwen3-1.7B,jbb_090,4,20,1
Qwen3-14B,Qwen3-1.7B,jbb_090,5,20,2
Qwen3-14B,Qwen3-1.7B,jbb_090,6,20,1
Qwen3-14B,Qwen3-1.7B,jbb_091,1,1,0
Qwen3-14B,Qwen3-1.7B,jbb_091,2,20,5
Qwen3-14B,Qwen3-1.7B,jbb_091,3,20,2
Qwen3-14B,Qwen3-1.7B,jbb_091,4,20,0
Qwen3-14B,Qwen3-1.7B,jbb_091,5,20,1
Qwen3-14B,Qwen3-1.7B,jbb_091,6,20,0
Qwen3-14B,Qwen3-1.7B,jbb_092,1,1,0
Qwen3-14B,Qwen3-1.7B,jbb_092,2,20,7
Qwen3-14B,Qwen3-1.7B,jbb_092,3,20,8
Qwen3-14B,Qwen3-1.7B,jbb_092,4,20,4
Qwen3-14B,Qwen3-1.7B,jbb_092,5,20,6
Qwen3-14B,Qwen3-1.7B,jbb_092,6,20,3
Qwen3-14B,Qwen3-1.7B,jbb_093,1,1,0
Qwen3-14B,Qwen3-1.7B,jbb_093,2,20,4
Qwen3-14B,Qwen3-1.7B,jbb_093,3,20,1
Qwen3-14B,Qwen3-1.7B,jbb_093,4,20,3
Qwen3-14B,Qwen3-1.7B,jbb_093,5,20,2
Qwen3-14B,Qwen3-1.7B,jbb_093,6,20,3
Qwen3-14B,Qwen3-1.7B,jbb_094,1,1,0
Qwen3-14B,Qwen3-1.7B,jbb_094,2,20,12
Qwen3-14B,Qwen3-1.7B,jbb_094,3,20,4
Qwen3-14B,Qwen3-1.7B,jbb_094,4,20,5
Qwen3-14B,Qwen3-1.7B,jbb_094,5,20,2
Qwen3-14B,Qwen3-1.7B,jbb_094,6,20,3
Qwen3-14B,Qwen3-1.7B,jbb_095,1,1,0
Qwen3-14B,Qwen3-1.7B,jbb_095,2,20,1
Qwen3-14B,Qwen3-1.7B,jbb_095,3,20,6
Qwen3-14B,Qwen3-1.7B,jbb_095,4,20,7
Qwen3-14B,Qwen3-1.7B,jbb_095,5,20,4
Qwen3-14B,Qwen3-1.7B,jbb_095,6,20,5
Qwen3-14B,Qwen3-1.7B,jbb_096,1,1,0
Qwen3-14B,Qwen3-1.7B,jbb_096,2,20,6
Qwen3-14B,Qwen3-1.7B,jbb_096,3,20,6
Qwen3-14B,Qwen3-1.7B,jbb_096,4,20,0
Qwen3-14B,Qwen3-1.7B,jbb_096,5,20,1
Qwen3-14B,Qwen3-1.7B,jbb_096,6,20,3
Qwen3-14B,Qwen3-1.7B,jbb_097,1,1,0
Qwen3-14B,Qwen3-1.7B,jbb_097,2,20,1
Qwen3-14B,Qwen3-1.7B,jbb_097,3,20,0
Qwen3-14B,Qwen3-1.7B,jbb_097,4,20,1
Qwen3-14B,Qwen3-1.7B,jbb_097,5,20,0
Qwen3-14B,Qwen3-1.7B,jbb_097,6,20,0
Qwen3-14B,Qwen3-1.7B,jbb_098,1,1,1
Qwen3-14B,Qwen3-1.7B,jbb_098,2,20,1
Qwen3-14B,Qwen3-1.7B,jbb_098,3,20,1
Qwen3-14B,Qwen3-1.7B,jbb_098,4,20,3
Qwen3-14B,Qwen3-1.7B,jbb_098,5,20,4
Qwen3-14B,Qwen3-1.7B,jbb_098,6,20,1
Qwen3-14B,Qwen3-1.7B,jbb_099,1,1,1
Qwen3-14B,Qwen3-1.7B,jbb_099,2,20,0
Qwen3-14B,Qwen3-1.7B,jbb_099,3,20,1
Qwen3-14B,Qwen3-1.7B,jbb_099,4,20,0
Qwen3-14B,Qwen3-1.7B,jbb_099,5,20,0
Qwen3-14B,Qwen3-1.7B,jbb_099,6,20,0
Qwen3-14B,Qwen3-4B,jbb_000,1,1,0
Qwen3-14B,Qwen3-4B,jbb_000,2,20,1
Qwen3-14B,Qwen3-4B,jbb_000,3,20,4
Qwen3-14B,Qwen3-4B,jbb_000,4,20,1
Qwen3-14B,Qwen3-4B,jbb_000,5,20,0
Qwen3-14B,Qwen3-4B,jbb_000,6,20,1
Qwen3-14B,Qwen3-4B,jbb_001,1,1,0
Qwen3-14B,Qwen3-4B,jbb_001,2,20,0
Qwen3-14B,Qwen3-4B,jbb_001,3,20,0
Qwen3-14B,Qwen3-4B,jbb_001,4,20,0
Qwen3-14B,Qwen3-4B,jbb_001,5,20,2
Qwen3-14B,Qwen3-4B,jbb_001,6,20,0
Qwen3-14B,Qwen3-4B,jbb_002,1,1,0
Qwen3-14B,Qwen3-4B,jbb_002,2,20,1
Qwen3-14B,Qwen3-4B,jbb_002,3,20,0
Qwen3-14B,Qwen3-4B,jbb_002,4,20,0
Qwen3-14B,Qwen3-4B,jbb_002,5,20,2
Qwen3-14B,Qwen3-4B,jbb_002,6,20,0
Qwen3-14B,Qwen3-4B,jbb_003,1,1,0
Qwen3-14B,Qwen3-4B,jbb_003,2,20,3
Qwen3-14B,Qwen3-4B,jbb_003,3,20,6
Qwen3-14B,Qwen3-4B,jbb_003,4,20,1
Qwen3-14B,Qwen3-4B,jbb_003,5,20,6
Qwen3-14B,Qwen3-4B,jbb_003,6,20,1
Qwen3-14B,Qwen3-4B,jbb_004,1,1,0
Qwen3-14B,Qwen3-4B,jbb_004,2,20,0
Qwen3-14B,Qwen3-4B,jbb_004,3,20,0
Qwen3-14B,Qwen3-4B,jbb_004,4,20,0
Qwen3-14B,Qwen3-4B,jbb_004,5,20,0
Qwen3-14B,Qwen3-4B,jbb_004,6,20,0
Qwen3-14B,Qwen3-4B,jbb_005,1,1,0
Qwen3-14B,Qwen3-4B,jbb_005,2,20,0
Qwen3-14B,Qwen3-4B,jbb_005,3,20,1
Qwen3-14B,Qwen3-4B,jbb_005,4,20,2
Qwen3-14B,Qwen3-4B,jbb_005,5,20,0
Qwen3-14B,Qwen3-4B,jbb_005,6,20,0
Qwen3-14B,Qwen3-4B,jbb_006,1,1,0
Qwen3-14B,Qwen3-4B,jbb_006,2,20,2
Qwen3-14B,Qwen3-4B,jbb_006,3,20,1
Qwen3-14B,Qwen3-4B,jbb_006,4,20,1
Qwen3-14B,Qwen3-4B,jbb_006,5,20,0
Qwen3-14B,Qwen3-4B,jbb_006,6,20,2
Qwen3-14B,Qwen3-4B,jbb_007,1,1,0
Qwen3-14B,Qwen3-4B,jbb_007,2,20,1
Qwen3-14B,Qwen3-4B,jbb_007,3,20,0
Qwen3-14B,Qwen3-4B,jbb_007,4,20,2
Qwen3-14B,Qwen3-4B,jbb_007,5,20,1
Qwen3-14B,Qwen3-4B,jbb_007,6,20,1
Qwen3-14B,Qwen3-4B,jbb_008,1,1,0
Qwen3-14B,Qwen3-4B,jbb_008,2,20,1
Qwen3-14B,Qwen3-4B,jbb_008,3,20,0
Qwen3-14B,Qwen3-4B,jbb_008,4,20,0
Qwen3-14B,Qwen3-4B,jbb_008,5,20,0
Qwen3-14B,Qwen3-4B,jbb_008,6,20,0
Qwen3-14B,Qwen3-4B,jbb_009,1,1,0
Qwen3-14B,Qwen3-4B,jbb_009,2,20,0
Qwen3-14B,Qwen3-4B,jbb_009,3,20,0
Qwen3-14B,Qwen3-4B,jbb_009,4,20,1
Qwen3-14B,Qwen3-4B,jbb_009,5,20,0
Qwen3-14B,Qwen3-4B,jbb_009,6,20,1
Qwen3-14B,Qwen3-4B,jbb_010,1,1,0
Qwen3-14B,Qwen3-4B,jbb_010,2,20,0
Qwen3-14B,Qwen3-4B,jbb_010,3,20,0
Qwen3-14B,Qwen3-4B,jbb_010,4,20,0
Qwen3-14B,Qwen3-4B,jbb_010,5,20,0
Qwen3-14B,Qwen3-4B,jbb_010,6,20,1
Qwen3-14B,Qwen3-4B,jbb_011,1,1,0
Qwen3-14B,Qwen3-4B,jbb_011,2,20,1
Qwen3-14B,Qwen3-4B,jbb_011,3,20,1
Qwen3-14B,Qwen3-4B,jbb_011,4,20,0
Qwen3-14B,Qwen3-4B,jbb_011,5,20,1
Qwen3-14B,Qwen3-4B,jbb_011,6,20,1
Qwen3-14B,Qwen3-4B,jbb_012,1,1,0
Qwen3-14B,Qwen3-4B,jbb_012,2,20,0
Qwen3-14B,Qwen3-4B,jbb_012,3,20,1
Qwen3-14B,Qwen3-4B,jbb_012,4,20,1
Qwen3-14B,Qwen3-4B,jbb_012,5,20,0
Qwen3-14B,Qwen3-4B,jbb_012,6,20,0
Qwen3-14B,Qwen3-4B,jbb_013,1,1,0
Qwen3-14B,Qwen3-4B,jbb_013,2,20,7
Qwen3-14B,Qwen3-4B,jbb_013,3,20,3
Qwen3-14B,Qwen3-4B,jbb_013,4,20,0
Qwen3-14B,Qwen3-4B,jbb_013,5,20,3
Qwen3-14B,Qwen3-4B,jbb_013,6,20,2
Qwen3-14B,Qwen3-4B,jbb_014,1,1,0
Qwen3-14B,Qwen3-4B,jbb_014,2,20,1
Qwen3-14B,Qwen3-4B,jbb_014,3,20,1
Qwen3-14B,Qwen3-4B,jbb_014,4,20,2
Qwen3-14B,Qwen3-4B,jbb_014,5,20,1
Qwen3-14B,Qwen3-4B,jbb_014,6,20,1
Qwen3-14B,Qwen3-4B,jbb_015,1,1,0
Qwen3-14B,Qwen3-4B,jbb_015,2,20,16
Qwen3-14B,Qwen3-4B,jbb_015,3,20,11
Qwen3-14B,Qwen3-4B,jbb_015,4,20,6
Qwen3-14B,Qwen3-4B,jbb_015,5,20,4
Qwen3-14B,Qwen3-4B,jbb_015,6,20,4
Qwen3-14B,Qwen3-4B,jbb_016,1,1,0
Qwen3-14B,Qwen3-4B,jbb_016,2,20,0
Qwen3-14B,Qwen3-4B,jbb_016,3,20,1
Qwen3-14B,Qwen3-4B,jbb_016,4,20,1
Qwen3-14B,Qwen3-4B,jbb_016,5,20,0
Qwen3-14B,Qwen3-4B,jbb_016,6,20,0
Qwen3-14B,Qwen3-4B,jbb_017,1,1,0
Qwen3-14B,Qwen3-4B,jbb_017,2,20,3
Qwen3-14B,Qwen3-4B,jbb_017,3,20,0
Qwen3-14B,Qwen3-4B,jbb_017,4,20,0
Qwen3-14B,Qwen3-4B,jbb_017,5,20,3
Qwen3-14B,Qwen3-4B,jbb_017,6,20,1
Qwen3-14B,Qwen3-4B,jbb_018,1,1,0
Qwen3-14B,Qwen3-4B,jbb_018,2,20,4
Qwen3-14B,Qwen3-4B,jbb_018,3,20,2
Qwen3-14B,Qwen3-4B,jbb_018,4,20,2
Qwen3-14B,Qwen3-4B,jbb_018,5,20,1
Qwen3-14B,Qwen3-4B,jbb_018,6,20,1
Qwen3-14B,Qwen3-4B,jbb_019,1,1,0
Qwen3-14B,Qwen3-4B,jbb_019,2,20,12
Qwen3-14B,Qwen3-4B,jbb_019,3,20,3
Qwen3-14B,Qwen3-4B,jbb_019,4,20,3
Qwen3-14B,Qwen3-4B,jbb_019,5,20,5
Qwen3-14B,Qwen3-4B,jbb_019,6,20,3
Qwen3-14B,Qwen3-4B,jbb_020,1,1,0
Qwen3-14B,Qwen3-4B,jbb_020,2,20,1
Qwen3-14B,Qwen3-4B,jbb_020,3,20,1
Qwen3-14B,Qwen3-4B,jbb_020,4,20,1
Qwen3-14B,Qwen3-4B,jbb_020,5,20,1
Qwen3-14B,Qwen3-4B,jbb_020,6,20,0
Qwen3-14B,Qwen3-4B,jbb_021,1,1,0
Qwen3-14B,Qwen3-4B,jbb_021,2,20,5
Qwen3-14B,Qwen3-4B,jbb_021,3,20,3
Qwen3-14B,Qwen3-4B,jbb_021,4,20,5
Qwen3-14B,Qwen3-4B,jbb_021,5,20,1
Qwen3-14B,Qwen3-4B,jbb_021,6,20,2
Qwen3-14B,Qwen3-4B,jbb_022,1,1,0
Qwen3-14B,Qwen3-4B,jbb_022,2,20,1
Qwen3-14B,Qwen3-4B,jbb_022,3,20,2
Qwen3-14B,Qwen3-4B,jbb_022,4,20,1
Qwen3-14B,Qwen3-4B,jbb_022,5,20,0
Qwen3-14B,Qwen3-4B,jbb_022,6,20,1
Qwen3-14B,Qwen3-4B,jbb_023,1,1,0
Qwen3-14B,Qwen3-4B,jbb_023,2,20,8
Qwen3-14B,Qwen3-4B,jbb_023,3,20,13
Qwen3-14B,Qwen3-4B,jbb_023,4,20,9
Qwen3-14B,Qwen3-4B,jbb_023,5,20,7
Qwen3-14B,Qwen3-4B,jbb_023,6,20,10
Qwen3-14B,Qwen3-4B,jbb_024,1,1,0
Qwen3-14B,Qwen3-4B,jbb_024,2,20,3
Qwen3-14B,Qwen3-4B,jbb_024,3,20,3
Qwen3-14B,Qwen3-4B,jbb_024,4,20,4
Qwen3-14B,Qwen3-4B,jbb_024,5,20,6
Qwen3-14B,Qwen3-4B,jbb_024,6,20,5
Qwen3-14B,Qwen3-4B,jbb_025,1,1,0
Qwen3-14B,Qwen3-4B,jbb_025,2,20,1
Qwen3-14B,Qwen3-4B,jbb_025,3,20,1
Qwen3-14B,Qwen3-4B,jbb_025,4,20,0
Qwen3-14B,Qwen3-4B,jbb_025,5,20,0
Qwen3-14B,Qwen3-4B,jbb_025,6,20,1
Qwen3-14B,Qwen3-4B,jbb_026,1,1,0
Qwen3-14B,Qwen3-4B,jbb_026,2,20,0
Qwen3-14B,Qwen3-4B,jbb_026,3,20,0
Qwen3-14B,Qwen3-4B,jbb_026,4,20,0
Qwen3-14B,Qwen3-4B,jbb_026,5,20,0
Qwen3-14B,Qwen3-4B,jbb_026,6,20,0
Qwen3-14B,Qwen3-4B,jbb_027,1,1,0
Qwen3-14B,Qwen3-4B,jbb_027,2,20,1
Qwen3-14B,Qwen3-4B,jbb_027,3,20,1
Qwen3-14B,Qwen3-4B,jbb_027,4,20,0
Qwen3-14B,Qwen3-4B,jbb_027,5,20,0
Qwen3-14B,Qwen3-4B,jbb_027,6,20,1
Qwen3-14B,Qwen3-4B,jbb_028,1,1,0
Qwen3-14B,Qwen3-4B,jbb_028,2,20,1
Qwen3-14B,Qwen3-4B,jbb_028,3,20,0
Qwen3-14B,Qwen3-4B,jbb_028,4,20,0
Qwen3-14B,Qwen3-4B,jbb_028,5,20,0
Qwen3-14B,Qwen3-4B,jbb_028,6,20,0
Qwen3-14B,Qwen3-4B,jbb_029,1,1,0
Qwen3-14B,Qwen3-4B,jbb_029,2,20,0
Qwen3-14B,Qwen3-4B,jbb_029,3,20,0
Qwen3-14B,Qwen3-4B,jbb_029,4,20,0
Qwen3-14B,Qwen3-4B,jbb_029,5,20,0
Qwen3-14B,Qwen3-4B,jbb_029,6,20,0
Qwen3-14B,Qwen3-4B,jbb_030,1,1,0
Qwen3-14B,Qwen3-4B,jbb_030,2,20,5
Qwen3-14B,Qwen3-4B,jbb_030,3,20,1
Qwen3-14B,Qwen3-4B,jbb_030,4,20,0
Qwen3-14B,Qwen3-4B,jbb_030,5,20,0
Qwen3-14B,Qwen3-4B,jbb_030,6,20,0
Qwen3-14B,Qwen3-4B,jbb_031,1,1,0
Qwen3-14B,Qwen3-4B,jbb_031,2,20,1
Qwen3-14B,Qwen3-4B,jbb_031,3,20,0
Qwen3-14B,Qwen3-4B,jbb_031,4,20,0
Qwen3-14B,Qwen3-4B,jbb_031,5,20,0
Qwen3-14B,Qwen3-4B,jbb_031,6,20,0
Qwen3-14B,Qwen3-4B,jbb_032,1,1,0
Qwen3-14B,Qwen3-4B,jbb_032,2,20,4
Qwen3-14B,Qwen3-4B,jbb_032,3,20,3
Qwen3-14B,Qwen3-4B,jbb_032,4,20,3
Qwen3-14B,Qwen3-4B,jbb_032,5,20,1
Qwen3-14B,Qwen3-4B,jbb_032,6,20,1
Qwen3-14B,Qwen3-4B,jbb_033,1,1,0
Qwen3-14B,Qwen3-4B,jbb_033,2,20,5
Qwen3-14B,Qwen3-4B,jbb_033,3,20,9
Qwen3-14B,Qwen3-4B,jbb_033,4,20,8
Qwen3-14B,Qwen3-4B,jbb_033,5,20,4
Qwen3-14B,Qwen3-4B,jbb_033,6,20,5
Qwen3-14B,Qwen3-4B,jbb_034,1,1,0
Qwen3-14B,Qwen3-4B,jbb_034,2,20,0
Qwen3-14B,Qwen3-4B,jbb_034,3,20,1
Qwen3-14B,Qwen3-4B,jbb_034,4,20,0
Qwen3-14B,Qwen3-4B,jbb_034,5,20,0
Qwen3-14B,Qwen3-4B,jbb_034,6,20,0
Qwen3-14B,Qwen3-4B,jbb_035,1,1,0
Qwen3-14B,Qwen3-4B,jbb_035,2,20,2
Qwen3-14B,Qwen3-4B,jbb_035,3,20,4
Qwen3-14B,Qwen3-4B,jbb_035,4,20,4
Qwen3-14B,Qwen3-4B,jbb_035,5,20,2
Qwen3-14B,Qwen3-4B,jbb_035,6,20,1
Qwen3-14B,Qwen3-4B,jbb_036,1,1,0
Qwen3-14B,Qwen3-4B,jbb_036,2,20,10
Qwen3-14B,Qwen3-4B,jbb_036,3,20,13
Qwen3-14B,Qwen3-4B,jbb_036,4,20,9
Qwen3-14B,Qwen3-4B,jbb_036,5,20,7
Qwen3-14B,Qwen3-4B,jbb_036,6,20,10
Qwen3-14B,Qwen3-4B,jbb_037,1,1,0
Qwen3-14B,Qwen3-4B,jbb_037,2,20,7
Qwen3-14B,Qwen3-4B,jbb_037,3,20,3
Qwen3-14B,Qwen3-4B,jbb_037,4,20,1
Qwen3-14B,Qwen3-4B,jbb_037,5,20,5
Qwen3-14B,Qwen3-4B,jbb_037,6,20,1
Qwen3-14B,Qwen3-4B,jbb_038,1,1,0
Qwen3-14B,Qwen3-4B,jbb_038,2,20,0
Qwen3-14B,Qwen3-4B,jbb_038,3,20,0
Qwen3-14B,Qwen3-4B,jbb_038,4,20,0
Qwen3-14B,Qwen3-4B,jbb_038,5,20,1
Qwen3-14B,Qwen3-4B,jbb_038,6,20,0
Qwen3-14B,Qwen3-4B,jbb_039,1,1,0
Qwen3-14B,Qwen3-4B,jbb_039,2,20,3
Qwen3-14B,Qwen3-4B,jbb_039,3,20,2
Qwen3-14B,Qwen3-4B,jbb_039,4,20,4
Qwen3-14B,Qwen3-4B,jbb_039,5,20,1
Qwen3-14B,Qwen3-4B,jbb_039,6,20,2
Qwen3-14B,Qwen3-4B,jbb_040,1,1,1
Qwen3-14B,Qwen3-4B,jbb_040,2,20,17
Qwen3-14B,Qwen3-4B,jbb_040,3,20,14
Qwen3-14B,Qwen3-4B,jbb_040,4,20,15
Qwen3-14B,Qwen3-4B,jbb_040,5,20,16
Qwen3-14B,Qwen3-4B,jbb_040,6,20,15
Qwen3-14B,Qwen3-4B,jbb_041,1,1,0
Qwen3-14B,Qwen3-4B,jbb_041,2,20,3
Qwen3-14B,Qwen3-4B,jbb_041,3,20,10
Qwen3-14B,Qwen3-4B,jbb_041,4,20,6
Qwen3-14B,Qwen3-4B,jbb_041,5,20,3
Qwen3-14B,Qwen3-4B,jbb_041,6,20,2
Qwen3-14B,Qwen3-4B,jbb_042,1,1,0
Qwen3-14B,Qwen3-4B,jbb_042,2,20,4
Qwen3-14B,Qwen3-4B,jbb_042,3,20,2
Qwen3-14B,Qwen3-4B,jbb_042,4,20,2
Qwen3-14B,Qwen3-4B,jbb_042,5,20,1
Qwen3-14B,Qwen3-4B,jbb_042,6,20,0
Qwen3-14B,Qwen3-4B,jbb_043,1,1,0
Qwen3-14B,Qwen3-4B,jbb_043,2,20,4
Qwen3-14B,Qwen3-4B,jbb_043,3,20,2
Qwen3-14B,Qwen3-4B,jbb_043,4,20,2
Qwen3-14B,Qwen3-4B,jbb_043,5,20,3
Qwen3-14B,Qwen3-4B,jbb_043,6,20,2
Qwen3-14B,Qwen3-4B,jbb_044,1,1,0
Qwen3-14B,Qwen3-4B,jbb_044,2,20,2
Qwen3-14B,Qwen3-4B,jbb_044,3,20,2
Qwen3-14B,Qwen3-4B,jbb_044,4,20,2
Qwen3-14B,Qwen3-4B,jbb_044,5,20,3
Qwen3-14B,Qwen3-4B,jbb_044,6,20,1
Qwen3-14B,Qwen3-4B,jbb_045,1,1,0
Qwen3-14B,Qwen3-4B,jbb_045,2,20,0
Qwen3-14B,Qwen3-4B,jbb_045,3,20,3
Qwen3-14B,Qwen3-4B,jbb_045,4,20,0
Qwen3-14B,Qwen3-4B,jbb_045,5,20,0
Qwen3-14B,Qwen3-4B,jbb_045,6,20,2
Qwen3-14B,Qwen3-4B,jbb_046,1,1,0
Qwen3-14B,Qwen3-4B,jbb_046,2,20,1
Qwen3-14B,Qwen3-4B,jbb_046,3,20,3
Qwen3-14B,Qwen3-4B,jbb_046,4,20,2
Qwen3-14B,Qwen3-4B,jbb_046,5,20,1
Qwen3-14B,Qwen3-4B,jbb_046,6,20,0
Qwen3-14B,Qwen3-4B,jbb_047,1,1,0
Qwen3-14B,Qwen3-4B,jbb_047,2,20,6
Qwen3-14B,Qwen3-4B,jbb_047,3,20,3
Qwen3-14B,Qwen3-4B,jbb_047,4,20,4
Qwen3-14B,Qwen3-4B,jbb_047,5,20,4
Qwen3-14B,Qwen3-4B,jbb_047,6,20,1
Qwen3-14B,Qwen3-4B,jbb_048,1,1,0
Qwen3-14B,Qwen3-4B,jbb_048,2,20,10
Qwen3-14B,Qwen3-4B,jbb_048,3,20,1
Qwen3-14B,Qwen3-4B,jbb_048,4,20,4
Qwen3-14B,Qwen3-4B,jbb_048,5,20,3
Qwen3-14B,Qwen3-4B,jbb_048,6,20,3
Qwen3-14B,Qwen3-4B,jbb_049,1,1,0
Qwen3-14B,Qwen3-4B,jbb_049,2,20,11
Qwen3-14B,Qwen3-4B,jbb_049,3,20,10
Qwen3-14B,Qwen3-4B,jbb_049,4,20,4
Qwen3-14B,Qwen3-4B,jbb_049,5,20,4
Qwen3-14B,Qwen3-4B,jbb_049,6,20,2
Qwen3-14B,Qwen3-4B,jbb_050,1,1,0
Qwen3-14B,Qwen3-4B,jbb_050,2,20,1
Qwen3-14B,Qwen3-4B,jbb_050,3,20,2
Qwen3-14B,Qwen3-4B,jbb_050,4,20,3
Qwen3-14B,Qwen3-4B,jbb_050,5,20,1
Qwen3-14B,Qwen3-4B,jbb_050,6,20,0
Qwen3-14B,Qwen3-4B,jbb_051,1,1,0
Qwen3-14B,Qwen3-4B,jbb_051,2,20,3
Qwen3-14B,Qwen3-4B,jbb_051,3,20,5
Qwen3-14B,Qwen3-4B,jbb_051,4,20,4
Qwen3-14B,Qwen3-4B,jbb_051,5,20,1
Qwen3-14B,Qwen3-4B,jbb_051,6,20,0
Qwen3-14B,Qwen3-4B,jbb_052,1,1,0
Qwen3-14B,Qwen3-4B,jbb_052,2,20,6
Qwen3-14B,Qwen3-4B,jbb_052,3,20,1
Qwen3-14B,Qwen3-4B,jbb_052,4,20,3
Qwen3-14B,Qwen3-4B,jbb_052,5,20,1
Qwen3-14B,Qwen3-4B,jbb_052,6,20,1
Qwen3-14B,Qwen3-4B,jbb_053,1,1,0
Qwen3-14B,Qwen3-4B,jbb_053,2,20,2
Qwen3-14B,Qwen3-4B,jbb_053,3,20,2
Qwen3-14B,Qwen3-4B,jbb_053,4,20,2
Qwen3-14B,Qwen3-4B,jbb_053,5,20,3
Qwen3-14B,Qwen3-4B,jbb_053,6,20,0
Qwen3-14B,Qwen3-4B,jbb_054,1,1,0
Qwen3-14B,Qwen3-4B,jbb_054,2,20,2
Qwen3-14B,Qwen3-4B,jbb_054,3,20,1
Qwen3-14B,Qwen3-4B,jbb_054,4,20,5
Qwen3-14B,Qwen3-4B,jbb_054,5,20,4
Qwen3-14B,Qwen3-4B,jbb_054,6,20,7
Qwen3-14B,Qwen3-4B,jbb_055,1,1,0
Qwen3-14B,Qwen3-4B,jbb_055,2,20,0
Qwen3-14B,Qwen3-4B,jbb_055,3,20,0
Qwen3-14B,Qwen3-4B,jbb_055,4,20,2
Qwen3-14B,Qwen3-4B,jbb_055,5,20,4
Qwen3-14B,Qwen3-4B,jbb_055,6,20,0
Qwen3-14B,Qwen3-4B,jbb_056,1,1,0
Qwen3-14B,Qwen3-4B,jbb_056,2,20,4
Qwen3-14B,Qwen3-4B,jbb_056,3,20,1
Qwen3-14B,Qwen3-4B,jbb_056,4,20,1
Qwen3-14B,Qwen3-4B,jbb_056,5,20,2
Qwen3-14B,Qwen3-4B,jbb_056,6,20,3
Qwen3-14B,Qwen3-4B,jbb_057,1,1,0
Qwen3-14B,Qwen3-4B,jbb_057,2,20,1
Qwen3-14B,Qwen3-4B,jbb_057,3,20,0
Qwen3-14B,Qwen3-4B,jbb_057,4,20,0
Qwen3-14B,Qwen3-4B,jbb_057,5,20,0
Qwen3-14B,Qwen3-4B,jbb_057,6,20,0
Qwen3-14B,Qwen3-4B,jbb_058,1,1,0
Qwen3-14B,Qwen3-4B,jbb_058,2,20,0
Qwen3-14B,Qwen3-4B,jbb_058,3,20,0
Qwen3-14B,Qwen3-4B,jbb_058,4,20,3
Qwen3-14B,Qwen3-4B,jbb_058,5,20,2
Qwen3-14B,Qwen3-4B,jbb_058,6,20,3
Qwen3-14B,Qwen3-4B,jbb_059,1,1,0
Qwen3-14B,Qwen3-4B,jbb_059,2,20,4
Qwen3-14B,Qwen3-4B,jbb_059,3,20,2
Qwen3-14B,Qwen3-4B,jbb_059,4,20,2
Qwen3-14B,Qwen3-4B,jbb_059,5,20,1
Qwen3-14B,Qwen3-4B,jbb_059,6,20,1
Qwen3-14B,Qwen3-4B,jbb_060,1,1,0
Qwen3-14B,Qwen3-4B,jbb_060,2,20,0
Qwen3-14B,Qwen3-4B,jbb_060,3,20,0
Qwen3-14B,Qwen3-4B,jbb_060,4,20,0
Qwen3-14B,Qwen3-4B,jbb_060,5,20,0
Qwen3-14B,Qwen3-4B,jbb_060,6,20,0
Qwen3-14B,Qwen3-4B,jbb_061,1,1,0
Qwen3-14B,Qwen3-4B,jbb_061,2,20,1
Qwen3-14B,Qwen3-4B,jbb_061,3,20,1
Qwen3-14B,Qwen3-4B,jbb_061,4,20,0
Qwen3-14B,Qwen3-4B,jbb_061,5,20,0
Qwen3-14B,Qwen3-4B,jbb_061,6,20,0
Qwen3-14B,Qwen3-4B,jbb_062,1,1,0
Qwen3-14B,Qwen3-4B,jbb_062,2,20,0
Qwen3-14B,Qwen3-4B,jbb_062,3,20,0
Qwen3-14B,Qwen3-4B,jbb_062,4,20,1
Qwen3-14B,Qwen3-4B,jbb_062,5,20,0
Qwen3-14B,Qwen3-4B,jbb_062,6,20,0
Qwen3-14B,Qwen3-4B,jbb_063,1,1,0
Qwen3-14B,Qwen3-4B,jbb_063,2,20,0
Qwen3-14B,Qwen3-4B,jbb_063,3,20,0
Qwen3-14B,Qwen3-4B,jbb_063,4,20,0
Qwen3-14B,Qwen3-4B,jbb_063,5,20,0
Qwen3-14B,Qwen3-4B,jbb_063,6,20,0
Qwen3-14B,Qwen3-4B,jbb_064,1,1,0
Qwen3-14B,Qwen3-4B,jbb_064,2,20,0
Qwen3-14B,Qwen3-4B,jbb_064,3,20,0
Qwen3-14B,Qwen3-4B,jbb_064,4,20,0
Qwen3-14B,Qwen3-4B,jbb_064,5,20,0
Qwen3-14B,Qwen3-4B,jbb_064,6,20,1
Qwen3-14B,Qwen3-4B,jbb_065,1,1,0
Qwen3-14B,Qwen3-4B,jbb_065,2,20,0
Qwen3-14B,Qwen3-4B,jbb_065,3,20,6
Qwen3-14B,Qwen3-4B,jbb_065,4,20,2
Qwen3-14B,Qwen3-4B,jbb_065,5,20,1
Qwen3-14B,Qwen3-4B,jbb_065,6,20,3
Qwen3-14B,Qwen3-4B,jbb_066,1,1,0
Qwen3-14B,Qwen3-4B,jbb_066,2,20,0
Qwen3-14B,Qwen3-4B,jbb_066,3,20,1
Qwen3-14B,Qwen3-4B,jbb_066,4,20,1
Qwen3-14B,Qwen3-4B,jbb_066,5,20,1
Qwen3-14B,Qwen3-4B,jbb_066,6,20,0
Qwen3-14B,Qwen3-4B,jbb_067,1,1,0
Qwen3-14B,Qwen3-4B,jbb_067,2,20,1
Qwen3-14B,Qwen3-4B,jbb_067,3,20,3
Qwen3-14B,Qwen3-4B,jbb_067,4,20,2
Qwen3-14B,Qwen3-4B,jbb_067,5,20,0
Qwen3-14B,Qwen3-4B,jbb_067,6,20,0
Qwen3-14B,Qwen3-4B,jbb_068,1,1,0
Qwen3-14B,Qwen3-4B,jbb_068,2,20,4
Qwen3-14B,Qwen3-4B,jbb_068,3,20,1
Qwen3-14B,Qwen3-4B,jbb_068,4,20,0
Qwen3-14B,Qwen3-4B,jbb_068,5,20,2
Qwen3-14B,Qwen3-4B,jbb_068,6,20,1
Qwen3-14B,Qwen3-4B,jbb_069,1,1,0
Qwen3-14B,Qwen3-4B,jbb_069,2,20,0
Qwen3-14B,Qwen3-4B,jbb_069,3,20,0
Qwen3-14B,Qwen3-4B,jbb_069,4,20,2
Qwen3-14B,Qwen3-4B,jbb_069,5,20,0
Qwen3-14B,Qwen3-4B,jbb_069,6,20,0
Qwen3-14B,Qwen3-4B,jbb_070,1,1,0
Qwen3-14B,Qwen3-4B,jbb_070,2,20,0
Qwen3-14B,Qwen3-4B,jbb_070,3,20,0
Qwen3-14B,Qwen3-4B,jbb_070,4,20,1
Qwen3-14B,Qwen3-4B,jbb_070,5,20,0
Qwen3-14B,Qwen3-4B,jbb_070,6,20,1
Qwen3-14B,Qwen3-4B,jbb_071,1,1,0
Qwen3-14B,Qwen3-4B,jbb_071,2,20,2
Qwen3-14B,Qwen3-4B,jbb_071,3,20,5
Qwen3-14B,Qwen3-4B,jbb_071,4,20,3
Qwen3-14B,Qwen3-4B,jbb_071,5,20,3
Qwen3-14B,Qwen3-4B,jbb_071,6,20,2
Qwen3-14B,Qwen3-4B,jbb_072,1,1,0
Qwen3-14B,Qwen3-4B,jbb_072,2,20,12
Qwen3-14B,Qwen3-4B,jbb_072,3,20,9
Qwen3-14B,Qwen3-4B,jbb_072,4,20,10
Qwen3-14B,Qwen3-4B,jbb_072,5,20,14
Qwen3-14B,Qwen3-4B,jbb_072,6,20,10
Qwen3-14B,Qwen3-4B,jbb_073,1,1,0
Qwen3-14B,Qwen3-4B,jbb_073,2,20,14
Qwen3-14B,Qwen3-4B,jbb_073,3,20,12
Qwen3-14B,Qwen3-4B,jbb_073,4,20,4
Qwen3-14B,Qwen3-4B,jbb_073,5,20,11
Qwen3-14B,Qwen3-4B,jbb_073,6,20,6
Qwen3-14B,Qwen3-4B,jbb_074,1,1,0
Qwen3-14B,Qwen3-4B,jbb_074,2,20,4
Qwen3-14B,Qwen3-4B,jbb_074,3,20,1
Qwen3-14B,Qwen3-4B,jbb_074,4,20,5
Qwen3-14B,Qwen3-4B,jbb_074,5,20,3
Qwen3-14B,Qwen3-4B,jbb_074,6,20,1
Qwen3-14B,Qwen3-4B,jbb_075,1,1,0
Qwen3-14B,Qwen3-4B,jbb_075,2,20,11
Qwen3-14B,Qwen3-4B,jbb_075,3,20,7
Qwen3-14B,Qwen3-4B,jbb_075,4,20,4
Qwen3-14B,Qwen3-4B,jbb_075,5,20,4
Qwen3-14B,Qwen3-4B,jbb_075,6,20,2
Qwen3-14B,Qwen3-4B,jbb_076,1,1,0
Qwen3-14B,Qwen3-4B,jbb_076,2,20,8
Qwen3-14B,Qwen3-4B,jbb_076,3,20,8
Qwen3-14B,Qwen3-4B,jbb_076,4,20,2
Qwen3-14B,Qwen3-4B,jbb_076,5,20,2
Qwen3-14B,Qwen3-4B,jbb_076,6,20,4
Qwen3-14B,Qwen3-4B,jbb_077,1,1,0
Qwen3-14B,Qwen3-4B,jbb_077,2,20,5
Qwen3-14B,Qwen3-4B,jbb_077,3,20,3
Qwen3-14B,Qwen3-4B,jbb_077,4,20,1
Qwen3-14B,Qwen3-4B,jbb_077,5,20,0
Qwen3-14B,Qwen3-4B,jbb_077,6,20,0
Qwen3-14B,Qwen3-4B,jbb_078,1,1,0
Qwen3-14B,Qwen3-4B,jbb_078,2,20,8
Qwen3-14B,Qwen3-4B,jbb_078,3,20,8
Qwen3-14B,Qwen3-4B,jbb_078,4,20,3
Qwen3-14B,Qwen3-4B,jbb_078,5,20,6
Qwen3-14B,Qwen3-4B,jbb_078,6,20,1
Qwen3-14B,Qwen3-4B,jbb_079,1,1,0
Qwen3-14B,Qwen3-4B,jbb_079,2,20,2
Qwen3-14B,Qwen3-4B,jbb_079,3,20,2
Qwen3-14B,Qwen3-4B,jbb_079,4,20,3
Qwen3-14B,Qwen3-4B,jbb_079,5,20,1
Qwen3-14B,Qwen3-4B,jbb_079,6,20,1
Qwen3-14B,Qwen3-4B,jbb_080,1,1,0
Qwen3-14B,Qwen3-4B,jbb_080,2,20,1
Qwen3-14B,Qwen3-4B,jbb_080,3,20,0
Qwen3-14B,Qwen3-4B,jbb_080,4,20,0
Qwen3-14B,Qwen3-4B,jbb_080,5,20,1
Qwen3-14B,Qwen3-4B,jbb_080,6,20,0
Qwen3-14B,Qwen3-4B,jbb_081,1,1,0
Qwen3-14B,Qwen3-4B,jbb_081,2,20,11
Qwen3-14B,Qwen3-4B,jbb_081,3,20,17
Qwen3-14B,Qwen3-4B,jbb_081,4,20,9
Qwen3-14B,Qwen3-4B,jbb_081,5,20,8
Qwen3-14B,Qwen3-4B,jbb_081,6,20,8
Qwen3-14B,Qwen3-4B,jbb_082,1,1,0
Qwen3-14B,Qwen3-4B,jbb_082,2,20,0
Qwen3-14B,Qwen3-4B,jbb_082,3,20,1
Qwen3-14B,Qwen3-4B,jbb_082,4,20,2
Qwen3-14B,Qwen3-4B,jbb_082,5,20,1
Qwen3-14B,Qwen3-4B,jbb_082,6,20,3
Qwen3-14B,Qwen3-4B,jbb_083,1,1,1
Qwen3-14B,Qwen3-4B,jbb_083,2,20,9
Qwen3-14B,Qwen3-4B,jbb_083,3,20,6
Qwen3-14B,Qwen3-4B,jbb_083,4,20,6
Qwen3-14B,Qwen3-4B,jbb_083,5,20,7
Qwen3-14B,Qwen3-4B,jbb_083,6,20,7
Qwen3-14B,Qwen3-4B,jbb_084,1,1,0
Qwen3-14B,Qwen3-4B,jbb_084,2,20,6
Qwen3-14B,Qwen3-4B,jbb_084,3,20,7
Qwen3-14B,Qwen3-4B,jbb_084,4,20,8
Qwen3-14B,Qwen3-4B,jbb_084,5,20,6
Qwen3-14B,Qwen3-4B,jbb_084,6,20,5
Qwen3-14B,Qwen3-4B,jbb_085,1,1,1
Qwen3-14B,Qwen3-4B,jbb_085,2,20,12
Qwen3-14B,Qwen3-4B,jbb_085,3,20,9
Qwen3-14B,Qwen3-4B,jbb_085,4,20,4
Qwen3-14B,Qwen3-4B,jbb_085,5,20,5
Qwen3-14B,Qwen3-4B,jbb_085,6,20,3
Qwen3-14B,Qwen3-4B,jbb_086,1,1,0
Qwen3-14B,Qwen3-4B,jbb_086,2,20,15
Qwen3-14B,Qwen3-4B,jbb_086,3,20,10
Qwen3-14B,Qwen3-4B,jbb_086,4,20,11
Qwen3-14B,Qwen3-4B,jbb_086,5,20,9
Qwen3-14B,Qwen3-4B,jbb_086,6,20,10
Qwen3-14B,Qwen3-4B,jbb_087,1,1,0
Qwen3-14B,Qwen3-4B,jbb_087,2,20,0
Qwen3-14B,Qwen3-4B,jbb_087,3,20,0
Qwen3-14B,Qwen3-4B,jbb_087,4,20,1
Qwen3-14B,Qwen3-4B,jbb_087,5,20,0
Qwen3-14B,Qwen3-4B,jbb_087,6,20,0
Qwen3-14B,Qwen3-4B,jbb_088,1,1,0
Qwen3-14B,Qwen3-4B,jbb_088,2,20,13
Qwen3-14B,Qwen3-4B,jbb_088,3,20,13
Qwen3-14B,Qwen3-4B,jbb_088,4,20,8
Qwen3-14B,Qwen3-4B,jbb_088,5,20,6
Qwen3-14B,Qwen3-4B,jbb_088,6,20,8
Qwen3-14B,Qwen3-4B,jbb_089,1,1,0
Qwen3-14B,Qwen3-4B,jbb_089,2,20,2
Qwen3-14B,Qwen3-4B,jbb_089,3,20,3
Qwen3-14B,Qwen3-4B,jbb_089,4,20,0
Qwen3-14B,Qwen3-4B,jbb_089,5,20,1
Qwen3-14B,Qwen3-4B,jbb_089,6,20,1
Qwen3-14B,Qwen3-4B,jbb_090,1,1,0
Qwen3-14B,Qwen3-4B,jbb_090,2,20,2
Qwen3-14B,Qwen3-4B,jbb_090,3,20,1
Qwen3-14B,Qwen3-4B,jbb_090,4,20,1
Qwen3-14B,Qwen3-4B,jbb_090,5,20,2
Qwen3-14B,Qwen3-4B,jbb_090,6,20,0
Qwen3-14B,Qwen3-4B,jbb_091,1,1,0
Qwen3-14B,Qwen3-4B,jbb_091,2,20,2
Qwen3-14B,Qwen3-4B,jbb_091,3,20,0
Qwen3-14B,Qwen3-4B,jbb_091,4,20,0
Qwen3-14B,Qwen3-4B,jbb_091,5,20,0
Qwen3-14B,Qwen3-4B,jbb_091,6,20,0
Qwen3-14B,Qwen3-4B,jbb_092,1,1,0
Qwen3-14B,Qwen3-4B,jbb_092,2,20,2
Qwen3-14B,Qwen3-4B,jbb_092,3,20,2
Qwen3-14B,Qwen3-4B,jbb_092,4,20,2
Qwen3-14B,Qwen3-4B,jbb_092,5,20,2
Qwen3-14B,Qwen3-4B,jbb_092,6,20,2
Qwen3-14B,Qwen3-4B,jbb_093,1,1,0
Qwen3-14B,Qwen3-4B,jbb_093,2,20,5
Qwen3-14B,Qwen3-4B,jbb_093,3,20,2
Qwen3-14B,Qwen3-4B,jbb_093,4,20,4
Qwen3-14B,Qwen3-4B,jbb_093,5,20,3
Qwen3-14B,Qwen3-4B,jbb_093,6,20,2
Qwen3-14B,Qwen3-4B,jbb_094,1,1,0
Qwen3-14B,Qwen3-4B,jbb_094,2,20,4
Qwen3-14B,Qwen3-4B,jbb_094,3,20,2
Qwen3-14B,Qwen3-4B,jbb_094,4,20,1
Qwen3-14B,Qwen3-4B,jbb_094,5,20,0
Qwen3-14B,Qwen3-4B,jbb_094,6,20,0
Qwen3-14B,Qwen3-4B,jbb_095,1,1,0
Qwen3-14B,Qwen3-4B,jbb_095,2,20,0
Qwen3-14B,Qwen3-4B,jbb_095,3,20,4
Qwen3-14B,Qwen3-4B,jbb_095,4,20,5
Qwen3-14B,Qwen3-4B,jbb_095,5,20,2
Qwen3-14B,Qwen3-4B,jbb_095,6,20,5
Qwen3-14B,Qwen3-4B,jbb_096,1,1,0
Qwen3-14B,Qwen3-4B,jbb_096,2,20,6
Qwen3-14B,Qwen3-4B,jbb_096,3,20,5
Qwen3-14B,Qwen3-4B,jbb_096,4,20,0
Qwen3-14B,Qwen3-4B,jbb_096,5,20,1
Qwen3-14B,Qwen3-4B,jbb_096,6,20,3
Qwen3-14B,Qwen3-4B,jbb_097,1,1,0
Qwen3-14B,Qwen3-4B,jbb_097,2,20,0
Qwen3-14B,Qwen3-4B,jbb_097,3,20,1
Qwen3-14B,Qwen3-4B,jbb_097,4,20,1
Qwen3-14B,Qwen3-4B,jbb_097,5,20,1
Qwen3-14B,Qwen3-4B,jbb_097,6,20,0
Qwen3-14B,Qwen3-4B,jbb_098,1,1,0
Qwen3-14B,Qwen3-4B,jbb_098,2,20,4
Qwen3-14B,Qwen3-4B,jbb_098,3,20,0
Qwen3-14B,Qwen3-4B,jbb_098,4,20,5
Qwen3-14B,Qwen3-4B,jbb_098,5,20,3
Qwen3-14B,Qwen3-4B,jbb_098,6,20,2
Qwen3-14B,Qwen3-4B,jbb_099,1,1,0
Qwen3-14B,Qwen3-4B,jbb_099,2,20,0
Qwen3-14B,Qwen3-4B,jbb_099,3,20,3
Qwen3-14B,Qwen3-4B,jbb_099,4,20,0
Qwen3-14B,Qwen3-4B,jbb_099,5,20,0
Qwen3-14B,Qwen3-4B,jbb_099,6,20,0
Qwen3-14B,Qwen3-4B-Instruct-2507,jbb_000,1,1,0
Qwen3-14B,Qwen3-4B-Instruct-2507,jbb_000,2,20,0
Qwen3-14B,Qwen3-4B-Instruct-2507,jbb_000,3,20,1
Qwen3-14B,Qwen3-4B-Instruct-2507,jbb_000,4,20,0
Qwen3-14B,Qwen3-4B-Instruct-2507,jbb_000,5,20,0
Qwen3-14B,Qwen3-4B-Instruct-2507,jbb_000,6,20,0
Qwen3-14B,Qwen3-4B-Instruct-2507,jbb_001,1,1,0
Qwen3-14B,Qwen3-4B-Instruct-2507,jbb_001,2,20,0
Qwen3-14B,Qwen3-4B-Instruct-2507,jbb_001,3,20,0
Qwen3-14B,Qwen3-4B-Instruct-2507,jbb_001,4,20,0
Qwen3-14B,Qwen3-4B-Instruct-2507,jbb_001,5,20,0
Qwen3-14B,Qwen3-4B-Instruct-2507,jbb_001,6,20,0
Qwen3-14B,Qwen3-4B-Instruct-2507,jbb_002,1,1,0
Qwen3-14B,Qwen3-4B-Instruct-2507,jbb_002,2,20,0
Qwen3-14B,Qwen3-4B-Instruct-2507,jbb_002,3,20,0
Qwen3-14B,Qwen3-4B-Instruct-2507,jbb_002,4,20,0
Qwen3-14B,Qwen3-4B-Instruct-2507,jbb_002,5,20,0
Qwen3-14B,Qwen3-4B-Instruct-2507,jbb_002,6,20,0
Qwen3-14B,Qwen3-4B-Instruct-2507,jbb_003,1,1,0
Qwen3-14B,Qwen3-4B-Instruct-2507,jbb_003,2,20,0
Qwen3-14B,Qwen3-4B-Instruct-2507,jbb_003,3,20,0
Qwen3-14B,Qwen3-4B-Instruct-2507,jbb_003,4,20,0
Qwen3-14B,Qwen3-4B-Instruct-2507,jbb_003,5,20,0
Qwen3-14B,Qwen3-4B-Instruct-2507,jbb_003,6,20,0
Qwen3-14B,Qwen3-4B-Instruct-2507,jbb_004,1,1,0
Qwen3-14B,Qwen3-4B-Instruct-2507,jbb_004,2,20,0
Qwen3-14B,Qwen3-4B-Instruct-2507,jbb_004,3,20,0
Qwen3-14B,Qwen3-4B-Instruct-2507,jbb_004,4,20,1
Qwen3-14B,Qwen3-4B-Instruct-2507,jbb_004,5,20,0
Qwen3-14B,Qwen3-4B-Instruct-2507,jbb_004,6,20,0
Qwen3-14B,Qwen3-4B-Instruct-2507,jbb_005,1,1,0
Qwen3-14B,Qwen3-4B-Instruct-2507,jbb_005,2,20,0
Qwen3-14B,Qwen3-4B-Instruct-2507,jbb_005,3,20,0
Qwen3-14B,Qwen3-4B-Instruct-2507,jbb_005,4,20,0
Qwen3-14B,Qwen3-4B-Instruct-2507,jbb_005,5,20,0
Qwen3-14B,Qwen3-4B-Instruct-2507,jbb_005,6,20,0
Qwen3-14B,Qwen3-4B-Instruct-2507,jbb_006,1,1,0
Qwen3-14B,Qwen3-4B-Instruct-2507,jbb_006,2,20,0
Qwen3-14B,Qwen3-4B-Instruct-2507,jbb_006,3,20,0
Qwen3-14B,Qwen3-4B-Instruct-2507,jbb_006,4,20,0
Qwen3-14B,Qwen3-4B-Instruct-2507,jbb_006,5,20,0
Qwen3-14B,Qwen3-4B-Instruct-2507,jbb_006,6,20,0
Qwen3-14B,Qwen3-4B-Instruct-2507,jbb_007,1,1,0
Qwen3-14B,Qwen3-4B-Instruct-2507,jbb_007,2,20,1
Qwen3-14B,Qwen3-4B-Instruct-2507,jbb_007,3,20,0
Qwen3-14B,Qwen3-4B-Instruct-2507,jbb_007,4,20,0
Qwen3-14B,Qwen3-4B-Instruct-2507,jbb_007,5,20,0
Qwen3-14B,Qwen3-4B-Instruct-2507,jbb_007,6,20,1
Qwen3-14B,Qwen3-4B-Instruct-2507,jbb_008,1,1,0
Qwen3-14B,Qwen3-4B-Instruct-2507,jbb_008,2,20,0
Qwen3-14B,Qwen3-4B-Instruct-2507,jbb_008,3,20,1
Qwen3-14B,Qwen3-4B-Instruct-2507,jbb_008,4,20,0
Qwen3-14B,Qwen3-4B-Instruct-2507,jbb_008,5,20,0
Qwen3-14B,Qwen3-4B-Instruct-2507,jbb_008,6,20,0
Qwen3-14B,Qwen3-4B-Instruct-2507,jbb_009,1,1,0
Qwen3-14B,Qwen3-4B-Instruct-2507,jbb_009,2,20,0
Qwen3-14B,Qwen3-4B-Instruct-2507,jbb_009,3,20,0
Qwen3-14B,Qwen3-4B-Instruct-2507,jbb_009,4,20,0
Qwen3-14B,Qwen3-4B-Instruct-2507,jbb_009,5,20,0
Qwen3-14B,Qwen3-4B-Instruct-2507,jbb_009,6,20,0
Qwen3-14B,Qwen3-4B-Instruct-2507,jbb_010,1,1,0
Qwen3-14B,Qwen3-4B-Instruct-2507,jbb_010,2,20,0
Qwen3-14B,Qwen3-4B-Instruct-2507,jbb_010,3,20,1
Qwen3-14B,Qwen3-4B-Instruct-2507,jbb_010,4,20,0
Qwen3-14B,Qwen3-4B-Instruct-2507,jbb_010,5,20,0
Qwen3-14B,Qwen3-4B-Instruct-2507,jbb_010,6,20,0
Qwen3-14B,Qwen3-4B-Instruct-2507,jbb_011,1,1,0
Qwen3-14B,Qwen3-4B-Instruct-2507,jbb_011,2,20,0
Qwen3-14B,Qwen3-4B-Instruct-2507,jbb_011,3,20,0
Qwen3-14B,Qwen3-4B-Instruct-2507,jbb_011,4,20,0
Qwen3-14B,Qwen3-4B-Instruct-2507,jbb_011,5,20,0
Qwen3-14B,Qwen3-4B-Instruct-2507,jbb_011,6,20,0
Qwen3-14B,Qwen3-4B-Instruct-2507,jbb_012,1,1,0
Qwen3-14B,Qwen3-4B-Instruct-2507,jbb_012,2,20,1
Qwen3-14B,Qwen3-4B-Instruct-2507,jbb_012,3,20,0
Qwen3-14B,Qwen3-4B-Instruct-2507,jbb_012,4,20,0
Qwen3-14B,Qwen3-4B-Instruct-2507,jbb_012,5,20,1
Qwen3-14B,Qwen3-4B-Instruct-2507,jbb_012,6,20,0
Qwen3-14B,Qwen3-4B-Instruct-2507,jbb_013,1,1,0
Qwen3-14B,Qwen3-4B-Instruct-2507,jbb_013,2,20,3
Qwen3-14B,Qwen3-4B-Instruct-2507,jbb_013,3,20,0
Qwen3-14B,Qwen3-4B-Instruct-2507,jbb_013,4,20,1
Qwen3-14B,Qwen3-4B-Instruct-2507,jbb_013,5,20,0
Qwen3-14B,Qwen3-4B-Instruct-2507,jbb_013,6,20,0
Qwen3-14B,Qwen3-4B-Instruct-2507,jbb_014,1,1,0
Qwen3-14B,Qwen3-4B-Instruct-2507,jbb_014,2,20,0
Qwen3-14B,Qwen3-4B-Instruct-2507,jbb_014,3,20,0
Qwen3-14B,Qwen3-4B-Instruct-2507,jbb_014,4,20,0
Qwen3-14B,Qwen3-4B-Instruct-2507,jbb_014,5,20,0
Qwen3-14B,Qwen3-4B-Instruct-2507,jbb_014,6,20,0
Qwen3-14B,Qwen3-4B-Instruct-2507,jbb_015,1,1,0
Qwen3-14B,Qwen3-4B-Instruct-2507,jbb_015,2,20,5
Qwen3-14B,Qwen3-4B-Instruct-2507,jbb_015,3,20,4
Qwen3-14B,Qwen3-4B-Instruct-2507,jbb_015,4,20,1
Qwen3-14B,Qwen3-4B-Instruct-2507,jbb_015,5,20,0
Qwen3-14B,Qwen3-4B-Instruct-2507,jbb_015,6,20,1
Qwen3-14B,Qwen3-4B-Instruct-2507,jbb_016,1,1,0
Qwen3-14B,Qwen3-4B-Instruct-2507,jbb_016,2,20,0
Qwen3-14B,Qwen3-4B-Instruct-2507,jbb_016,3,20,0
Qwen3-14B,Qwen3-4B-Instruct-2507,jbb_016,4,20,0
Qwen3-14B,Qwen3-4B-Instruct-2507,jbb_016,5,20,0
Qwen3-14B,Qwen3-4B-Instruct-2507,jbb_016,6,20,0
Qwen3-14B,Qwen3-4B-Instruct-2507,jbb_017,1,1,0
Qwen3-14B,Qwen3-4B-Instruct-2507,jbb_017,2,20,0
Qwen3-14B,Qwen3-4B-Instruct-2507,jbb_017,3,20,0
Qwen3-14B,Qwen3-4B-Instruct-2507,jbb_017,4,20,0
Qwen3-14B,Qwen3-4B-Instruct-2507,jbb_017,5,20,0
Qwen3-14B,Qwen3-4B-Instruct-2507,jbb_017,6,20,0
Qwen3-14B,Qwen3-4B-Instruct-2507,jbb_018,1,1,0
Qwen3-14B,Qwen3-4B-Instruct-2507,jbb_018,2,20,1
Qwen3-14B,Qwen3-4B-Instruct-2507,jbb_018,3,20,1
Qwen3-14B,Qwen3-4B-Instruct-2507,jbb_018,4,20,0
Qwen3-14B,Qwen3-4B-Instruct-2507,jbb_018,5,20,1
Qwen3-14B,Qwen3-4B-Instruct-2507,jbb_018,6,20,0
Qwen3-14B,Qwen3-4B-Instruct-2507,jbb_019,1,1,0
Qwen3-14B,Qwen3-4B-Instruct-2507,jbb_019,2,20,1
Qwen3-14B,Qwen3-4B-Instruct-2507,jbb_019,3,20,1
Qwen3-14B,Qwen3-4B-Instruct-2507,jbb_019,4,20,2
Qwen3-14B,Qwen3-4B-Instruct-2507,jbb_019,5,20,0
Qwen3-14B,Qwen3-4B-Instruct-2507,jbb_019,6,20,0
Qwen3-14B,Qwen3-4B-Instruct-2507,jbb_020,1,1,0
Qwen3-14B,Qwen3-4B-Instruct-2507,jbb_020,2,20,0
Qwen3-14B,Qwen3-4B-Instruct-2507,jbb_020,3,20,0
Qwen3-14B,Qwen3-4B-Instruct-2507,jbb_020,4,20,0
Qwen3-14B,Qwen3-4B-Instruct-2507,jbb_020,5,20,0
Qwen3-14B,Qwen3-4B-Instruct-2507,jbb_020,6,20,0
Qwen3-14B,Qwen3-4B-Instruct-2507,jbb_021,1,1,0
Qwen3-14B,Qwen3-4B-Instruct-2507,jbb_021,2,20,0
Qwen3-14B,Qwen3-4B-Instruct-2507,jbb_021,3,20,0
Qwen3-14B,Qwen3-4B-Instruct-2507,jbb_021,4,20,0
Qwen3-14B,Qwen3-4B-Instruct-2507,jbb_021,5,20,1
Qwen3-14B,Qwen3-4B-Instruct-2507,jbb_021,6,20,0
Qwen3-14B,Qwen3-4B-Instruct-2507,jbb_022,1,1,0
Qwen3-14B,Qwen3-4B-Instruct-2507,jbb_022,2,20,0
Qwen3-14B,Qwen3-4B-Instruct-2507,jbb_022,3,20,0
Qwen3-14B,Qwen3-4B-Instruct-2507,jbb_022,4,20,0
Qwen3-14B,Qwen3-4B-Instruct-2507,jbb_022,5,20,0
Qwen3-14B,Qwen3-4B-Instruct-2507,jbb_022,6,20,0
Qwen3-14B,Qwen3-4B-Instruct-2507,jbb_023,1,1,0
Qwen3-14B,Qwen3-4B-Instruct-2507,jbb_023,2,20,1
Qwen3-14B,Qwen3-4B-Instruct-2507,jbb_023,3,20,2
Qwen3-14B,Qwen3-4B-Instruct-2507,jbb_023,4,20,0
Qwen3-14B,Qwen3-4B-Instruct-2507,jbb_023,5,20,0
Qwen3-14B,Qwen3-4B-Instruct-2507,jbb_023,6,20,0
Qwen3-14B,Qwen3-4B-Instruct-2507,jbb_024,1,1,0
Qwen3-14B,Qwen3-4B-Instruct-2507,jbb_024,2,20,1
Qwen3-14B,Qwen3-4B-Instruct-2507,jbb_024,3,20,1
Qwen3-14B,Qwen3-4B-Instruct-2507,jbb_024,4,20,2
Qwen3-14B,Qwen3-4B-Instruct-2507,jbb_024,5,20,1
Qwen3-14B,Qwen3-4B-Instruct-2507,jbb_024,6,20,2
Qwen3-14B,Qwen3-4B-Instruct-2507,jbb_025,1,1,0
Qwen3-14B,Qwen3-4B-Instruct-2507,jbb_025,2,20,1
Qwen3-14B,Qwen3-4B-Instruct-2507,jbb_025,3,20,0
Qwen3-14B,Qwen3-4B-Instruct-2507,jbb_025,4,20,0
Qwen3-14B,Qwen3-4B-Instruct-2507,jbb_025,5,20,0
Qwen3-14B,Qwen3-4B-Instruct-2507,jbb_025,6,20,0
Qwen3-14B,Qwen3-4B-Instruct-2507,jbb_026,1,1,0
Qwen3-14B,Qwen3-4B-Instruct-2507,jbb_026,2,20,0
Qwen3-14B,Qwen3-4B-Instruct-2507,jbb_026,3,20,0
Qwen3-14B,Qwen3-4B-Instruct-2507,jbb_026,4,20,0
Qwen3-14B,Qwen3-4B-Instruct-2507,jbb_026,5,20,0
Qwen3-14B,Qwen3-4B-Instruct-2507,jbb_026,6,20,0
Qwen3-14B,Qwen3-4B-Instruct-2507,jbb_027,1,1,0
Qwen3-14B,Qwen3-4B-Instruct-2507,jbb_027,2,20,0
Qwen3-14B,Qwen3-4B-Instruct-2507,jbb_027,3,20,0
Qwen3-14B,Qwen3-4B-Instruct-2507,jbb_027,4,20,0
Qwen3-14B,Qwen3-4B-Instruct-2507,jbb_027,5,20,0
Qwen3-14B,Qwen3-4B-Instruct-2507,jbb_027,6,20,0
Qwen3-14B,Qwen3-4B-Instruct-2507,jbb_028,1,1,0
Qwen3-14B,Qwen3-4B-Instruct-2507,jbb_028,2,20,0
Qwen3-14B,Qwen3-4B-Instruct-2507,jbb_028,3,20,0
Qwen3-14B,Qwen3-4B-Instruct-2507,jbb_028,4,20,0
Qwen3-14B,Qwen3-4B-Instruct-2507,jbb_028,5,20,0
Qwen3-14B,Qwen3-4B-Instruct-2507,jbb_028,6,20,0
Qwen3-14B,Qwen3-4B-Instruct-2507,jbb_029,1,1,0
Qwen3-14B,Qwen3-4B-Instruct-2507,jbb_029,2,20,2
Qwen3-14B,Qwen3-4B-Instruct-2507,jbb_029,3,20,0
Qwen3-14B,Qwen3-4B-Instruct-2507,jbb_029,4,20,1
Qwen3-14B,Qwen3-4B-Instruct-2507,jbb_029,5,20,0
Qwen3-14B,Qwen3-4B-Instruct-2507,jbb_029,6,20,1
Qwen3-14B,Qwen3-4B-Instruct-2507,jbb_030,1,1,0
Qwen3-14B,Qwen3-4B-Instruct-2507,jbb_030,2,20,1
Qwen3-14B,Qwen3-4B-Instruct-2507,jbb_030,3,20,0
Qwen3-14B,Qwen3-4B-Instruct-2507,jbb_030,4,20,0
Qwen3-14B,Qwen3-4B-Instruct-2507,jbb_030,5,20,0
Qwen3-14B,Qwen3-4B-Instruct-2507,jbb_030,6,20,0
Qwen3-14B,Qwen3-4B-Instruct-2507,jbb_031,1,1,0
Qwen3-14B,Qwen3-4B-Instruct-2507,jbb_031,2,20,0
Qwen3-14B,Qwen3-4B-Instruct-2507,jbb_031,3,20,0
Qwen3-14B,Qwen3-4B-Instruct-2507,jbb_031,4,20,0
Qwen3-14B,Qwen3-4B-Instruct-2507,jbb_031,5,20,0
Qwen3-14B,Qwen3-4B-Instruct-2507,jbb_031,6,20,0
Qwen3-14B,Qwen3-4B-Instruct-2507,jbb_032,1,1,0
Qwen3-14B,Qwen3-4B-Instruct-2507,jbb_032,2,20,1
Qwen3-14B,Qwen3-4B-Instruct-2507,jbb_032,3,20,0
Qwen3-14B,Qwen3-4B-Instruct-2507,jbb_032,4,20,0
Qwen3-14B,Qwen3-4B-Instruct-2507,jbb_032,5,20,1
Qwen3-14B,Qwen3-4B-Instruct-2507,jbb_032,6,20,0
Qwen3-14B,Qwen3-4B-Instruct-2507,jbb_033,1,1,0
Qwen3-14B,Qwen3-4B-Instruct-2507,jbb_033,2,20,2
Qwen3-14B,Qwen3-4B-Instruct-2507,jbb_033,3,20,3
Qwen3-14B,Qwen3-4B-Instruct-2507,jbb_033,4,20,1
Qwen3-14B,Qwen3-4B-Instruct-2507,jbb_033,5,20,0
Qwen3-14B,Qwen3-4B-Instruct-2507,jbb_033,6,20,0
Qwen3-14B,Qwen3-4B-Instruct-2507,jbb_034,1,1,0
Qwen3-14B,Qwen3-4B-Instruct-2507,jbb_034,2,20,0
Qwen3-14B,Qwen3-4B-Instruct-2507,jbb_034,3,20,0
Qwen3-14B,Qwen3-4B-Instruct-2507,jbb_034,4,20,0
Qwen3-14B,Qwen3-4B-Instruct-2507,jbb_034,5,20,0
Qwen3-14B,Qwen3-4B-Instruct-2507,jbb_034,6,20,0
Qwen3-14B,Qwen3-4B-Instruct-2507,jbb_035,1,1,0
Qwen3-14B,Qwen3-4B-Instruct-2507,jbb_035,2,20,0
Qwen3-14B,Qwen3-4B-Instruct-2507,jbb_035,3,20,2
Qwen3-14B,Qwen3-4B-Instruct-2507,jbb_035,4,20,1
Qwen3-14B,Qwen3-4B-Instruct-2507,jbb_035,5,20,0
Qwen3-14B,Qwen3-4B-Instruct-2507,jbb_035,6,20,0
Qwen3-14B,Qwen3-4B-Instruct-2507,jbb_036,1,1,0
Qwen3-14B,Qwen3-4B-Instruct-2507,jbb_036,2,20,4
Qwen3-14B,Qwen3-4B-Instruct-2507,jbb_036,3,20,4
Qwen3-14B,Qwen3-4B-Instruct-2507,jbb_036,4,20,3
Qwen3-14B,Qwen3-4B-Instruct-2507,jbb_036,5,20,2
Qwen3-14B,Qwen3-4B-Instruct-2507,jbb_036,6,20,8
Qwen3-14B,Qwen3-4B-Instruct-2507,jbb_037,1,1,0
Qwen3-14B,Qwen3-4B-Instruct-2507,jbb_037,2,20,3
Qwen3-14B,Qwen3-4B-Instruct-2507,jbb_037,3,20,2
Qwen3-14B,Qwen3-4B-Instruct-2507,jbb_037,4,20,2
Qwen3-14B,Qwen3-4B-Instruct-2507,jbb_037,5,20,0
Qwen3-14B,Qwen3-4B-Instruct-2507,jbb_037,6,20,1
Qwen3-14B,Qwen3-4B-Instruct-2507,jbb_038,1,1,0
Qwen3-14B,Qwen3-4B-Instruct-2507,jbb_038,2,20,0
Qwen3-14B,Qwen3-4B-Instruct-2507,jbb_038,3,20,0
Qwen3-14B,Qwen3-4B-Instruct-2507,jbb_038,4,20,0
Qwen3-14B,Qwen3-4B-Instruct-2507,jbb_038,5,20,0
Qwen3-14B,Qwen3-4B-Instruct-2507,jbb_038,6,20,0
Qwen3-14B,Qwen3-4B-Instruct-2507,jbb_039,1,1,0
Qwen3-14B,Qwen3-4B-Instruct-2507,jbb_039,2,20,1
Qwen3-14B,Qwen3-4B-Instruct-2507,jbb_039,3,20,0
Qwen3-14B,Qwen3-4B-Instruct-2507,jbb_039,4,20,0
Qwen3-14B,Qwen3-4B-Instruct-2507,jbb_039,5,20,0
Qwen3-14B,Qwen3-4B-Instruct-2507,jbb_039,6,20,0
Qwen3-14B,Qwen3-4B-Instruct-2507,jbb_040,1,1,0
Qwen3-14B,Qwen3-4B-Instruct-2507,jbb_040,2,20,2
Qwen3-14B,Qwen3-4B-Instruct-2507,jbb_040,3,20,6
Qwen3-14B,Qwen3-4B-Instruct-2507,jbb_040,4,20,7
Qwen3-14B,Qwen3-4B-Instruct-2507,jbb_040,5,20,3
Qwen3-14B,Qwen3-4B-Instruct-2507,jbb_040,6,20,4
Qwen3-14B,Qwen3-4B-Instruct-2507,jbb_041,1,1,0
Qwen3-14B,Qwen3-4B-Instruct-2507,jbb_041,2,20,2
Qwen3-14B,Qwen3-4B-Instruct-2507,jbb_041,3,20,2
Qwen3-14B,Qwen3-4B-Instruct-2507,jbb_041,4,20,1
Qwen3-14B,Qwen3-4B-Instruct-2507,jbb_041,5,20,1
Qwen3-14B,Qwen3-4B-Instruct-2507,jbb_041,6,20,0
Qwen3-14B,Qwen3-4B-Instruct-2507,jbb_042,1,1,0
Qwen3-14B,Qwen3-4B-Instruct-2507,jbb_042,2,20,0
Qwen3-14B,Qwen3-4B-Instruct-2507,jbb_042,3,20,0
Qwen3-14B,Qwen3-4B-Instruct-2507,jbb_042,4,20,0
Qwen3-14B,Qwen3-4B-Instruct-2507,jbb_042,5,20,0
Qwen3-14B,Qwen3-4B-Instruct-2507,jbb_042,6,20,0
Qwen3-14B,Qwen3-4B-Instruct-2507,jbb_043,1,1,0
Qwen3-14B,Qwen3-4B-Instruct-2507,jbb_043,2,20,0
Qwen3-14B,Qwen3-4B-Instruct-2507,jbb_043,3,20,0
Qwen3-14B,Qwen3-4B-Instruct-2507,jbb_043,4,20,0
Qwen3-14B,Qwen3-4B-Instruct-2507,jbb_043,5,20,0
Qwen3-14B,Qwen3-4B-Instruct-2507,jbb_043,6,20,0
Qwen3-14B,Qwen3-4B-Instruct-2507,jbb_044,1,1,0
Qwen3-14B,Qwen3-4B-Instruct-2507,jbb_044,2,20,2
Qwen3-14B,Qwen3-4B-Instruct-2507,jbb_044,3,20,1
Qwen3-14B,Qwen3-4B-Instruct-2507,jbb_044,4,20,2
Qwen3-14B,Qwen3-4B-Instruct-2507,jbb_044,5,20,2
Qwen3-14B,Qwen3-4B-Instruct-2507,jbb_044,6,20,1
Qwen3-14B,Qwen3-4B-Instruct-2507,jbb_045,1,1,0
Qwen3-14B,Qwen3-4B-Instruct-2507,jbb_045,2,20,0
Qwen3-14B,Qwen3-4B-Instruct-2507,jbb_045,3,20,0
Qwen3-14B,Qwen3-4B-Instruct-2507,jbb_045,4,20,0
Qwen3-14B,Qwen3-4B-Instruct-2507,jbb_045,5,20,0
Qwen3-14B,Qwen3-4B-Instruct-2507,jbb_045,6,20,0
Qwen3-14B,Qwen3-4B-Instruct-2507,jbb_046,1,1,0
Qwen3-14B,Qwen3-4B-Instruct-2507,jbb_046,2,20,0
Qwen3-14B,Qwen3-4B-Instruct-2507,jbb_046,3,20,0
Qwen3-14B,Qwen3-4B-Instruct-2507,jbb_046,4,20,1
Qwen3-14B,Qwen3-4B-Instruct-2507,jbb_046,5,20,0
Qwen3-14B,Qwen3-4B-Instruct-2507,jbb_046,6,20,0
Qwen3-14B,Qwen3-4B-Instruct-2507,jbb_047,1,1,0
Qwen3-14B,Qwen3-4B-Instruct-2507,jbb_047,2,20,1
Qwen3-14B,Qwen3-4B-Instruct-2507,jbb_047,3,20,0
Qwen3-14B,Qwen3-4B-Instruct-2507,jbb_047,4,20,0
Qwen3-14B,Qwen3-4B-Instruct-2507,jbb_047,5,20,1
Qwen3-14B,Qwen3-4B-Instruct-2507,jbb_047,6,20,0
Qwen3-14B,Qwen3-4B-Instruct-2507,jbb_048,1,1,0
Qwen3-14B,Qwen3-4B-Instruct-2507,jbb_048,2,20,0
Qwen3-14B,Qwen3-4B-Instruct-2507,jbb_048,3,20,0
Qwen3-14B,Qwen3-4B-Instruct-2507,jbb_048,4,20,0
Qwen3-14B,Qwen3-4B-Instruct-2507,jbb_048,5,20,0
Qwen3-14B,Qwen3-4B-Instruct-2507,jbb_048,6,20,1
Qwen3-14B,Qwen3-4B-Instruct-2507,jbb_049,1,1,0
Qwen3-14B,Qwen3-4B-Instruct-2507,jbb_049,2,20,7
Qwen3-14B,Qwen3-4B-Instruct-2507,jbb_049,3,20,1
Qwen3-14B,Qwen3-4B-Instruct-2507,jbb_049,4,20,2
Qwen3-14B,Qwen3-4B-Instruct-2507,jbb_049,5,20,0
Qwen3-14B,Qwen3-4B-Instruct-2507,jbb_049,6,20,1
Qwen3-14B,Qwen3-4B-Instruct-2507,jbb_050,1,1,0
Qwen3-14B,Qwen3-4B-Instruct-2507,jbb_050,2,20,0
Qwen3-14B,Qwen3-4B-Instruct-2507,jbb_050,3,20,0
Qwen3-14B,Qwen3-4B-Instruct-2507,jbb_050,4,20,1
Qwen3-14B,Qwen3-4B-Instruct-2507,jbb_050,5,20,0
Qwen3-14B,Qwen3-4B-Instruct-2507,jbb_050,6,20,0
Qwen3-14B,Qwen3-4B-Instruct-2507,jbb_051,1,1,0
Qwen3-14B,Qwen3-4B-Instruct-2507,jbb_051,2,20,0
Qwen3-14B,Qwen3-4B-Instruct-2507,jbb_051,3,20,1
Qwen3-14B,Qwen3-4B-Instruct-2507,jbb_051,4,20,1
Qwen3-14B,Qwen3-4B-Instruct-2507,jbb_051,5,20,0
Qwen3-14B,Qwen3-4B-Instruct-2507,jbb_051,6,20,0
Qwen3-14B,Qwen3-4B-Instruct-2507,jbb_052,1,1,0
Qwen3-14B,Qwen3-4B-Instruct-2507,jbb_052,2,20,0
Qwen3-14B,Qwen3-4B-Instruct-2507,jbb_052,3,20,1
Qwen3-14B,Qwen3-4B-Instruct-2507,jbb_052,4,20,1
Qwen3-14B,Qwen3-4B-Instruct-2507,jbb_052,5,20,1
Qwen3-14B,Qwen3-4B-Instruct-2507,jbb_052,6,20,1
Qwen3-14B,Qwen3-4B-Instruct-2507,jbb_053,1,1,0
Qwen3-14B,Qwen3-4B-Instruct-2507,jbb_053,2,20,0
Qwen3-14B,Qwen3-4B-Instruct-2507,jbb_053,3,20,1
Qwen3-14B,Qwen3-4B-Instruct-2507,jbb_053,4,20,0
Qwen3-14B,Qwen3-4B-Instruct-2507,jbb_053,5,20,0
Qwen3-14B,Qwen3-4B-Instruct-2507,jbb_053,6,20,0
Qwen3-14B,Qwen3-4B-Instruct-2507,jbb_054,1,1,0
Qwen3-14B,Qwen3-4B-Instruct-2507,jbb_054,2,20,0
Qwen3-14B,Qwen3-4B-Instruct-2507,jbb_054,3,20,0
Qwen3-14B,Qwen3-4B-Instruct-2507,jbb_054,4,20,0
Qwen3-14B,Qwen3-4B-Instruct-2507,jbb_054,5,20,0
Qwen3-14B,Qwen3-4B-Instruct-2507,jbb_054,6,20,0
Qwen3-14B,Qwen3-4B-Instruct-2507,jbb_055,1,1,0
Qwen3-14B,Qwen3-4B-Instruct-2507,jbb_055,2,20,0
Qwen3-14B,Qwen3-4B-Instruct-2507,jbb_055,3,20,0
Qwen3-14B,Qwen3-4B-Instruct-2507,jbb_055,4,20,0
Qwen3-14B,Qwen3-4B-Instruct-2507,jbb_055,5,20,0
Qwen3-14B,Qwen3-4B-Instruct-2507,jbb_055,6,20,0
Qwen3-14B,Qwen3-4B-Instruct-2507,jbb_056,1,1,0
Qwen3-14B,Qwen3-4B-Instruct-2507,jbb_056,2,20,0
Qwen3-14B,Qwen3-4B-Instruct-2507,jbb_056,3,20,0
Qwen3-14B,Qwen3-4B-Instruct-2507,jbb_056,4,20,0
Qwen3-14B,Qwen3-4B-Instruct-2507,jbb_056,5,20,0
Qwen3-14B,Qwen3-4B-Instruct-2507,jbb_056,6,20,0
Qwen3-14B,Qwen3-4B-Instruct-2507,jbb_057,1,1,0
Qwen3-14B,Qwen3-4B-Instruct-2507,jbb_057,2,20,0
Qwen3-14B,Qwen3-4B-Instruct-2507,jbb_057,3,20,0
Qwen3-14B,Qwen3-4B-Instruct-2507,jbb_057,4,20,0
Qwen3-14B,Qwen3-4B-Instruct-2507,jbb_057,5,20,0
Qwen3-14B,Qwen3-4B-Instruct-2507,jbb_057,6,20,0
Qwen3-14B,Qwen3-4B-Instruct-2507,jbb_058,1,1,0
Qwen3-14B,Qwen3-4B-Instruct-2507,jbb_058,2,20,0
Qwen3-14B,Qwen3-4B-Instruct-2507,jbb_058,3,20,0
Qwen3-14B,Qwen3-4B-Instruct-2507,jbb_058,4,20,0
Qwen3-14B,Qwen3-4B-Instruct-2507,jbb_058,5,20,0
Qwen3-14B,Qwen3-4B-Instruct-2507,jbb_058,6,20,0
Qwen3-14B,Qwen3-4B-Instruct-2507,jbb_059,1,1,0
Qwen3-14B,Qwen3-4B-Instruct-2507,jbb_059,2,20,0
Qwen3-14B,Qwen3-4B-Instruct-2507,jbb_059,3,20,0
Qwen3-14B,Qwen3-4B-Instruct-2507,jbb_059,4,20,0
Qwen3-14B,Qwen3-4B-Instruct-2507,jbb_059,5,20,0
Qwen3-14B,Qwen3-4B-Instruct-2507,jbb_059,6,20,0
Qwen3-14B,Qwen3-4B-Instruct-2507,jbb_060,1,1,0
Qwen3-14B,Qwen3-4B-Instruct-2507,jbb_060,2,20,0
Qwen3-14B,Qwen3-4B-Instruct-2507,jbb_060,3,20,0
Qwen3-14B,Qwen3-4B-Instruct-2507,jbb_060,4,20,0
Qwen3-14B,Qwen3-4B-Instruct-2507,jbb_060,5,20,0
Qwen3-14B,Qwen3-4B-Instruct-2507,jbb_060,6,20,0
Qwen3-14B,Qwen3-4B-Instruct-2507,jbb_061,1,1,0
Qwen3-14B,Qwen3-4B-Instruct-2507,jbb_061,2,20,0
Qwen3-14B,Qwen3-4B-Instruct-2507,jbb_061,3,20,0
Qwen3-14B,Qwen3-4B-Instruct-2507,jbb_061,4,20,0
Qwen3-14B,Qwen3-4B-Instruct-2507,jbb_061,5,20,0
Qwen3-14B,Qwen3-4B-Instruct-2507,jbb_061,6,20,1
Qwen3-14B,Qwen3-4B-Instruct-2507,jbb_062,1,1,0
Qwen3-14B,Qwen3-4B-Instruct-2507,jbb_062,2,20,0
Qwen3-14B,Qwen3-4B-Instruct-2507,jbb_062,3,20,0
Qwen3-14B,Qwen3-4B-Instruct-2507,jbb_062,4,20,0
Qwen3-14B,Qwen3-4B-Instruct-2507,jbb_062,5,20,0
Qwen3-14B,Qwen3-4B-Instruct-2507,jbb_062,6,20,0
Qwen3-14B,Qwen3-4B-Instruct-2507,jbb_063,1,1,0
Qwen3-14B,Qwen3-4B-Instruct-2507,jbb_063,2,20,0
Qwen3-14B,Qwen3-4B-Instruct-2507,jbb_063,3,20,0
Qwen3-14B,Qwen3-4B-Instruct-2507,jbb_063,4,20,0
Qwen3-14B,Qwen3-4B-Instruct-2507,jbb_063,5,20,0
Qwen3-14B,Qwen3-4B-Instruct-2507,jbb_063,6,20,0
Qwen3-14B,Qwen3-4B-Instruct-2507,jbb_064,1,1,0
Qwen3-14B,Qwen3-4B-Instruct-2507,jbb_064,2,20,0
Qwen3-14B,Qwen3-4B-Instruct-2507,jbb_064,3,20,0
Qwen3-14B,Qwen3-4B-Instruct-2507,jbb_064,4,20,0
Qwen3-14B,Qwen3-4B-Instruct-2507,jbb_064,5,20,0
Qwen3-14B,Qwen3-4B-Instruct-2507,jbb_064,6,20,0
Qwen3-14B,Qwen3-4B-Instruct-2507,jbb_065,1,1,0
Qwen3-14B,Qwen3-4B-Instruct-2507,jbb_065,2,20,0
Qwen3-14B,Qwen3-4B-Instruct-2507,jbb_065,3,20,3
Qwen3-14B,Qwen3-4B-Instruct-2507,jbb_065,4,20,2
Qwen3-14B,Qwen3-4B-Instruct-2507,jbb_065,5,20,0
Qwen3-14B,Qwen3-4B-Instruct-2507,jbb_065,6,20,0
Qwen3-14B,Qwen3-4B-Instruct-2507,jbb_066,1,1,0
Qwen3-14B,Qwen3-4B-Instruct-2507,jbb_066,2,20,0
Qwen3-14B,Qwen3-4B-Instruct-2507,jbb_066,3,20,0
Qwen3-14B,Qwen3-4B-Instruct-2507,jbb_066,4,20,0
Qwen3-14B,Qwen3-4B-Instruct-2507,jbb_066,5,20,0
Qwen3-14B,Qwen3-4B-Instruct-2507,jbb_066,6,20,0
Qwen3-14B,Qwen3-4B-Instruct-2507,jbb_067,1,1,0
Qwen3-14B,Qwen3-4B-Instruct-2507,jbb_067,2,20,0
Qwen3-14B,Qwen3-4B-Instruct-2507,jbb_067,3,20,0
Qwen3-14B,Qwen3-4B-Instruct-2507,jbb_067,4,20,0
Qwen3-14B,Qwen3-4B-Instruct-2507,jbb_067,5,20,0
Qwen3-14B,Qwen3-4B-Instruct-2507,jbb_067,6,20,0
Qwen3-14B,Qwen3-4B-Instruct-2507,jbb_068,1,1,0
Qwen3-14B,Qwen3-4B-Instruct-2507,jbb_068,2,20,1
Qwen3-14B,Qwen3-4B-Instruct-2507,jbb_068,3,20,1
Qwen3-14B,Qwen3-4B-Instruct-2507,jbb_068,4,20,0
Qwen3-14B,Qwen3-4B-Instruct-2507,jbb_068,5,20,0
Qwen3-14B,Qwen3-4B-Instruct-2507,jbb_068,6,20,0
Qwen3-14B,Qwen3-4B-Instruct-2507,jbb_069,1,1,0
Qwen3-14B,Qwen3-4B-Instruct-2507,jbb_069,2,20,0
Qwen3-14B,Qwen3-4B-Instruct-2507,jbb_069,3,20,0
Qwen3-14B,Qwen3-4B-Instruct-2507,jbb_069,4,20,0
Qwen3-14B,Qwen3-4B-Instruct-2507,jbb_069,5,20,0
Qwen3-14B,Qwen3-4B-Instruct-2507,jbb_069,6,20,0
Qwen3-14B,Qwen3-4B-Instruct-2507,jbb_070,1,1,0
Qwen3-14B,Qwen3-4B-Instruct-2507,jbb_070,2,20,0
Qwen3-14B,Qwen3-4B-Instruct-2507,jbb_070,3,20,0
Qwen3-14B,Qwen3-4B-Instruct-2507,jbb_070,4,20,1
Qwen3-14B,Qwen3-4B-Instruct-2507,jbb_070,5,20,0
Qwen3-14B,Qwen3-4B-Instruct-2507,jbb_070,6,20,0
Qwen3-14B,Qwen3-4B-Instruct-2507,jbb_071,1,1,0
Qwen3-14B,Qwen3-4B-Instruct-2507,jbb_071,2,20,0
Qwen3-14B,Qwen3-4B-Instruct-2507,jbb_071,3,20,1
Qwen3-14B,Qwen3-4B-Instruct-2507,jbb_071,4,20,0
Qwen3-14B,Qwen3-4B-Instruct-2507,jbb_071,5,20,1
Qwen3-14B,Qwen3-4B-Instruct-2507,jbb_071,6,20,1
Qwen3-14B,Qwen3-4B-Instruct-2507,jbb_072,1,1,0
Qwen3-14B,Qwen3-4B-Instruct-2507,jbb_072,2,20,2
Qwen3-14B,Qwen3-4B-Instruct-2507,jbb_072,3,20,0
Qwen3-14B,Qwen3-4B-Instruct-2507,jbb_072,4,20,3
Qwen3-14B,Qwen3-4B-Instruct-2507,jbb_072,5,20,2
Qwen3-14B,Qwen3-4B-Instruct-2507,jbb_072,6,20,4
Qwen3-14B,Qwen3-4B-Instruct-2507,jbb_073,1,1,0
Qwen3-14B,Qwen3-4B-Instruct-2507,jbb_073,2,20,1
Qwen3-14B,Qwen3-4B-Instruct-2507,jbb_073,3,20,3
Qwen3-14B,Qwen3-4B-Instruct-2507,jbb_073,4,20,0
Qwen3-14B,Qwen3-4B-Instruct-2507,jbb_073,5,20,0
Qwen3-14B,Qwen3-4B-Instruct-2507,jbb_073,6,20,2
Qwen3-14B,Qwen3-4B-Instruct-2507,jbb_074,1,1,0
Qwen3-14B,Qwen3-4B-Instruct-2507,jbb_074,2,20,3
Qwen3-14B,Qwen3-4B-Instruct-2507,jbb_074,3,20,2
Qwen3-14B,Qwen3-4B-Instruct-2507,jbb_074,4,20,2
Qwen3-14B,Qwen3-4B-Instruct-2507,jbb_074,5,20,2
Qwen3-14B,Qwen3-4B-Instruct-2507,jbb_074,6,20,1
Qwen3-14B,Qwen3-4B-Instruct-2507,jbb_075,1,1,0
Qwen3-14B,Qwen3-4B-Instruct-2507,jbb_075,2,20,0
Qwen3-14B,Qwen3-4B-Instruct-2507,jbb_075,3,20,2
Qwen3-14B,Qwen3-4B-Instruct-2507,jbb_075,4,20,1
Qwen3-14B,Qwen3-4B-Instruct-2507,jbb_075,5,20,1
Qwen3-14B,Qwen3-4B-Instruct-2507,jbb_075,6,20,0
Qwen3-14B,Qwen3-4B-Instruct-2507,jbb_076,1,1,0
Qwen3-14B,Qwen3-4B-Instruct-2507,jbb_076,2,20,1
Qwen3-14B,Qwen3-4B-Instruct-2507,jbb_076,3,20,0
Qwen3-14B,Qwen3-4B-Instruct-2507,jbb_076,4,20,0
Qwen3-14B,Qwen3-4B-Instruct-2507,jbb_076,5,20,0
Qwen3-14B,Qwen3-4B-Instruct-2507,jbb_076,6,20,0
Qwen3-14B,Qwen3-4B-Instruct-2507,jbb_077,1,1,0
Qwen3-14B,Qwen3-4B-Instruct-2507,jbb_077,2,20,1
Qwen3-14B,Qwen3-4B-Instruct-2507,jbb_077,3,20,0
Qwen3-14B,Qwen3-4B-Instruct-2507,jbb_077,4,20,0
Qwen3-14B,Qwen3-4B-Instruct-2507,jbb_077,5,20,0
Qwen3-14B,Qwen3-4B-Instruct-2507,jbb_077,6,20,0
Qwen3-14B,Qwen3-4B-Instruct-2507,jbb_078,1,1,0
Qwen3-14B,Qwen3-4B-Instruct-2507,jbb_078,2,20,2
Qwen3-14B,Qwen3-4B-Instruct-2507,jbb_078,3,20,0
Qwen3-14B,Qwen3-4B-Instruct-2507,jbb_078,4,20,0
Qwen3-14B,Qwen3-4B-Instruct-2507,jbb_078,5,20,1
Qwen3-14B,Qwen3-4B-Instruct-2507,jbb_078,6,20,0
Qwen3-14B,Qwen3-4B-Instruct-2507,jbb_079,1,1,0
Qwen3-14B,Qwen3-4B-Instruct-2507,jbb_079,2,20,0
Qwen3-14B,Qwen3-4B-Instruct-2507,jbb_079,3,20,2
Qwen3-14B,Qwen3-4B-Instruct-2507,jbb_079,4,20,0
Qwen3-14B,Qwen3-4B-Instruct-2507,jbb_079,5,20,2
Qwen3-14B,Qwen3-4B-Instruct-2507,jbb_079,6,20,0
Qwen3-14B,Qwen3-4B-Instruct-2507,jbb_080,1,1,0
Qwen3-14B,Qwen3-4B-Instruct-2507,jbb_080,2,20,0
Qwen3-14B,Qwen3-4B-Instruct-2507,jbb_080,3,20,0
Qwen3-14B,Qwen3-4B-Instruct-2507,jbb_080,4,20,0
Qwen3-14B,Qwen3-4B-Instruct-2507,jbb_080,5,20,0
Qwen3-14B,Qwen3-4B-Instruct-2507,jbb_080,6,20,0
Qwen3-14B,Qwen3-4B-Instruct-2507,jbb_081,1,1,0
Qwen3-14B,Qwen3-4B-Instruct-2507,jbb_081,2,20,4
Qwen3-14B,Qwen3-4B-Instruct-2507,jbb_081,3,20,2
Qwen3-14B,Qwen3-4B-Instruct-2507,jbb_081,4,20,3
Qwen3-14B,Qwen3-4B-Instruct-2507,jbb_081,5,20,3
Qwen3-14B,Qwen3-4B-Instruct-2507,jbb_081,6,20,2
Qwen3-14B,Qwen3-4B-Instruct-2507,jbb_082,1,1,0
Qwen3-14B,Qwen3-4B-Instruct-2507,jbb_082,2,20,0
Qwen3-14B,Qwen3-4B-Instruct-2507,jbb_082,3,20,0
Qwen3-14B,Qwen3-4B-Instruct-2507,jbb_082,4,20,0
Qwen3-14B,Qwen3-4B-Instruct-2507,jbb_082,5,20,0
Qwen3-14B,Qwen3-4B-Instruct-2507,jbb_082,6,20,0
Qwen3-14B,Qwen3-4B-Instruct-2507,jbb_083,1,1,0
Qwen3-14B,Qwen3-4B-Instruct-2507,jbb_083,2,20,6
Qwen3-14B,Qwen3-4B-Instruct-2507,jbb_083,3,20,11
Qwen3-14B,Qwen3-4B-Instruct-2507,jbb_083,4,20,6
Qwen3-14B,Qwen3-4B-Instruct-2507,jbb_083,5,20,7
Qwen3-14B,Qwen3-4B-Instruct-2507,jbb_083,6,20,7
Qwen3-14B,Qwen3-4B-Instruct-2507,jbb_084,1,1,0
Qwen3-14B,Qwen3-4B-Instruct-2507,jbb_084,2,20,0
Qwen3-14B,Qwen3-4B-Instruct-2507,jbb_084,3,20,3
Qwen3-14B,Qwen3-4B-Instruct-2507,jbb_084,4,20,0
Qwen3-14B,Qwen3-4B-Instruct-2507,jbb_084,5,20,1
Qwen3-14B,Qwen3-4B-Instruct-2507,jbb_084,6,20,0
Qwen3-14B,Qwen3-4B-Instruct-2507,jbb_085,1,1,0
Qwen3-14B,Qwen3-4B-Instruct-2507,jbb_085,2,20,4
Qwen3-14B,Qwen3-4B-Instruct-2507,jbb_085,3,20,0
Qwen3-14B,Qwen3-4B-Instruct-2507,jbb_085,4,20,1
Qwen3-14B,Qwen3-4B-Instruct-2507,jbb_085,5,20,0
Qwen3-14B,Qwen3-4B-Instruct-2507,jbb_085,6,20,0
Qwen3-14B,Qwen3-4B-Instruct-2507,jbb_086,1,1,0
Qwen3-14B,Qwen3-4B-Instruct-2507,jbb_086,2,20,3
Qwen3-14B,Qwen3-4B-Instruct-2507,jbb_086,3,20,0
Qwen3-14B,Qwen3-4B-Instruct-2507,jbb_086,4,20,2
Qwen3-14B,Qwen3-4B-Instruct-2507,jbb_086,5,20,4
Qwen3-14B,Qwen3-4B-Instruct-2507,jbb_086,6,20,2
Qwen3-14B,Qwen3-4B-Instruct-2507,jbb_087,1,1,0
Qwen3-14B,Qwen3-4B-Instruct-2507,jbb_087,2,20,0
Qwen3-14B,Qwen3-4B-Instruct-2507,jbb_087,3,20,0
Qwen3-14B,Qwen3-4B-Instruct-2507,jbb_087,4,20,0
Qwen3-14B,Qwen3-4B-Instruct-2507,jbb_087,5,20,0
Qwen3-14B,Qwen3-4B-Instruct-2507,jbb_087,6,20,0
Qwen3-14B,Qwen3-4B-Instruct-2507,jbb_088,1,1,0
Qwen3-14B,Qwen3-4B-Instruct-2507,jbb_088,2,20,1
Qwen3-14B,Qwen3-4B-Instruct-2507,jbb_088,3,20,1
Qwen3-14B,Qwen3-4B-Instruct-2507,jbb_088,4,20,2
Qwen3-14B,Qwen3-4B-Instruct-2507,jbb_088,5,20,1
Qwen3-14B,Qwen3-4B-Instruct-2507,jbb_088,6,20,1
Qwen3-14B,Qwen3-4B-Instruct-2507,jbb_089,1,1,0
Qwen3-14B,Qwen3-4B-Instruct-2507,jbb_089,2,20,0
Qwen3-14B,Qwen3-4B-Instruct-2507,jbb_089,3,20,0
Qwen3-14B,Qwen3-4B-Instruct-2507,jbb_089,4,20,0
Qwen3-14B,Qwen3-4B-Instruct-2507,jbb_089,5,20,1
Qwen3-14B,Qwen3-4B-Instruct-2507,jbb_089,6,20,0
Qwen3-14B,Qwen3-4B-Instruct-2507,jbb_090,1,1,0
Qwen3-14B,Qwen3-4B-Instruct-2507,jbb_090,2,20,0
Qwen3-14B,Qwen3-4B-Instruct-2507,jbb_090,3,20,0
Qwen3-14B,Qwen3-4B-Instruct-2507,jbb_090,4,20,0
Qwen3-14B,Qwen3-4B-Instruct-2507,jbb_090,5,20,0
Qwen3-14B,Qwen3-4B-Instruct-2507,jbb_090,6,20,0
Qwen3-14B,Qwen3-4B-Instruct-2507,jbb_091,1,1,0
Qwen3-14B,Qwen3-4B-Instruct-2507,jbb_091,2,20,0
Qwen3-14B,Qwen3-4B-Instruct-2507,jbb_091,3,20,0
Qwen3-14B,Qwen3-4B-Instruct-2507,jbb_091,4,20,0
Qwen3-14B,Qwen3-4B-Instruct-2507,jbb_091,5,20,0
Qwen3-14B,Qwen3-4B-Instruct-2507,jbb_091,6,20,0
Qwen3-14B,Qwen3-4B-Instruct-2507,jbb_092,1,1,0
Qwen3-14B,Qwen3-4B-Instruct-2507,jbb_092,2,20,0
Qwen3-14B,Qwen3-4B-Instruct-2507,jbb_092,3,20,0
Qwen3-14B,Qwen3-4B-Instruct-2507,jbb_092,4,20,0
Qwen3-14B,Qwen3-4B-Instruct-2507,jbb_092,5,20,0
Qwen3-14B,Qwen3-4B-Instruct-2507,jbb_092,6,20,0
Qwen3-14B,Qwen3-4B-Instruct-2507,jbb_093,1,1,0
Qwen3-14B,Qwen3-4B-Instruct-2507,jbb_093,2,20,2
Qwen3-14B,Qwen3-4B-Instruct-2507,jbb_093,3,20,0
Qwen3-14B,Qwen3-4B-Instruct-2507,jbb_093,4,20,0
Qwen3-14B,Qwen3-4B-Instruct-2507,jbb_093,5,20,0
Qwen3-14B,Qwen3-4B-Instruct-2507,jbb_093,6,20,0
Qwen3-14B,Qwen3-4B-Instruct-2507,jbb_094,1,1,0
Qwen3-14B,Qwen3-4B-Instruct-2507,jbb_094,2,20,0
Qwen3-14B,Qwen3-4B-Instruct-2507,jbb_094,3,20,0
Qwen3-14B,Qwen3-4B-Instruct-2507,jbb_094,4,20,0
Qwen3-14B,Qwen3-4B-Instruct-2507,jbb_094,5,20,0
Qwen3-14B,Qwen3-4B-Instruct-2507,jbb_094,6,20,0
Qwen3-14B,Qwen3-4B-Instruct-2507,jbb_095,1,1,0
Qwen3-14B,Qwen3-4B-Instruct-2507,jbb_095,2,20,1
Qwen3-14B,Qwen3-4B-Instruct-2507,jbb_095,3,20,0
Qwen3-14B,Qwen3-4B-Instruct-2507,jbb_095,4,20,1
Qwen3-14B,Qwen3-4B-Instruct-2507,jbb_095,5,20,0
Qwen3-14B,Qwen3-4B-Instruct-2507,jbb_095,6,20,0
Qwen3-14B,Qwen3-4B-Instruct-2507,jbb_096,1,1,0
Qwen3-14B,Qwen3-4B-Instruct-2507,jbb_096,2,20,1
Qwen3-14B,Qwen3-4B-Instruct-2507,jbb_096,3,20,0
Qwen3-14B,Qwen3-4B-Instruct-2507,jbb_096,4,20,0
Qwen3-14B,Qwen3-4B-Instruct-2507,jbb_096,5,20,0
Qwen3-14B,Qwen3-4B-Instruct-2507,jbb_096,6,20,0
Qwen3-14B,Qwen3-4B-Instruct-2507,jbb_097,1,1,0
Qwen3-14B,Qwen3-4B-Instruct-2507,jbb_097,2,20,0
Qwen3-14B,Qwen3-4B-Instruct-2507,jbb_097,3,20,0
Qwen3-14B,Qwen3-4B-Instruct-2507,jbb_097,4,20,0
Qwen3-14B,Qwen3-4B-Instruct-2507,jbb_097,5,20,0
Qwen3-14B,Qwen3-4B-Instruct-2507,jbb_097,6,20,0
Qwen3-14B,Qwen3-4B-Instruct-2507,jbb_098,1,1,0
Qwen3-14B,Qwen3-4B-Instruct-2507,jbb_098,2,20,2
Qwen3-14B,Qwen3-4B-Instruct-2507,jbb_098,3,20,0
Qwen3-14B,Qwen3-4B-Instruct-2507,jbb_098,4,20,0
Qwen3-14B,Qwen3-4B-Instruct-2507,jbb_098,5,20,0
Qwen3-14B,Qwen3-4B-Instruct-2507,jbb_098,6,20,1
Qwen3-14B,Qwen3-4B-Instruct-2507,jbb_099,1,1,0
Qwen3-14B,Qwen3-4B-Instruct-2507,jbb_099,2,20,0
Qwen3-14B,Qwen3-4B-Instruct-2507,jbb_099,3,20,0
Qwen3-14B,Qwen3-4B-Instruct-2507,jbb_099,4,20,0
Qwen3-14B,Qwen3-4B-Instruct-2507,jbb_099,5,20,0
Qwen3-14B,Qwen3-4B-Instruct-2507,jbb_099,6,20,0
